nom_voltage,nom_temperature,nom_process,related_pin A1,related_pin A2,related_pin A3,timing_type combinational,timing_sense positive_unate,cell_rise,rise_transition,cell_fall,fall_transition,output_load,input_slope,value
0.850000,125.000000,1.01,1,0,0,1,1,1,0,0,0,0.016,0.1,0.0497117
0.850000,125.000000,1.01,1,0,0,1,1,1,0,0,0,0.032,0.1,0.0509074
0.850000,125.000000,1.01,1,0,0,1,1,1,0,0,0,0.064,0.1,0.0522157
0.850000,125.000000,1.01,1,0,0,1,1,1,0,0,0,0.128,0.1,0.0547864
0.850000,125.000000,1.01,1,0,0,1,1,1,0,0,0,0.256,0.1,0.0596554
0.850000,125.000000,1.01,1,0,0,1,1,1,0,0,0,0.512,0.1,0.0682834
0.850000,125.000000,1.01,1,0,0,1,1,1,0,0,0,1.024,0.1,0.0837785
0.850000,125.000000,1.01,1,0,0,1,1,1,0,0,0,0.016,1, 0.0517441
0.850000,125.000000,1.01,1,0,0,1,1,1,0,0,0,0.032,1,0.0529203
0.850000,125.000000,1.01,1,0,0,1,1,1,0,0,0,0.064,1,0.0542720
0.850000,125.000000,1.01,1,0,0,1,1,1,0,0,0,0.128,1,0.0567247
0.850000,125.000000,1.01,1,0,0,1,1,1,0,0,0,0.256,1,0.0614936
0.850000,125.000000,1.01,1,0,0,1,1,1,0,0,0,0.512,1,0.0701190
0.850000,125.000000,1.01,1,0,0,1,1,1,0,0,0,1.024,1,0.0855239
0.850000,125.000000,1.01,1,0,0,1,1,1,0,0,0,0.016,2, 0.0556301
0.850000,125.000000,1.01,1,0,0,1,1,1,0,0,0,0.032,2,0.0567669
0.850000,125.000000,1.01,1,0,0,1,1,1,0,0,0,0.064,2,0.0578893
0.850000,125.000000,1.01,1,0,0,1,1,1,0,0,0,0.128,2,0.0603336
0.850000,125.000000,1.01,1,0,0,1,1,1,0,0,0,0.256,2,0.0649671
0.850000,125.000000,1.01,1,0,0,1,1,1,0,0,0,0.512,2,0.0733522
0.850000,125.000000,1.01,1,0,0,1,1,1,0,0,0,1.024,2,0.0884567
0.850000,125.000000,1.01,1,0,0,1,1,1,0,0,0,0.016,4, 0.0575783
0.850000,125.000000,1.01,1,0,0,1,1,1,0,0,0,0.032,4,0.0587385
0.850000,125.000000,1.01,1,0,0,1,1,1,0,0,0,0.064,4,0.0600135
0.850000,125.000000,1.01,1,0,0,1,1,1,0,0,0,0.128,4,0.0625016
0.850000,125.000000,1.01,1,0,0,1,1,1,0,0,0,0.256,4,0.0674269
0.850000,125.000000,1.01,1,0,0,1,1,1,0,0,0,0.512,4,0.0757775
0.850000,125.000000,1.01,1,0,0,1,1,1,0,0,0,1.024,4,0.0909031
0.850000,125.000000,1.01,1,0,0,1,1,1,0,0,0,0.016,8, 0.0522980
0.850000,125.000000,1.01,1,0,0,1,1,1,0,0,0,0.032,8,0.0535316
0.850000,125.000000,1.01,1,0,0,1,1,1,0,0,0,0.064,8,0.0548881
0.850000,125.000000,1.01,1,0,0,1,1,1,0,0,0,0.128,8,0.0579306
0.850000,125.000000,1.01,1,0,0,1,1,1,0,0,0,0.256,8,0.0629257
0.850000,125.000000,1.01,1,0,0,1,1,1,0,0,0,0.512,8,0.0720922
0.850000,125.000000,1.01,1,0,0,1,1,1,0,0,0,1.024,8,0.0887479
0.850000,125.000000,1.01,1,0,0,1,1,1,0,0,0,0.016,16, 0.0302585
0.850000,125.000000,1.01,1,0,0,1,1,1,0,0,0,0.032,16,0.0316120
0.850000,125.000000,1.01,1,0,0,1,1,1,0,0,0,0.064,16,0.0331158
0.850000,125.000000,1.01,1,0,0,1,1,1,0,0,0,0.128,16,0.0360708
0.850000,125.000000,1.01,1,0,0,1,1,1,0,0,0,0.256,16,0.0416778
0.850000,125.000000,1.01,1,0,0,1,1,1,0,0,0,0.512,16,0.0528635
0.850000,125.000000,1.01,1,0,0,1,1,1,0,0,0,1.024,16,0.0712814
0.850000,125.000000,1.01,1,0,0,1,1,1,0,0,0,0.016,32, -0.0291253
0.850000,125.000000,1.01,1,0,0,1,1,1,0,0,0,0.032,32,-0.0276336
0.850000,125.000000,1.01,1,0,0,1,1,1,0,0,0,0.064,32,-0.0259684
0.850000,125.000000,1.01,1,0,0,1,1,1,0,0,0,0.128,32,-0.0226419
0.850000,125.000000,1.01,1,0,0,1,1,1,0,0,0,0.256,32,-0.0161319
0.850000,125.000000,1.01,1,0,0,1,1,1,0,0,0,0.512,32,-0.0037323
0.850000,125.000000,1.01,1,0,0,1,1,1,0,0,0,1.024,32,0.0184168
0.850000,125.000000,1.01,1,0,0,1,1,0,1,0,0,0.016,0.1,0.0387401
0.850000,125.000000,1.01,1,0,0,1,1,0,1,0,0,0.032,0.1,0.0397038
0.850000,125.000000,1.01,1,0,0,1,1,0,1,0,0,0.064,0.1,0.0404346
0.850000,125.000000,1.01,1,0,0,1,1,0,1,0,0,0.128,0.1,0.0421098
0.850000,125.000000,1.01,1,0,0,1,1,0,1,0,0,0.256,0.1,0.0456595
0.850000,125.000000,1.01,1,0,0,1,1,0,1,0,0,0.512,0.1,0.0538683
0.850000,125.000000,1.01,1,0,0,1,1,0,1,0,0,1.024,0.1,0.0710625
0.850000,125.000000,1.01,1,0,0,1,1,0,1,0,0,0.016,1, 0.0391872
0.850000,125.000000,1.01,1,0,0,1,1,0,1,0,0,0.032,1,0.0396548
0.850000,125.000000,1.01,1,0,0,1,1,0,1,0,0,0.064,1,0.0406312
0.850000,125.000000,1.01,1,0,0,1,1,0,1,0,0,0.128,1,0.0423614
0.850000,125.000000,1.01,1,0,0,1,1,0,1,0,0,0.256,1,0.0459767
0.850000,125.000000,1.01,1,0,0,1,1,0,1,0,0,0.512,1,0.0541115
0.850000,125.000000,1.01,1,0,0,1,1,0,1,0,0,1.024,1,0.0714763
0.850000,125.000000,1.01,1,0,0,1,1,0,1,0,0,0.016,2, 0.0436481
0.850000,125.000000,1.01,1,0,0,1,1,0,1,0,0,0.032,2,0.0442753
0.850000,125.000000,1.01,1,0,0,1,1,0,1,0,0,0.064,2,0.0449352
0.850000,125.000000,1.01,1,0,0,1,1,0,1,0,0,0.128,2,0.0464044
0.850000,125.000000,1.01,1,0,0,1,1,0,1,0,0,0.256,2,0.0497344
0.850000,125.000000,1.01,1,0,0,1,1,0,1,0,0,0.512,2,0.0572238
0.850000,125.000000,1.01,1,0,0,1,1,0,1,0,0,1.024,2,0.0738502
0.850000,125.000000,1.01,1,0,0,1,1,0,1,0,0,0.016,4, 0.0550865
0.850000,125.000000,1.01,1,0,0,1,1,0,1,0,0,0.032,4,0.0554837
0.850000,125.000000,1.01,1,0,0,1,1,0,1,0,0,0.064,4,0.0561534
0.850000,125.000000,1.01,1,0,0,1,1,0,1,0,0,0.128,4,0.0574956
0.850000,125.000000,1.01,1,0,0,1,1,0,1,0,0,0.256,4,0.0606793
0.850000,125.000000,1.01,1,0,0,1,1,0,1,0,0,0.512,4,0.0670432
0.850000,125.000000,1.01,1,0,0,1,1,0,1,0,0,1.024,4,0.0817603
0.850000,125.000000,1.01,1,0,0,1,1,0,1,0,0,0.016,8, 0.0772341
0.850000,125.000000,1.01,1,0,0,1,1,0,1,0,0,0.032,8,0.0777564
0.850000,125.000000,1.01,1,0,0,1,1,0,1,0,0,0.064,8,0.0783734
0.850000,125.000000,1.01,1,0,0,1,1,0,1,0,0,0.128,8,0.0801736
0.850000,125.000000,1.01,1,0,0,1,1,0,1,0,0,0.256,8,0.0825989
0.850000,125.000000,1.01,1,0,0,1,1,0,1,0,0,0.512,8,0.0882812
0.850000,125.000000,1.01,1,0,0,1,1,0,1,0,0,1.024,8,0.1013848
0.850000,125.000000,1.01,1,0,0,1,1,0,1,0,0,0.016,16, 0.1195474
0.850000,125.000000,1.01,1,0,0,1,1,0,1,0,0,0.032,16,0.1201357
0.850000,125.000000,1.01,1,0,0,1,1,0,1,0,0,0.064,16,0.1206703
0.850000,125.000000,1.01,1,0,0,1,1,0,1,0,0,0.128,16,0.1213660
0.850000,125.000000,1.01,1,0,0,1,1,0,1,0,0,0.256,16,0.1240379
0.850000,125.000000,1.01,1,0,0,1,1,0,1,0,0,0.512,16,0.1309992
0.850000,125.000000,1.01,1,0,0,1,1,0,1,0,0,1.024,16,0.1427850
0.850000,125.000000,1.01,1,0,0,1,1,0,1,0,0,0.016,32, 0.1985970
0.850000,125.000000,1.01,1,0,0,1,1,0,1,0,0,0.032,32,0.1995589
0.850000,125.000000,1.01,1,0,0,1,1,0,1,0,0,0.064,32,0.1995589
0.850000,125.000000,1.01,1,0,0,1,1,0,1,0,0,0.128,32,0.2013443
0.850000,125.000000,1.01,1,0,0,1,1,0,1,0,0,0.256,32,0.2037768
0.850000,125.000000,1.01,1,0,0,1,1,0,1,0,0,0.512,32,0.2092985
0.850000,125.000000,1.01,1,0,0,1,1,0,1,0,0,1.024,32,0.2228519
0.850000,125.000000,1.01,1,0,0,1,1,0,0,1,0,0.016,0.1,0.0462715
0.850000,125.000000,1.01,1,0,0,1,1,0,0,1,0,0.032,0.1,0.0475360
0.850000,125.000000,1.01,1,0,0,1,1,0,0,1,0,0.064,0.1,0.0489207
0.850000,125.000000,1.01,1,0,0,1,1,0,0,1,0,0.128,0.1,0.0516491
0.850000,125.000000,1.01,1,0,0,1,1,0,0,1,0,0.256,0.1,0.0568283
0.850000,125.000000,1.01,1,0,0,1,1,0,0,1,0,0.512,0.1,0.0663394
0.850000,125.000000,1.01,1,0,0,1,1,0,0,1,0,1.024,0.1,0.0833881
0.850000,125.000000,1.01,1,0,0,1,1,0,0,1,0,0.016,1, 0.0526756
0.850000,125.000000,1.01,1,0,0,1,1,0,0,1,0,0.032,1,0.0538864
0.850000,125.000000,1.01,1,0,0,1,1,0,0,1,0,0.064,1,0.0553004
0.850000,125.000000,1.01,1,0,0,1,1,0,0,1,0,0.128,1,0.0579641
0.850000,125.000000,1.01,1,0,0,1,1,0,0,1,0,0.256,1,0.0630770
0.850000,125.000000,1.01,1,0,0,1,1,0,0,1,0,0.512,1,0.0724735
0.850000,125.000000,1.01,1,0,0,1,1,0,0,1,0,1.024,1,0.0894204
0.850000,125.000000,1.01,1,0,0,1,1,0,0,1,0,0.016,2, 0.0666719
0.850000,125.000000,1.01,1,0,0,1,1,0,0,1,0,0.032,2,0.0678824
0.850000,125.000000,1.01,1,0,0,1,1,0,0,1,0,0.064,2,0.0692372
0.850000,125.000000,1.01,1,0,0,1,1,0,0,1,0,0.128,2,0.0718098
0.850000,125.000000,1.01,1,0,0,1,1,0,0,1,0,0.256,2,0.0766966
0.850000,125.000000,1.01,1,0,0,1,1,0,0,1,0,0.512,2,0.0857555
0.850000,125.000000,1.01,1,0,0,1,1,0,0,1,0,1.024,2,0.1021974
0.850000,125.000000,1.01,1,0,0,1,1,0,0,1,0,0.016,4, 0.0892873
0.850000,125.000000,1.01,1,0,0,1,1,0,0,1,0,0.032,4,0.0905405
0.850000,125.000000,1.01,1,0,0,1,1,0,0,1,0,0.064,4,0.0919202
0.850000,125.000000,1.01,1,0,0,1,1,0,0,1,0,0.128,4,0.0946967
0.850000,125.000000,1.01,1,0,0,1,1,0,0,1,0,0.256,4,0.1000317
0.850000,125.000000,1.01,1,0,0,1,1,0,0,1,0,0.512,4,0.1097565
0.850000,125.000000,1.01,1,0,0,1,1,0,0,1,0,1.024,4,0.1272422
0.850000,125.000000,1.01,1,0,0,1,1,0,0,1,0,0.016,8, 0.1243005
0.850000,125.000000,1.01,1,0,0,1,1,0,0,1,0,0.032,8,0.1256652
0.850000,125.000000,1.01,1,0,0,1,1,0,0,1,0,0.064,8,0.1271910
0.850000,125.000000,1.01,1,0,0,1,1,0,0,1,0,0.128,8,0.1301086
0.850000,125.000000,1.01,1,0,0,1,1,0,0,1,0,0.256,8,0.1361251
0.850000,125.000000,1.01,1,0,0,1,1,0,0,1,0,0.512,8,0.1469569
0.850000,125.000000,1.01,1,0,0,1,1,0,0,1,0,1.024,8,0.1663001
0.850000,125.000000,1.01,1,0,0,1,1,0,0,1,0,0.016,16, 0.1813701
0.850000,125.000000,1.01,1,0,0,1,1,0,0,1,0,0.032,16,0.1828687
0.850000,125.000000,1.01,1,0,0,1,1,0,0,1,0,0.064,16,0.1845479
0.850000,125.000000,1.01,1,0,0,1,1,0,0,1,0,0.128,16,0.1880044
0.850000,125.000000,1.01,1,0,0,1,1,0,0,1,0,0.256,16,0.1944182
0.850000,125.000000,1.01,1,0,0,1,1,0,0,1,0,0.512,16,0.2066133
0.850000,125.000000,1.01,1,0,0,1,1,0,0,1,0,1.024,16,0.2294186
0.850000,125.000000,1.01,1,0,0,1,1,0,0,1,0,0.016,32, 0.2770038
0.850000,125.000000,1.01,1,0,0,1,1,0,0,1,0,0.032,32,0.2786851
0.850000,125.000000,1.01,1,0,0,1,1,0,0,1,0,0.064,32,0.2805018
0.850000,125.000000,1.01,1,0,0,1,1,0,0,1,0,0.128,32,0.2840611
0.850000,125.000000,1.01,1,0,0,1,1,0,0,1,0,0.256,32,0.2915952
0.850000,125.000000,1.01,1,0,0,1,1,0,0,1,0,0.512,32,0.3052988
0.850000,125.000000,1.01,1,0,0,1,1,0,0,1,0,1.024,32,0.3316024
0.850000,125.000000,1.01,1,0,0,1,1,0,0,0,1,0.016,0.1,0.0321963
0.850000,125.000000,1.01,1,0,0,1,1,0,0,0,1,0.032,0.1,0.0327265
0.850000,125.000000,1.01,1,0,0,1,1,0,0,0,1,0.064,0.1,0.0332667
0.850000,125.000000,1.01,1,0,0,1,1,0,0,0,1,0.128,0.1,0.0346227
0.850000,125.000000,1.01,1,0,0,1,1,0,0,0,1,0.256,0.1,0.0386128
0.850000,125.000000,1.01,1,0,0,1,1,0,0,0,1,0.512,0.1,0.0476943
0.850000,125.000000,1.01,1,0,0,1,1,0,0,0,1,1.024,0.1,0.0683312
0.850000,125.000000,1.01,1,0,0,1,1,0,0,0,1,0.016,1, 0.0321341
0.850000,125.000000,1.01,1,0,0,1,1,0,0,0,1,0.032,1,0.0326475
0.850000,125.000000,1.01,1,0,0,1,1,0,0,0,1,0.064,1,0.0333964
0.850000,125.000000,1.01,1,0,0,1,1,0,0,0,1,0.128,1,0.0350387
0.850000,125.000000,1.01,1,0,0,1,1,0,0,0,1,0.256,1,0.0388914
0.850000,125.000000,1.01,1,0,0,1,1,0,0,0,1,0.512,1,0.0480664
0.850000,125.000000,1.01,1,0,0,1,1,0,0,0,1,1.024,1,0.0686490
0.850000,125.000000,1.01,1,0,0,1,1,0,0,0,1,0.016,2, 0.0363763
0.850000,125.000000,1.01,1,0,0,1,1,0,0,0,1,0.032,2,0.0368695
0.850000,125.000000,1.01,1,0,0,1,1,0,0,0,1,0.064,2,0.0374452
0.850000,125.000000,1.01,1,0,0,1,1,0,0,0,1,0.128,2,0.0388657
0.850000,125.000000,1.01,1,0,0,1,1,0,0,0,1,0.256,2,0.0423536
0.850000,125.000000,1.01,1,0,0,1,1,0,0,0,1,0.512,2,0.0507477
0.850000,125.000000,1.01,1,0,0,1,1,0,0,0,1,1.024,2,0.0703441
0.850000,125.000000,1.01,1,0,0,1,1,0,0,0,1,0.016,4, 0.0526613
0.850000,125.000000,1.01,1,0,0,1,1,0,0,0,1,0.032,4,0.0532266
0.850000,125.000000,1.01,1,0,0,1,1,0,0,0,1,0.064,4,0.0535615
0.850000,125.000000,1.01,1,0,0,1,1,0,0,0,1,0.128,4,0.0545757
0.850000,125.000000,1.01,1,0,0,1,1,0,0,0,1,0.256,4,0.0577585
0.850000,125.000000,1.01,1,0,0,1,1,0,0,0,1,0.512,4,0.0644121
0.850000,125.000000,1.01,1,0,0,1,1,0,0,0,1,1.024,4,0.0810982
0.850000,125.000000,1.01,1,0,0,1,1,0,0,0,1,0.016,8, 0.0819388
0.850000,125.000000,1.01,1,0,0,1,1,0,0,0,1,0.032,8,0.0824523
0.850000,125.000000,1.01,1,0,0,1,1,0,0,0,1,0.064,8,0.0830536
0.850000,125.000000,1.01,1,0,0,1,1,0,0,0,1,0.128,8,0.0837398
0.850000,125.000000,1.01,1,0,0,1,1,0,0,0,1,0.256,8,0.0870570
0.850000,125.000000,1.01,1,0,0,1,1,0,0,0,1,0.512,8,0.0933909
0.850000,125.000000,1.01,1,0,0,1,1,0,0,0,1,1.024,8,0.1086468
0.850000,125.000000,1.01,1,0,0,1,1,0,0,0,1,0.016,16, 0.1334865
0.850000,125.000000,1.01,1,0,0,1,1,0,0,0,1,0.032,16,0.1339526
0.850000,125.000000,1.01,1,0,0,1,1,0,0,0,1,0.064,16,0.1344700
0.850000,125.000000,1.01,1,0,0,1,1,0,0,0,1,0.128,16,0.1348893
0.850000,125.000000,1.01,1,0,0,1,1,0,0,0,1,0.256,16,0.1390992
0.850000,125.000000,1.01,1,0,0,1,1,0,0,0,1,0.512,16,0.1454925
0.850000,125.000000,1.01,1,0,0,1,1,0,0,0,1,1.024,16,0.1601569
0.850000,125.000000,1.01,1,0,0,1,1,0,0,0,1,0.016,32, 0.2281828
0.850000,125.000000,1.01,1,0,0,1,1,0,0,0,1,0.032,32,0.2284242
0.850000,125.000000,1.01,1,0,0,1,1,0,0,0,1,0.064,32,0.2289434
0.850000,125.000000,1.01,1,0,0,1,1,0,0,0,1,0.128,32,0.2289434
0.850000,125.000000,1.01,1,0,0,1,1,0,0,0,1,0.256,32,0.2328188
0.850000,125.000000,1.01,1,0,0,1,1,0,0,0,1,0.512,32,0.2402765
0.850000,125.000000,1.01,1,0,0,1,1,0,0,0,1,1.024,32,0.2544223
0.850000,125.000000,1.01,0,1,0,1,1,1,0,0,0,0.016,0.1,0.0524267
0.850000,125.000000,1.01,0,1,0,1,1,1,0,0,0,0.032,0.1,0.0536758
0.850000,125.000000,1.01,0,1,0,1,1,1,0,0,0,0.064,0.1,0.0550059
0.850000,125.000000,1.01,0,1,0,1,1,1,0,0,0,0.128,0.1,0.0575404
0.850000,125.000000,1.01,0,1,0,1,1,1,0,0,0,0.256,0.1,0.0623054
0.850000,125.000000,1.01,0,1,0,1,1,1,0,0,0,0.512,0.1,0.0710407
0.850000,125.000000,1.01,0,1,0,1,1,1,0,0,0,1.024,0.1,0.0865428
0.850000,125.000000,1.01,0,1,0,1,1,1,0,0,0,0.016,1, 0.0539280
0.850000,125.000000,1.01,0,1,0,1,1,1,0,0,0,0.032,1,0.0551615
0.850000,125.000000,1.01,0,1,0,1,1,1,0,0,0,0.064,1,0.0564695
0.850000,125.000000,1.01,0,1,0,1,1,1,0,0,0,0.128,1,0.0589119
0.850000,125.000000,1.01,0,1,0,1,1,1,0,0,0,0.256,1,0.0636903
0.850000,125.000000,1.01,0,1,0,1,1,1,0,0,0,0.512,1,0.0723500
0.850000,125.000000,1.01,0,1,0,1,1,1,0,0,0,1.024,1,0.0877921
0.850000,125.000000,1.01,0,1,0,1,1,1,0,0,0,0.016,2, 0.0563836
0.850000,125.000000,1.01,0,1,0,1,1,1,0,0,0,0.032,2,0.0575732
0.850000,125.000000,1.01,0,1,0,1,1,1,0,0,0,0.064,2,0.0588690
0.850000,125.000000,1.01,0,1,0,1,1,1,0,0,0,0.128,2,0.0613691
0.850000,125.000000,1.01,0,1,0,1,1,1,0,0,0,0.256,2,0.0660623
0.850000,125.000000,1.01,0,1,0,1,1,1,0,0,0,0.512,2,0.0745367
0.850000,125.000000,1.01,0,1,0,1,1,1,0,0,0,1.024,2,0.0897434
0.850000,125.000000,1.01,0,1,0,1,1,1,0,0,0,0.016,4, 0.0569852
0.850000,125.000000,1.01,0,1,0,1,1,1,0,0,0,0.032,4,0.0581389
0.850000,125.000000,1.01,0,1,0,1,1,1,0,0,0,0.064,4,0.0594518
0.850000,125.000000,1.01,0,1,0,1,1,1,0,0,0,0.128,4,0.0620106
0.850000,125.000000,1.01,0,1,0,1,1,1,0,0,0,0.256,4,0.0667501
0.850000,125.000000,1.01,0,1,0,1,1,1,0,0,0,0.512,4,0.0753527
0.850000,125.000000,1.01,0,1,0,1,1,1,0,0,0,1.024,4,0.0907392
0.850000,125.000000,1.01,0,1,0,1,1,1,0,0,0,0.016,8, 0.0499720
0.850000,125.000000,1.01,0,1,0,1,1,1,0,0,0,0.032,8,0.0512020
0.850000,125.000000,1.01,0,1,0,1,1,1,0,0,0,0.064,8,0.0525520
0.850000,125.000000,1.01,0,1,0,1,1,1,0,0,0,0.128,8,0.0551864
0.850000,125.000000,1.01,0,1,0,1,1,1,0,0,0,0.256,8,0.0604288
0.850000,125.000000,1.01,0,1,0,1,1,1,0,0,0,0.512,8,0.0695785
0.850000,125.000000,1.01,0,1,0,1,1,1,0,0,0,1.024,8,0.0858659
0.850000,125.000000,1.01,0,1,0,1,1,1,0,0,0,0.016,16, 0.0236632
0.850000,125.000000,1.01,0,1,0,1,1,1,0,0,0,0.032,16,0.0249941
0.850000,125.000000,1.01,0,1,0,1,1,1,0,0,0,0.064,16,0.0264653
0.850000,125.000000,1.01,0,1,0,1,1,1,0,0,0,0.128,16,0.0293841
0.850000,125.000000,1.01,0,1,0,1,1,1,0,0,0,0.256,16,0.0350182
0.850000,125.000000,1.01,0,1,0,1,1,1,0,0,0,0.512,16,0.0454275
0.850000,125.000000,1.01,0,1,0,1,1,1,0,0,0,1.024,16,0.0641567
0.850000,125.000000,1.01,0,1,0,1,1,1,0,0,0,0.016,32, -0.0464020
0.850000,125.000000,1.01,0,1,0,1,1,1,0,0,0,0.032,32,-0.0449574
0.850000,125.000000,1.01,0,1,0,1,1,1,0,0,0,0.064,32,-0.0433209
0.850000,125.000000,1.01,0,1,0,1,1,1,0,0,0,0.128,32,-0.0400509
0.850000,125.000000,1.01,0,1,0,1,1,1,0,0,0,0.256,32,-0.0336665
0.850000,125.000000,1.01,0,1,0,1,1,1,0,0,0,0.512,32,-0.0215432
0.850000,125.000000,1.01,0,1,0,1,1,1,0,0,0,1.024,32,0.0010764
0.850000,125.000000,1.01,0,1,0,1,1,0,1,0,0,0.016,0.1,0.0389656
0.850000,125.000000,1.01,0,1,0,1,1,0,1,0,0,0.032,0.1,0.0399102
0.850000,125.000000,1.01,0,1,0,1,1,0,1,0,0,0.064,0.1,0.0405041
0.850000,125.000000,1.01,0,1,0,1,1,0,1,0,0,0.128,0.1,0.0420968
0.850000,125.000000,1.01,0,1,0,1,1,0,1,0,0,0.256,0.1,0.0456803
0.850000,125.000000,1.01,0,1,0,1,1,0,1,0,0,0.512,0.1,0.0538096
0.850000,125.000000,1.01,0,1,0,1,1,0,1,0,0,1.024,0.1,0.0710469
0.850000,125.000000,1.01,0,1,0,1,1,0,1,0,0,0.016,1, 0.0390633
0.850000,125.000000,1.01,0,1,0,1,1,0,1,0,0,0.032,1,0.0397701
0.850000,125.000000,1.01,0,1,0,1,1,0,1,0,0,0.064,1,0.0405316
0.850000,125.000000,1.01,0,1,0,1,1,0,1,0,0,0.128,1,0.0422918
0.850000,125.000000,1.01,0,1,0,1,1,0,1,0,0,0.256,1,0.0459072
0.850000,125.000000,1.01,0,1,0,1,1,0,1,0,0,0.512,1,0.0539224
0.850000,125.000000,1.01,0,1,0,1,1,0,1,0,0,1.024,1,0.0713274
0.850000,125.000000,1.01,0,1,0,1,1,0,1,0,0,0.016,2, 0.0420946
0.850000,125.000000,1.01,0,1,0,1,1,0,1,0,0,0.032,2,0.0426635
0.850000,125.000000,1.01,0,1,0,1,1,0,1,0,0,0.064,2,0.0435087
0.850000,125.000000,1.01,0,1,0,1,1,0,1,0,0,0.128,2,0.0450565
0.850000,125.000000,1.01,0,1,0,1,1,0,1,0,0,0.256,2,0.0486137
0.850000,125.000000,1.01,0,1,0,1,1,0,1,0,0,0.512,2,0.0562796
0.850000,125.000000,1.01,0,1,0,1,1,0,1,0,0,1.024,2,0.0731492
0.850000,125.000000,1.01,0,1,0,1,1,0,1,0,0,0.016,4, 0.0510425
0.850000,125.000000,1.01,0,1,0,1,1,0,1,0,0,0.032,4,0.0515561
0.850000,125.000000,1.01,0,1,0,1,1,0,1,0,0,0.064,4,0.0522934
0.850000,125.000000,1.01,0,1,0,1,1,0,1,0,0,0.128,4,0.0539747
0.850000,125.000000,1.01,0,1,0,1,1,0,1,0,0,0.256,4,0.0570956
0.850000,125.000000,1.01,0,1,0,1,1,0,1,0,0,0.512,4,0.0643648
0.850000,125.000000,1.01,0,1,0,1,1,0,1,0,0,1.024,4,0.0795870
0.850000,125.000000,1.01,0,1,0,1,1,0,1,0,0,0.016,8, 0.0701320
0.850000,125.000000,1.01,0,1,0,1,1,0,1,0,0,0.032,8,0.0708667
0.850000,125.000000,1.01,0,1,0,1,1,0,1,0,0,0.064,8,0.0714770
0.850000,125.000000,1.01,0,1,0,1,1,0,1,0,0,0.128,8,0.0729216
0.850000,125.000000,1.01,0,1,0,1,1,0,1,0,0,0.256,8,0.0755632
0.850000,125.000000,1.01,0,1,0,1,1,0,1,0,0,0.512,8,0.0820424
0.850000,125.000000,1.01,0,1,0,1,1,0,1,0,0,1.024,8,0.0964103
0.850000,125.000000,1.01,0,1,0,1,1,0,1,0,0,0.016,16, 0.1049602
0.850000,125.000000,1.01,0,1,0,1,1,0,1,0,0,0.032,16,0.1056929
0.850000,125.000000,1.01,0,1,0,1,1,0,1,0,0,0.064,16,0.1065305
0.850000,125.000000,1.01,0,1,0,1,1,0,1,0,0,0.128,16,0.1082459
0.850000,125.000000,1.01,0,1,0,1,1,0,1,0,0,0.256,16,0.1113362
0.850000,125.000000,1.01,0,1,0,1,1,0,1,0,0,0.512,16,0.1178649
0.850000,125.000000,1.01,0,1,0,1,1,0,1,0,0,1.024,16,0.1318093
0.850000,125.000000,1.01,0,1,0,1,1,0,1,0,0,0.016,32, 0.1723331
0.850000,125.000000,1.01,0,1,0,1,1,0,1,0,0,0.032,32,0.1731260
0.850000,125.000000,1.01,0,1,0,1,1,0,1,0,0,0.064,32,0.1740129
0.850000,125.000000,1.01,0,1,0,1,1,0,1,0,0,0.128,32,0.1758052
0.850000,125.000000,1.01,0,1,0,1,1,0,1,0,0,0.256,32,0.1798563
0.850000,125.000000,1.01,0,1,0,1,1,0,1,0,0,0.512,32,0.1864362
0.850000,125.000000,1.01,0,1,0,1,1,0,1,0,0,1.024,32,0.2016868
0.850000,125.000000,1.01,0,1,0,1,1,0,0,1,0,0.016,0.1,0.0489929
0.850000,125.000000,1.01,0,1,0,1,1,0,0,1,0,0.032,0.1,0.0502902
0.850000,125.000000,1.01,0,1,0,1,1,0,0,1,0,0.064,0.1,0.0517357
0.850000,125.000000,1.01,0,1,0,1,1,0,0,1,0,0.128,0.1,0.0545566
0.850000,125.000000,1.01,0,1,0,1,1,0,0,1,0,0.256,0.1,0.0598858
0.850000,125.000000,1.01,0,1,0,1,1,0,0,1,0,0.512,0.1,0.0695946
0.850000,125.000000,1.01,0,1,0,1,1,0,0,1,0,1.024,0.1,0.0868437
0.850000,125.000000,1.01,0,1,0,1,1,0,0,1,0,0.016,1, 0.0553702
0.850000,125.000000,1.01,0,1,0,1,1,0,0,1,0,0.032,1,0.0566930
0.850000,125.000000,1.01,0,1,0,1,1,0,0,1,0,0.064,1,0.0580673
0.850000,125.000000,1.01,0,1,0,1,1,0,0,1,0,0.128,1,0.0608689
0.850000,125.000000,1.01,0,1,0,1,1,0,0,1,0,0.256,1,0.0661249
0.850000,125.000000,1.01,0,1,0,1,1,0,0,1,0,0.512,1,0.0756989
0.850000,125.000000,1.01,0,1,0,1,1,0,0,1,0,1.024,1,0.0928157
0.850000,125.000000,1.01,0,1,0,1,1,0,0,1,0,0.016,2, 0.0695862
0.850000,125.000000,1.01,0,1,0,1,1,0,0,1,0,0.032,2,0.0708195
0.850000,125.000000,1.01,0,1,0,1,1,0,0,1,0,0.064,2,0.0721756
0.850000,125.000000,1.01,0,1,0,1,1,0,0,1,0,0.128,2,0.0748209
0.850000,125.000000,1.01,0,1,0,1,1,0,0,1,0,0.256,2,0.0798710
0.850000,125.000000,1.01,0,1,0,1,1,0,0,1,0,0.512,2,0.0891633
0.850000,125.000000,1.01,0,1,0,1,1,0,0,1,0,1.024,2,0.1058217
0.850000,125.000000,1.01,0,1,0,1,1,0,0,1,0,0.016,4, 0.0935485
0.850000,125.000000,1.01,0,1,0,1,1,0,0,1,0,0.032,4,0.0949054
0.850000,125.000000,1.01,0,1,0,1,1,0,0,1,0,0.064,4,0.0963534
0.850000,125.000000,1.01,0,1,0,1,1,0,0,1,0,0.128,4,0.0991603
0.850000,125.000000,1.01,0,1,0,1,1,0,0,1,0,0.256,4,0.1045536
0.850000,125.000000,1.01,0,1,0,1,1,0,0,1,0,0.512,4,0.1144130
0.850000,125.000000,1.01,0,1,0,1,1,0,0,1,0,1.024,4,0.1318247
0.850000,125.000000,1.01,0,1,0,1,1,0,0,1,0,0.016,8, 0.1314558
0.850000,125.000000,1.01,0,1,0,1,1,0,0,1,0,0.032,8,0.1329686
0.850000,125.000000,1.01,0,1,0,1,1,0,0,1,0,0.064,8,0.1344902
0.850000,125.000000,1.01,0,1,0,1,1,0,0,1,0,0.128,8,0.1375384
0.850000,125.000000,1.01,0,1,0,1,1,0,0,1,0,0.256,8,0.1435094
0.850000,125.000000,1.01,0,1,0,1,1,0,0,1,0,0.512,8,0.1544166
0.850000,125.000000,1.01,0,1,0,1,1,0,0,1,0,1.024,8,0.1738409
0.850000,125.000000,1.01,0,1,0,1,1,0,0,1,0,0.016,16, 0.1950389
0.850000,125.000000,1.01,0,1,0,1,1,0,0,1,0,0.032,16,0.1967316
0.850000,125.000000,1.01,0,1,0,1,1,0,0,1,0,0.064,16,0.1984028
0.850000,125.000000,1.01,0,1,0,1,1,0,0,1,0,0.128,16,0.2016214
0.850000,125.000000,1.01,0,1,0,1,1,0,0,1,0,0.256,16,0.2082765
0.850000,125.000000,1.01,0,1,0,1,1,0,0,1,0,0.512,16,0.2200381
0.850000,125.000000,1.01,0,1,0,1,1,0,0,1,0,1.024,16,0.2431614
0.850000,125.000000,1.01,0,1,0,1,1,0,0,1,0,0.016,32, 0.3054390
0.850000,125.000000,1.01,0,1,0,1,1,0,0,1,0,0.032,32,0.3071723
0.850000,125.000000,1.01,0,1,0,1,1,0,0,1,0,0.064,32,0.3092093
0.850000,125.000000,1.01,0,1,0,1,1,0,0,1,0,0.128,32,0.3134765
0.850000,125.000000,1.01,0,1,0,1,1,0,0,1,0,0.256,32,0.3203258
0.850000,125.000000,1.01,0,1,0,1,1,0,0,1,0,0.512,32,0.3340990
0.850000,125.000000,1.01,0,1,0,1,1,0,0,1,0,1.024,32,0.3609298
0.850000,125.000000,1.01,0,1,0,1,1,0,0,0,1,0.016,0.1,0.0342438
0.850000,125.000000,1.01,0,1,0,1,1,0,0,0,1,0.032,0.1,0.0344803
0.850000,125.000000,1.01,0,1,0,1,1,0,0,0,1,0.064,0.1,0.0351611
0.850000,125.000000,1.01,0,1,0,1,1,0,0,0,1,0.128,0.1,0.0367478
0.850000,125.000000,1.01,0,1,0,1,1,0,0,0,1,0.256,0.1,0.0405344
0.850000,125.000000,1.01,0,1,0,1,1,0,0,0,1,0.512,0.1,0.0493946
0.850000,125.000000,1.01,0,1,0,1,1,0,0,0,1,1.024,0.1,0.0693409
0.850000,125.000000,1.01,0,1,0,1,1,0,0,0,1,0.016,1, 0.0341771
0.850000,125.000000,1.01,0,1,0,1,1,0,0,0,1,0.032,1,0.0347573
0.850000,125.000000,1.01,0,1,0,1,1,0,0,0,1,0.064,1,0.0352878
0.850000,125.000000,1.01,0,1,0,1,1,0,0,0,1,0.128,1,0.0369989
0.850000,125.000000,1.01,0,1,0,1,1,0,0,0,1,0.256,1,0.0408351
0.850000,125.000000,1.01,0,1,0,1,1,0,0,0,1,0.512,1,0.0497482
0.850000,125.000000,1.01,0,1,0,1,1,0,0,0,1,1.024,1,0.0698974
0.850000,125.000000,1.01,0,1,0,1,1,0,0,0,1,0.016,2, 0.0376659
0.850000,125.000000,1.01,0,1,0,1,1,0,0,0,1,0.032,2,0.0380864
0.850000,125.000000,1.01,0,1,0,1,1,0,0,0,1,0.064,2,0.0386123
0.850000,125.000000,1.01,0,1,0,1,1,0,0,0,1,0.128,2,0.0401840
0.850000,125.000000,1.01,0,1,0,1,1,0,0,0,1,0.256,2,0.0437871
0.850000,125.000000,1.01,0,1,0,1,1,0,0,0,1,0.512,2,0.0518803
0.850000,125.000000,1.01,0,1,0,1,1,0,0,0,1,1.024,2,0.0711845
0.850000,125.000000,1.01,0,1,0,1,1,0,0,0,1,0.016,4, 0.0531790
0.850000,125.000000,1.01,0,1,0,1,1,0,0,0,1,0.032,4,0.0536705
0.850000,125.000000,1.01,0,1,0,1,1,0,0,0,1,0.064,4,0.0545619
0.850000,125.000000,1.01,0,1,0,1,1,0,0,0,1,0.128,4,0.0557177
0.850000,125.000000,1.01,0,1,0,1,1,0,0,0,1,0.256,4,0.0585312
0.850000,125.000000,1.01,0,1,0,1,1,0,0,0,1,0.512,4,0.0648500
0.850000,125.000000,1.01,0,1,0,1,1,0,0,0,1,1.024,4,0.0811841
0.850000,125.000000,1.01,0,1,0,1,1,0,0,0,1,0.016,8, 0.0821318
0.850000,125.000000,1.01,0,1,0,1,1,0,0,0,1,0.032,8,0.0824455
0.850000,125.000000,1.01,0,1,0,1,1,0,0,0,1,0.064,8,0.0832181
0.850000,125.000000,1.01,0,1,0,1,1,0,0,0,1,0.128,8,0.0840254
0.850000,125.000000,1.01,0,1,0,1,1,0,0,0,1,0.256,8,0.0872106
0.850000,125.000000,1.01,0,1,0,1,1,0,0,0,1,0.512,8,0.0934473
0.850000,125.000000,1.01,0,1,0,1,1,0,0,0,1,1.024,8,0.1084116
0.850000,125.000000,1.01,0,1,0,1,1,0,0,0,1,0.016,16, 0.1325084
0.850000,125.000000,1.01,0,1,0,1,1,0,0,0,1,0.032,16,0.1326287
0.850000,125.000000,1.01,0,1,0,1,1,0,0,0,1,0.064,16,0.1326287
0.850000,125.000000,1.01,0,1,0,1,1,0,0,0,1,0.128,16,0.1342614
0.850000,125.000000,1.01,0,1,0,1,1,0,0,0,1,0.256,16,0.1370956
0.850000,125.000000,1.01,0,1,0,1,1,0,0,0,1,0.512,16,0.1433143
0.850000,125.000000,1.01,0,1,0,1,1,0,0,0,1,1.024,16,0.1566869
0.850000,125.000000,1.01,0,1,0,1,1,0,0,0,1,0.016,32, 0.2252066
0.850000,125.000000,1.01,0,1,0,1,1,0,0,0,1,0.032,32,0.2260418
0.850000,125.000000,1.01,0,1,0,1,1,0,0,0,1,0.064,32,0.2260423
0.850000,125.000000,1.01,0,1,0,1,1,0,0,0,1,0.128,32,0.2260423
0.850000,125.000000,1.01,0,1,0,1,1,0,0,0,1,0.256,32,0.2298551
0.850000,125.000000,1.01,0,1,0,1,1,0,0,0,1,0.512,32,0.2360758
0.850000,125.000000,1.01,0,1,0,1,1,0,0,0,1,1.024,32,0.2499260
0.850000,125.000000,1.01,0,0,1,1,1,1,0,0,0,0.016,0.1,0.0522345
0.850000,125.000000,1.01,0,0,1,1,1,1,0,0,0,0.032,0.1,0.0534531
0.850000,125.000000,1.01,0,0,1,1,1,1,0,0,0,0.064,0.1,0.0547720
0.850000,125.000000,1.01,0,0,1,1,1,1,0,0,0,0.128,0.1,0.0572847
0.850000,125.000000,1.01,0,0,1,1,1,1,0,0,0,0.256,0.1,0.0620902
0.850000,125.000000,1.01,0,0,1,1,1,1,0,0,0,0.512,0.1,0.0709106
0.850000,125.000000,1.01,0,0,1,1,1,1,0,0,0,1.024,0.1,0.0863622
0.850000,125.000000,1.01,0,0,1,1,1,1,0,0,0,0.016,1, 0.0525006
0.850000,125.000000,1.01,0,0,1,1,1,1,0,0,0,0.032,1,0.0537014
0.850000,125.000000,1.01,0,0,1,1,1,1,0,0,0,0.064,1,0.0550429
0.850000,125.000000,1.01,0,0,1,1,1,1,0,0,0,0.128,1,0.0575477
0.850000,125.000000,1.01,0,0,1,1,1,1,0,0,0,0.256,1,0.0623088
0.850000,125.000000,1.01,0,0,1,1,1,1,0,0,0,0.512,1,0.0709782
0.850000,125.000000,1.01,0,0,1,1,1,1,0,0,0,1.024,1,0.0864689
0.850000,125.000000,1.01,0,0,1,1,1,1,0,0,0,0.016,2, 0.0528541
0.850000,125.000000,1.01,0,0,1,1,1,1,0,0,0,0.032,2,0.0540520
0.850000,125.000000,1.01,0,0,1,1,1,1,0,0,0,0.064,2,0.0553391
0.850000,125.000000,1.01,0,0,1,1,1,1,0,0,0,0.128,2,0.0578160
0.850000,125.000000,1.01,0,0,1,1,1,1,0,0,0,0.256,2,0.0626027
0.850000,125.000000,1.01,0,0,1,1,1,1,0,0,0,0.512,2,0.0711720
0.850000,125.000000,1.01,0,0,1,1,1,1,0,0,0,1.024,2,0.0865210
0.850000,125.000000,1.01,0,0,1,1,1,1,0,0,0,0.016,4, 0.0505829
0.850000,125.000000,1.01,0,0,1,1,1,1,0,0,0,0.032,4,0.0518749
0.850000,125.000000,1.01,0,0,1,1,1,1,0,0,0,0.064,4,0.0531627
0.850000,125.000000,1.01,0,0,1,1,1,1,0,0,0,0.128,4,0.0556873
0.850000,125.000000,1.01,0,0,1,1,1,1,0,0,0,0.256,4,0.0605749
0.850000,125.000000,1.01,0,0,1,1,1,1,0,0,0,0.512,4,0.0693518
0.850000,125.000000,1.01,0,0,1,1,1,1,0,0,0,1.024,4,0.0849061
0.850000,125.000000,1.01,0,0,1,1,1,1,0,0,0,0.016,8, 0.0399380
0.850000,125.000000,1.01,0,0,1,1,1,1,0,0,0,0.032,8,0.0411949
0.850000,125.000000,1.01,0,0,1,1,1,1,0,0,0,0.064,8,0.0425700
0.850000,125.000000,1.01,0,0,1,1,1,1,0,0,0,0.128,8,0.0451977
0.850000,125.000000,1.01,0,0,1,1,1,1,0,0,0,0.256,8,0.0502667
0.850000,125.000000,1.01,0,0,1,1,1,1,0,0,0,0.512,8,0.0598102
0.850000,125.000000,1.01,0,0,1,1,1,1,0,0,0,1.024,8,0.0763310
0.850000,125.000000,1.01,0,0,1,1,1,1,0,0,0,0.016,16, 0.0062443
0.850000,125.000000,1.01,0,0,1,1,1,1,0,0,0,0.032,16,0.0075799
0.850000,125.000000,1.01,0,0,1,1,1,1,0,0,0,0.064,16,0.0090515
0.850000,125.000000,1.01,0,0,1,1,1,1,0,0,0,0.128,16,0.0119272
0.850000,125.000000,1.01,0,0,1,1,1,1,0,0,0,0.256,16,0.0175242
0.850000,125.000000,1.01,0,0,1,1,1,1,0,0,0,0.512,16,0.0279370
0.850000,125.000000,1.01,0,0,1,1,1,1,0,0,0,1.024,16,0.0467098
0.850000,125.000000,1.01,0,0,1,1,1,1,0,0,0,0.016,32, -0.0771604
0.850000,125.000000,1.01,0,0,1,1,1,1,0,0,0,0.032,32,-0.0756979
0.850000,125.000000,1.01,0,0,1,1,1,1,0,0,0,0.064,32,-0.0740812
0.850000,125.000000,1.01,0,0,1,1,1,1,0,0,0,0.128,32,-0.0708699
0.850000,125.000000,1.01,0,0,1,1,1,1,0,0,0,0.256,32,-0.0645787
0.850000,125.000000,1.01,0,0,1,1,1,1,0,0,0,0.512,32,-0.0526709
0.850000,125.000000,1.01,0,0,1,1,1,1,0,0,0,1.024,32,-0.0304876
0.850000,125.000000,1.01,0,0,1,1,1,0,1,0,0,0.016,0.1,0.0392261
0.850000,125.000000,1.01,0,0,1,1,1,0,1,0,0,0.032,0.1,0.0395190
0.850000,125.000000,1.01,0,0,1,1,1,0,1,0,0,0.064,0.1,0.0404721
0.850000,125.000000,1.01,0,0,1,1,1,0,1,0,0,0.128,0.1,0.0419567
0.850000,125.000000,1.01,0,0,1,1,1,0,1,0,0,0.256,0.1,0.0457503
0.850000,125.000000,1.01,0,0,1,1,1,0,1,0,0,0.512,0.1,0.0538555
0.850000,125.000000,1.01,0,0,1,1,1,0,1,0,0,1.024,0.1,0.0710002
0.850000,125.000000,1.01,0,0,1,1,1,0,1,0,0,0.016,1, 0.0390150
0.850000,125.000000,1.01,0,0,1,1,1,0,1,0,0,0.032,1,0.0398211
0.850000,125.000000,1.01,0,0,1,1,1,0,1,0,0,0.064,1,0.0404912
0.850000,125.000000,1.01,0,0,1,1,1,0,1,0,0,0.128,1,0.0420515
0.850000,125.000000,1.01,0,0,1,1,1,0,1,0,0,0.256,1,0.0459209
0.850000,125.000000,1.01,0,0,1,1,1,0,1,0,0,0.512,1,0.0539726
0.850000,125.000000,1.01,0,0,1,1,1,0,1,0,0,1.024,1,0.0713310
0.850000,125.000000,1.01,0,0,1,1,1,0,1,0,0,0.016,2, 0.0413103
0.850000,125.000000,1.01,0,0,1,1,1,0,1,0,0,0.032,2,0.0419134
0.850000,125.000000,1.01,0,0,1,1,1,0,1,0,0,0.064,2,0.0427493
0.850000,125.000000,1.01,0,0,1,1,1,0,1,0,0,0.128,2,0.0443612
0.850000,125.000000,1.01,0,0,1,1,1,0,1,0,0,0.256,2,0.0479889
0.850000,125.000000,1.01,0,0,1,1,1,0,1,0,0,0.512,2,0.0557718
0.850000,125.000000,1.01,0,0,1,1,1,0,1,0,0,1.024,2,0.0727641
0.850000,125.000000,1.01,0,0,1,1,1,0,1,0,0,0.016,4, 0.0489247
0.850000,125.000000,1.01,0,0,1,1,1,0,1,0,0,0.032,4,0.0495488
0.850000,125.000000,1.01,0,0,1,1,1,0,1,0,0,0.064,4,0.0502177
0.850000,125.000000,1.01,0,0,1,1,1,0,1,0,0,0.128,4,0.0518651
0.850000,125.000000,1.01,0,0,1,1,1,0,1,0,0,0.256,4,0.0550924
0.850000,125.000000,1.01,0,0,1,1,1,0,1,0,0,0.512,4,0.0627203
0.850000,125.000000,1.01,0,0,1,1,1,0,1,0,0,1.024,4,0.0786791
0.850000,125.000000,1.01,0,0,1,1,1,0,1,0,0,0.016,8, 0.0654621
0.850000,125.000000,1.01,0,0,1,1,1,0,1,0,0,0.032,8,0.0659701
0.850000,125.000000,1.01,0,0,1,1,1,0,1,0,0,0.064,8,0.0665944
0.850000,125.000000,1.01,0,0,1,1,1,0,1,0,0,0.128,8,0.0680134
0.850000,125.000000,1.01,0,0,1,1,1,0,1,0,0,0.256,8,0.0716615
0.850000,125.000000,1.01,0,0,1,1,1,0,1,0,0,0.512,8,0.0785965
0.850000,125.000000,1.01,0,0,1,1,1,0,1,0,0,1.024,8,0.0940842
0.850000,125.000000,1.01,0,0,1,1,1,0,1,0,0,0.016,16, 0.0977919
0.850000,125.000000,1.01,0,0,1,1,1,0,1,0,0,0.032,16,0.0982667
0.850000,125.000000,1.01,0,0,1,1,1,0,1,0,0,0.064,16,0.0988334
0.850000,125.000000,1.01,0,0,1,1,1,0,1,0,0,0.128,16,0.1002639
0.850000,125.000000,1.01,0,0,1,1,1,0,1,0,0,0.256,16,0.1037865
0.850000,125.000000,1.01,0,0,1,1,1,0,1,0,0,0.512,16,0.1114552
0.850000,125.000000,1.01,0,0,1,1,1,0,1,0,0,1.024,16,0.1265063
0.850000,125.000000,1.01,0,0,1,1,1,0,1,0,0,0.016,32, 0.1606730
0.850000,125.000000,1.01,0,0,1,1,1,0,1,0,0,0.032,32,0.1613868
0.850000,125.000000,1.01,0,0,1,1,1,0,1,0,0,0.064,32,0.1622050
0.850000,125.000000,1.01,0,0,1,1,1,0,1,0,0,0.128,32,0.1640019
0.850000,125.000000,1.01,0,0,1,1,1,0,1,0,0,0.256,32,0.1678847
0.850000,125.000000,1.01,0,0,1,1,1,0,1,0,0,0.512,32,0.1756302
0.850000,125.000000,1.01,0,0,1,1,1,0,1,0,0,1.024,32,0.1902787
0.850000,125.000000,1.01,0,0,1,1,1,0,0,1,0,0.016,0.1,0.0512528
0.850000,125.000000,1.01,0,0,1,1,1,0,0,1,0,0.032,0.1,0.0525870
0.850000,125.000000,1.01,0,0,1,1,1,0,0,1,0,0.064,0.1,0.0540694
0.850000,125.000000,1.01,0,0,1,1,1,0,0,1,0,0.128,0.1,0.0569200
0.850000,125.000000,1.01,0,0,1,1,1,0,0,1,0,0.256,0.1,0.0623383
0.850000,125.000000,1.01,0,0,1,1,1,0,0,1,0,0.512,0.1,0.0722618
0.850000,125.000000,1.01,0,0,1,1,1,0,0,1,0,1.024,0.1,0.0897042
0.850000,125.000000,1.01,0,0,1,1,1,0,0,1,0,0.016,1, 0.0576742
0.850000,125.000000,1.01,0,0,1,1,1,0,0,1,0,0.032,1,0.0589618
0.850000,125.000000,1.01,0,0,1,1,1,0,0,1,0,0.064,1,0.0604241
0.850000,125.000000,1.01,0,0,1,1,1,0,0,1,0,0.128,1,0.0632548
0.850000,125.000000,1.01,0,0,1,1,1,0,0,1,0,0.256,1,0.0686421
0.850000,125.000000,1.01,0,0,1,1,1,0,0,1,0,0.512,1,0.0783822
0.850000,125.000000,1.01,0,0,1,1,1,0,0,1,0,1.024,1,0.0957387
0.850000,125.000000,1.01,0,0,1,1,1,0,0,1,0,0.016,2, 0.0719519
0.850000,125.000000,1.01,0,0,1,1,1,0,0,1,0,0.032,2,0.0732171
0.850000,125.000000,1.01,0,0,1,1,1,0,0,1,0,0.064,2,0.0746118
0.850000,125.000000,1.01,0,0,1,1,1,0,0,1,0,0.128,2,0.0773440
0.850000,125.000000,1.01,0,0,1,1,1,0,0,1,0,0.256,2,0.0825362
0.850000,125.000000,1.01,0,0,1,1,1,0,0,1,0,0.512,2,0.0919910
0.850000,125.000000,1.01,0,0,1,1,1,0,0,1,0,1.024,2,0.1088455
0.850000,125.000000,1.01,0,0,1,1,1,0,0,1,0,0.016,4, 0.0975213
0.850000,125.000000,1.01,0,0,1,1,1,0,0,1,0,0.032,4,0.0988338
0.850000,125.000000,1.01,0,0,1,1,1,0,0,1,0,0.064,4,0.1003077
0.850000,125.000000,1.01,0,0,1,1,1,0,0,1,0,0.128,4,0.1031171
0.850000,125.000000,1.01,0,0,1,1,1,0,0,1,0,0.256,4,0.1085591
0.850000,125.000000,1.01,0,0,1,1,1,0,0,1,0,0.512,4,0.1185083
0.850000,125.000000,1.01,0,0,1,1,1,0,0,1,0,1.024,4,0.1359014
0.850000,125.000000,1.01,0,0,1,1,1,0,0,1,0,0.016,8, 0.1388845
0.850000,125.000000,1.01,0,0,1,1,1,0,0,1,0,0.032,8,0.1402457
0.850000,125.000000,1.01,0,0,1,1,1,0,0,1,0,0.064,8,0.1418218
0.850000,125.000000,1.01,0,0,1,1,1,0,0,1,0,0.128,8,0.1449284
0.850000,125.000000,1.01,0,0,1,1,1,0,0,1,0,0.256,8,0.1508916
0.850000,125.000000,1.01,0,0,1,1,1,0,0,1,0,0.512,8,0.1618024
0.850000,125.000000,1.01,0,0,1,1,1,0,0,1,0,1.024,8,0.1811077
0.850000,125.000000,1.01,0,0,1,1,1,0,0,1,0,0.016,16, 0.2101654
0.850000,125.000000,1.01,0,0,1,1,1,0,0,1,0,0.032,16,0.2115138
0.850000,125.000000,1.01,0,0,1,1,1,0,0,1,0,0.064,16,0.2131699
0.850000,125.000000,1.01,0,0,1,1,1,0,0,1,0,0.128,16,0.2165204
0.850000,125.000000,1.01,0,0,1,1,1,0,0,1,0,0.256,16,0.2233205
0.850000,125.000000,1.01,0,0,1,1,1,0,0,1,0,0.512,16,0.2354189
0.850000,125.000000,1.01,0,0,1,1,1,0,0,1,0,1.024,16,0.2579614
0.850000,125.000000,1.01,0,0,1,1,1,0,0,1,0,0.016,32, 0.3372017
0.850000,125.000000,1.01,0,0,1,1,1,0,0,1,0,0.032,32,0.3389902
0.850000,125.000000,1.01,0,0,1,1,1,0,0,1,0,0.064,32,0.3408392
0.850000,125.000000,1.01,0,0,1,1,1,0,0,1,0,0.128,32,0.3445162
0.850000,125.000000,1.01,0,0,1,1,1,0,0,1,0,0.256,32,0.3520668
0.850000,125.000000,1.01,0,0,1,1,1,0,0,1,0,0.512,32,0.3662405
0.850000,125.000000,1.01,0,0,1,1,1,0,0,1,0,1.024,32,0.3915769
0.850000,125.000000,1.01,0,0,1,1,1,0,0,0,1,0.016,0.1,0.0360354
0.850000,125.000000,1.01,0,0,1,1,1,0,0,0,1,0.032,0.1,0.0365511
0.850000,125.000000,1.01,0,0,1,1,1,0,0,0,1,0.064,0.1,0.0371958
0.850000,125.000000,1.01,0,0,1,1,1,0,0,0,1,0.128,0.1,0.0388442
0.850000,125.000000,1.01,0,0,1,1,1,0,0,0,1,0.256,0.1,0.0425874
0.850000,125.000000,1.01,0,0,1,1,1,0,0,0,1,0.512,0.1,0.0512423
0.850000,125.000000,1.01,0,0,1,1,1,0,0,0,1,1.024,0.1,0.0707235
0.850000,125.000000,1.01,0,0,1,1,1,0,0,0,1,0.016,1, 0.0363605
0.850000,125.000000,1.01,0,0,1,1,1,0,0,0,1,0.032,1,0.0368506
0.850000,125.000000,1.01,0,0,1,1,1,0,0,0,1,0.064,1,0.0375177
0.850000,125.000000,1.01,0,0,1,1,1,0,0,0,1,0.128,1,0.0389369
0.850000,125.000000,1.01,0,0,1,1,1,0,0,0,1,0.256,1,0.0428002
0.850000,125.000000,1.01,0,0,1,1,1,0,0,0,1,0.512,1,0.0514878
0.850000,125.000000,1.01,0,0,1,1,1,0,0,0,1,1.024,1,0.0710585
0.850000,125.000000,1.01,0,0,1,1,1,0,0,0,1,0.016,2, 0.0389710
0.850000,125.000000,1.01,0,0,1,1,1,0,0,0,1,0.032,2,0.0394202
0.850000,125.000000,1.01,0,0,1,1,1,0,0,0,1,0.064,2,0.0401189
0.850000,125.000000,1.01,0,0,1,1,1,0,0,0,1,0.128,2,0.0417644
0.850000,125.000000,1.01,0,0,1,1,1,0,0,0,1,0.256,2,0.0452174
0.850000,125.000000,1.01,0,0,1,1,1,0,0,0,1,0.512,2,0.0535232
0.850000,125.000000,1.01,0,0,1,1,1,0,0,0,1,1.024,2,0.0725088
0.850000,125.000000,1.01,0,0,1,1,1,0,0,0,1,0.016,4, 0.0542790
0.850000,125.000000,1.01,0,0,1,1,1,0,0,0,1,0.032,4,0.0546593
0.850000,125.000000,1.01,0,0,1,1,1,0,0,0,1,0.064,4,0.0548875
0.850000,125.000000,1.01,0,0,1,1,1,0,0,0,1,0.128,4,0.0559786
0.850000,125.000000,1.01,0,0,1,1,1,0,0,0,1,0.256,4,0.0592697
0.850000,125.000000,1.01,0,0,1,1,1,0,0,0,1,0.512,4,0.0656804
0.850000,125.000000,1.01,0,0,1,1,1,0,0,0,1,1.024,4,0.0816422
0.850000,125.000000,1.01,0,0,1,1,1,0,0,0,1,0.016,8, 0.0824194
0.850000,125.000000,1.01,0,0,1,1,1,0,0,0,1,0.032,8,0.0826503
0.850000,125.000000,1.01,0,0,1,1,1,0,0,0,1,0.064,8,0.0829808
0.850000,125.000000,1.01,0,0,1,1,1,0,0,0,1,0.128,8,0.0843003
0.850000,125.000000,1.01,0,0,1,1,1,0,0,0,1,0.256,8,0.0875348
0.850000,125.000000,1.01,0,0,1,1,1,0,0,0,1,0.512,8,0.0940533
0.850000,125.000000,1.01,0,0,1,1,1,0,0,0,1,1.024,8,0.1078145
0.850000,125.000000,1.01,0,0,1,1,1,0,0,0,1,0.016,16, 0.1327042
0.850000,125.000000,1.01,0,0,1,1,1,0,0,0,1,0.032,16,0.1329077
0.850000,125.000000,1.01,0,0,1,1,1,0,0,0,1,0.064,16,0.1333109
0.850000,125.000000,1.01,0,0,1,1,1,0,0,0,1,0.128,16,0.1345904
0.850000,125.000000,1.01,0,0,1,1,1,0,0,0,1,0.256,16,0.1382600
0.850000,125.000000,1.01,0,0,1,1,1,0,0,0,1,0.512,16,0.1427278
0.850000,125.000000,1.01,0,0,1,1,1,0,0,0,1,1.024,16,0.1557139
0.850000,125.000000,1.01,0,0,1,1,1,0,0,0,1,0.016,32, 0.2231197
0.850000,125.000000,1.01,0,0,1,1,1,0,0,0,1,0.032,32,0.2231908
0.850000,125.000000,1.01,0,0,1,1,1,0,0,0,1,0.064,32,0.2241395
0.850000,125.000000,1.01,0,0,1,1,1,0,0,0,1,0.128,32,0.2257723
0.850000,125.000000,1.01,0,0,1,1,1,0,0,0,1,0.256,32,0.2276174
0.850000,125.000000,1.01,0,0,1,1,1,0,0,0,1,0.512,32,0.2332496
0.850000,125.000000,1.01,0,0,1,1,1,0,0,0,1,1.024,32,0.2457374
0.750000,-40.000000,0.99,1,0,0,1,1,1,0,0,0,0.016,0.1,0.2729088
0.750000,-40.000000,0.99,1,0,0,1,1,1,0,0,0,0.032,0.1,0.2819232
0.750000,-40.000000,0.99,1,0,0,1,1,1,0,0,0,0.064,0.1,0.2905709
0.750000,-40.000000,0.99,1,0,0,1,1,1,0,0,0,0.128,0.1,0.3052695
0.750000,-40.000000,0.99,1,0,0,1,1,1,0,0,0,0.256,0.1,0.3292452
0.750000,-40.000000,0.99,1,0,0,1,1,1,0,0,0,0.512,0.1,0.3679256
0.750000,-40.000000,0.99,1,0,0,1,1,1,0,0,0,1.024,0.1,0.4324170
0.750000,-40.000000,0.99,1,0,0,1,1,1,0,0,0,0.016,1, 0.2786598
0.750000,-40.000000,0.99,1,0,0,1,1,1,0,0,0,0.032,1,0.2876279
0.750000,-40.000000,0.99,1,0,0,1,1,1,0,0,0,0.064,1,0.2965749
0.750000,-40.000000,0.99,1,0,0,1,1,1,0,0,0,0.128,1,0.3109096
0.750000,-40.000000,0.99,1,0,0,1,1,1,0,0,0,0.256,1,0.3350342
0.750000,-40.000000,0.99,1,0,0,1,1,1,0,0,0,0.512,1,0.3735338
0.750000,-40.000000,0.99,1,0,0,1,1,1,0,0,0,1.024,1,0.4379275
0.750000,-40.000000,0.99,1,0,0,1,1,1,0,0,0,0.016,2, 0.2904191
0.750000,-40.000000,0.99,1,0,0,1,1,1,0,0,0,0.032,2,0.2994752
0.750000,-40.000000,0.99,1,0,0,1,1,1,0,0,0,0.064,2,0.3080963
0.750000,-40.000000,0.99,1,0,0,1,1,1,0,0,0,0.128,2,0.3226629
0.750000,-40.000000,0.99,1,0,0,1,1,1,0,0,0,0.256,2,0.3468538
0.750000,-40.000000,0.99,1,0,0,1,1,1,0,0,0,0.512,2,0.3853131
0.750000,-40.000000,0.99,1,0,0,1,1,1,0,0,0,1.024,2,0.4495884
0.750000,-40.000000,0.99,1,0,0,1,1,1,0,0,0,0.016,4, 0.3157804
0.750000,-40.000000,0.99,1,0,0,1,1,1,0,0,0,0.032,4,0.3246022
0.750000,-40.000000,0.99,1,0,0,1,1,1,0,0,0,0.064,4,0.3332636
0.750000,-40.000000,0.99,1,0,0,1,1,1,0,0,0,0.128,4,0.3482671
0.750000,-40.000000,0.99,1,0,0,1,1,1,0,0,0,0.256,4,0.3722368
0.750000,-40.000000,0.99,1,0,0,1,1,1,0,0,0,0.512,4,0.4108991
0.750000,-40.000000,0.99,1,0,0,1,1,1,0,0,0,1.024,4,0.4750575
0.750000,-40.000000,0.99,1,0,0,1,1,1,0,0,0,0.016,8, 0.3709242
0.750000,-40.000000,0.99,1,0,0,1,1,1,0,0,0,0.032,8,0.3800222
0.750000,-40.000000,0.99,1,0,0,1,1,1,0,0,0,0.064,8,0.3886663
0.750000,-40.000000,0.99,1,0,0,1,1,1,0,0,0,0.128,8,0.4032768
0.750000,-40.000000,0.99,1,0,0,1,1,1,0,0,0,0.256,8,0.4273781
0.750000,-40.000000,0.99,1,0,0,1,1,1,0,0,0,0.512,8,0.4659513
0.750000,-40.000000,0.99,1,0,0,1,1,1,0,0,0,1.024,8,0.5294746
0.750000,-40.000000,0.99,1,0,0,1,1,1,0,0,0,0.016,16, 0.4840907
0.750000,-40.000000,0.99,1,0,0,1,1,1,0,0,0,0.032,16,0.4939461
0.750000,-40.000000,0.99,1,0,0,1,1,1,0,0,0,0.064,16,0.5030047
0.750000,-40.000000,0.99,1,0,0,1,1,1,0,0,0,0.128,16,0.5186098
0.750000,-40.000000,0.99,1,0,0,1,1,1,0,0,0,0.256,16,0.5427891
0.750000,-40.000000,0.99,1,0,0,1,1,1,0,0,0,0.512,16,0.5819225
0.750000,-40.000000,0.99,1,0,0,1,1,1,0,0,0,1.024,16,0.6451060
0.750000,-40.000000,0.99,1,0,0,1,1,1,0,0,0,0.016,32, 0.6449663
0.750000,-40.000000,0.99,1,0,0,1,1,1,0,0,0,0.032,32,0.6585748
0.750000,-40.000000,0.99,1,0,0,1,1,1,0,0,0,0.064,32,0.6705516
0.750000,-40.000000,0.99,1,0,0,1,1,1,0,0,0,0.128,32,0.6906816
0.750000,-40.000000,0.99,1,0,0,1,1,1,0,0,0,0.256,32,0.7205725
0.750000,-40.000000,0.99,1,0,0,1,1,1,0,0,0,0.512,32,0.7644806
0.750000,-40.000000,0.99,1,0,0,1,1,1,0,0,0,1.024,32,0.8319337
0.750000,-40.000000,0.99,1,0,0,1,1,0,1,0,0,0.016,0.1,0.1449262
0.750000,-40.000000,0.99,1,0,0,1,1,0,1,0,0,0.032,0.1,0.1511683
0.750000,-40.000000,0.99,1,0,0,1,1,0,1,0,0,0.064,0.1,0.1581140
0.750000,-40.000000,0.99,1,0,0,1,1,0,1,0,0,0.128,0.1,0.1708495
0.750000,-40.000000,0.99,1,0,0,1,1,0,1,0,0,0.256,0.1,0.1948572
0.750000,-40.000000,0.99,1,0,0,1,1,0,1,0,0,0.512,0.1,0.2414509
0.750000,-40.000000,0.99,1,0,0,1,1,0,1,0,0,1.024,0.1,0.3337358
0.750000,-40.000000,0.99,1,0,0,1,1,0,1,0,0,0.016,1, 0.1445791
0.750000,-40.000000,0.99,1,0,0,1,1,0,1,0,0,0.032,1,0.1507136
0.750000,-40.000000,0.99,1,0,0,1,1,0,1,0,0,0.064,1,0.1574527
0.750000,-40.000000,0.99,1,0,0,1,1,0,1,0,0,0.128,1,0.1707078
0.750000,-40.000000,0.99,1,0,0,1,1,0,1,0,0,0.256,1,0.1951755
0.750000,-40.000000,0.99,1,0,0,1,1,0,1,0,0,0.512,1,0.2419794
0.750000,-40.000000,0.99,1,0,0,1,1,0,1,0,0,1.024,1,0.3329718
0.750000,-40.000000,0.99,1,0,0,1,1,0,1,0,0,0.016,2, 0.1446506
0.750000,-40.000000,0.99,1,0,0,1,1,0,1,0,0,0.032,2,0.1509605
0.750000,-40.000000,0.99,1,0,0,1,1,0,1,0,0,0.064,2,0.1575006
0.750000,-40.000000,0.99,1,0,0,1,1,0,1,0,0,0.128,2,0.1708440
0.750000,-40.000000,0.99,1,0,0,1,1,0,1,0,0,0.256,2,0.1954291
0.750000,-40.000000,0.99,1,0,0,1,1,0,1,0,0,0.512,2,0.2421306
0.750000,-40.000000,0.99,1,0,0,1,1,0,1,0,0,1.024,2,0.3348480
0.750000,-40.000000,0.99,1,0,0,1,1,0,1,0,0,0.016,4, 0.1456878
0.750000,-40.000000,0.99,1,0,0,1,1,0,1,0,0,0.032,4,0.1510201
0.750000,-40.000000,0.99,1,0,0,1,1,0,1,0,0,0.064,4,0.1579507
0.750000,-40.000000,0.99,1,0,0,1,1,0,1,0,0,0.128,4,0.1712722
0.750000,-40.000000,0.99,1,0,0,1,1,0,1,0,0,0.256,4,0.1957152
0.750000,-40.000000,0.99,1,0,0,1,1,0,1,0,0,0.512,4,0.2417611
0.750000,-40.000000,0.99,1,0,0,1,1,0,1,0,0,1.024,4,0.3333678
0.750000,-40.000000,0.99,1,0,0,1,1,0,1,0,0,0.016,8, 0.1449135
0.750000,-40.000000,0.99,1,0,0,1,1,0,1,0,0,0.032,8,0.1514077
0.750000,-40.000000,0.99,1,0,0,1,1,0,1,0,0,0.064,8,0.1587876
0.750000,-40.000000,0.99,1,0,0,1,1,0,1,0,0,0.128,8,0.1714220
0.750000,-40.000000,0.99,1,0,0,1,1,0,1,0,0,0.256,8,0.1960697
0.750000,-40.000000,0.99,1,0,0,1,1,0,1,0,0,0.512,8,0.2427019
0.750000,-40.000000,0.99,1,0,0,1,1,0,1,0,0,1.024,8,0.3350575
0.750000,-40.000000,0.99,1,0,0,1,1,0,1,0,0,0.016,16, 0.1706685
0.750000,-40.000000,0.99,1,0,0,1,1,0,1,0,0,0.032,16,0.1753503
0.750000,-40.000000,0.99,1,0,0,1,1,0,1,0,0,0.064,16,0.1808577
0.750000,-40.000000,0.99,1,0,0,1,1,0,1,0,0,0.128,16,0.1903619
0.750000,-40.000000,0.99,1,0,0,1,1,0,1,0,0,0.256,16,0.2111366
0.750000,-40.000000,0.99,1,0,0,1,1,0,1,0,0,0.512,16,0.2531983
0.750000,-40.000000,0.99,1,0,0,1,1,0,1,0,0,1.024,16,0.3414223
0.750000,-40.000000,0.99,1,0,0,1,1,0,1,0,0,0.016,32, 0.2526217
0.750000,-40.000000,0.99,1,0,0,1,1,0,1,0,0,0.032,32,0.2563781
0.750000,-40.000000,0.99,1,0,0,1,1,0,1,0,0,0.064,32,0.2584536
0.750000,-40.000000,0.99,1,0,0,1,1,0,1,0,0,0.128,32,0.2668492
0.750000,-40.000000,0.99,1,0,0,1,1,0,1,0,0,0.256,32,0.2813838
0.750000,-40.000000,0.99,1,0,0,1,1,0,1,0,0,0.512,32,0.3153796
0.750000,-40.000000,0.99,1,0,0,1,1,0,1,0,0,1.024,32,0.3902693
0.750000,-40.000000,0.99,1,0,0,1,1,0,0,1,0,0.016,0.1,0.2520011
0.750000,-40.000000,0.99,1,0,0,1,1,0,0,1,0,0.032,0.1,0.2633816
0.750000,-40.000000,0.99,1,0,0,1,1,0,0,1,0,0.064,0.1,0.2743779
0.750000,-40.000000,0.99,1,0,0,1,1,0,0,1,0,0.128,0.1,0.2922547
0.750000,-40.000000,0.99,1,0,0,1,1,0,0,1,0,0.256,0.1,0.3201354
0.750000,-40.000000,0.99,1,0,0,1,1,0,0,1,0,0.512,0.1,0.3610522
0.750000,-40.000000,0.99,1,0,0,1,1,0,0,1,0,1.024,0.1,0.4201623
0.750000,-40.000000,0.99,1,0,0,1,1,0,0,1,0,0.016,1, 0.2634723
0.750000,-40.000000,0.99,1,0,0,1,1,0,0,1,0,0.032,1,0.2750357
0.750000,-40.000000,0.99,1,0,0,1,1,0,0,1,0,0.064,1,0.2859577
0.750000,-40.000000,0.99,1,0,0,1,1,0,0,1,0,0.128,1,0.3040136
0.750000,-40.000000,0.99,1,0,0,1,1,0,0,1,0,0.256,1,0.3318124
0.750000,-40.000000,0.99,1,0,0,1,1,0,0,1,0,0.512,1,0.3725889
0.750000,-40.000000,0.99,1,0,0,1,1,0,0,1,0,1.024,1,0.4318315
0.750000,-40.000000,0.99,1,0,0,1,1,0,0,1,0,0.016,2, 0.2865461
0.750000,-40.000000,0.99,1,0,0,1,1,0,0,1,0,0.032,2,0.2979957
0.750000,-40.000000,0.99,1,0,0,1,1,0,0,1,0,0.064,2,0.3088705
0.750000,-40.000000,0.99,1,0,0,1,1,0,0,1,0,0.128,2,0.3269081
0.750000,-40.000000,0.99,1,0,0,1,1,0,0,1,0,0.256,2,0.3547314
0.750000,-40.000000,0.99,1,0,0,1,1,0,0,1,0,0.512,2,0.3954809
0.750000,-40.000000,0.99,1,0,0,1,1,0,0,1,0,1.024,2,0.4544892
0.750000,-40.000000,0.99,1,0,0,1,1,0,0,1,0,0.016,4, 0.3334660
0.750000,-40.000000,0.99,1,0,0,1,1,0,0,1,0,0.032,4,0.3449013
0.750000,-40.000000,0.99,1,0,0,1,1,0,0,1,0,0.064,4,0.3559181
0.750000,-40.000000,0.99,1,0,0,1,1,0,0,1,0,0.128,4,0.3739844
0.750000,-40.000000,0.99,1,0,0,1,1,0,0,1,0,0.256,4,0.4017384
0.750000,-40.000000,0.99,1,0,0,1,1,0,0,1,0,0.512,4,0.4429543
0.750000,-40.000000,0.99,1,0,0,1,1,0,0,1,0,1.024,4,0.5019676
0.750000,-40.000000,0.99,1,0,0,1,1,0,0,1,0,0.016,8, 0.4284509
0.750000,-40.000000,0.99,1,0,0,1,1,0,0,1,0,0.032,8,0.4400332
0.750000,-40.000000,0.99,1,0,0,1,1,0,0,1,0,0.064,8,0.4513253
0.750000,-40.000000,0.99,1,0,0,1,1,0,0,1,0,0.128,8,0.4692634
0.750000,-40.000000,0.99,1,0,0,1,1,0,0,1,0,0.256,8,0.4971300
0.750000,-40.000000,0.99,1,0,0,1,1,0,0,1,0,0.512,8,0.5382521
0.750000,-40.000000,0.99,1,0,0,1,1,0,0,1,0,1.024,8,0.5977815
0.750000,-40.000000,0.99,1,0,0,1,1,0,0,1,0,0.016,16, 0.6231304
0.750000,-40.000000,0.99,1,0,0,1,1,0,0,1,0,0.032,16,0.6346627
0.750000,-40.000000,0.99,1,0,0,1,1,0,0,1,0,0.064,16,0.6455621
0.750000,-40.000000,0.99,1,0,0,1,1,0,0,1,0,0.128,16,0.6638312
0.750000,-40.000000,0.99,1,0,0,1,1,0,0,1,0,0.256,16,0.6921523
0.750000,-40.000000,0.99,1,0,0,1,1,0,0,1,0,0.512,16,0.7334646
0.750000,-40.000000,0.99,1,0,0,1,1,0,0,1,0,1.024,16,0.7922865
0.750000,-40.000000,0.99,1,0,0,1,1,0,0,1,0,0.016,32, 0.9935289
0.750000,-40.000000,0.99,1,0,0,1,1,0,0,1,0,0.032,32,1.0086225
0.750000,-40.000000,0.99,1,0,0,1,1,0,0,1,0,0.064,32,1.0232841
0.750000,-40.000000,0.99,1,0,0,1,1,0,0,1,0,0.128,32,1.0459751
0.750000,-40.000000,0.99,1,0,0,1,1,0,0,1,0,0.256,32,1.0793385
0.750000,-40.000000,0.99,1,0,0,1,1,0,0,1,0,0.512,32,1.1255834
0.750000,-40.000000,0.99,1,0,0,1,1,0,0,1,0,1.024,32,1.1882789
0.750000,-40.000000,0.99,1,0,0,1,1,0,0,0,1,0.016,0.1,0.1567781
0.750000,-40.000000,0.99,1,0,0,1,1,0,0,0,1,0.032,0.1,0.1641313
0.750000,-40.000000,0.99,1,0,0,1,1,0,0,0,1,0.064,0.1,0.1712817
0.750000,-40.000000,0.99,1,0,0,1,1,0,0,0,1,0.128,0.1,0.1837388
0.750000,-40.000000,0.99,1,0,0,1,1,0,0,0,1,0.256,0.1,0.2030227
0.750000,-40.000000,0.99,1,0,0,1,1,0,0,0,1,0.512,0.1,0.2364908
0.750000,-40.000000,0.99,1,0,0,1,1,0,0,0,1,1.024,0.1,0.2893070
0.750000,-40.000000,0.99,1,0,0,1,1,0,0,0,1,0.016,1, 0.1556599
0.750000,-40.000000,0.99,1,0,0,1,1,0,0,0,1,0.032,1,0.1648904
0.750000,-40.000000,0.99,1,0,0,1,1,0,0,0,1,0.064,1,0.1720103
0.750000,-40.000000,0.99,1,0,0,1,1,0,0,0,1,0.128,1,0.1824540
0.750000,-40.000000,0.99,1,0,0,1,1,0,0,0,1,0.256,1,0.2045232
0.750000,-40.000000,0.99,1,0,0,1,1,0,0,0,1,0.512,1,0.2364942
0.750000,-40.000000,0.99,1,0,0,1,1,0,0,0,1,1.024,1,0.2891830
0.750000,-40.000000,0.99,1,0,0,1,1,0,0,0,1,0.016,2, 0.1555362
0.750000,-40.000000,0.99,1,0,0,1,1,0,0,0,1,0.032,2,0.1628883
0.750000,-40.000000,0.99,1,0,0,1,1,0,0,0,1,0.064,2,0.1720224
0.750000,-40.000000,0.99,1,0,0,1,1,0,0,0,1,0.128,2,0.1843821
0.750000,-40.000000,0.99,1,0,0,1,1,0,0,0,1,0.256,2,0.2043133
0.750000,-40.000000,0.99,1,0,0,1,1,0,0,0,1,0.512,2,0.2368698
0.750000,-40.000000,0.99,1,0,0,1,1,0,0,0,1,1.024,2,0.2894204
0.750000,-40.000000,0.99,1,0,0,1,1,0,0,0,1,0.016,4, 0.1569321
0.750000,-40.000000,0.99,1,0,0,1,1,0,0,0,1,0.032,4,0.1641963
0.750000,-40.000000,0.99,1,0,0,1,1,0,0,0,1,0.064,4,0.1700293
0.750000,-40.000000,0.99,1,0,0,1,1,0,0,0,1,0.128,4,0.1841932
0.750000,-40.000000,0.99,1,0,0,1,1,0,0,0,1,0.256,4,0.2035717
0.750000,-40.000000,0.99,1,0,0,1,1,0,0,0,1,0.512,4,0.2366285
0.750000,-40.000000,0.99,1,0,0,1,1,0,0,0,1,1.024,4,0.2885418
0.750000,-40.000000,0.99,1,0,0,1,1,0,0,0,1,0.016,8, 0.1560989
0.750000,-40.000000,0.99,1,0,0,1,1,0,0,0,1,0.032,8,0.1639965
0.750000,-40.000000,0.99,1,0,0,1,1,0,0,0,1,0.064,8,0.1705593
0.750000,-40.000000,0.99,1,0,0,1,1,0,0,0,1,0.128,8,0.1829606
0.750000,-40.000000,0.99,1,0,0,1,1,0,0,0,1,0.256,8,0.2036933
0.750000,-40.000000,0.99,1,0,0,1,1,0,0,0,1,0.512,8,0.2369230
0.750000,-40.000000,0.99,1,0,0,1,1,0,0,0,1,1.024,8,0.2894083
0.750000,-40.000000,0.99,1,0,0,1,1,0,0,0,1,0.016,16, 0.1607159
0.750000,-40.000000,0.99,1,0,0,1,1,0,0,0,1,0.032,16,0.1669969
0.750000,-40.000000,0.99,1,0,0,1,1,0,0,0,1,0.064,16,0.1739240
0.750000,-40.000000,0.99,1,0,0,1,1,0,0,0,1,0.128,16,0.1868832
0.750000,-40.000000,0.99,1,0,0,1,1,0,0,0,1,0.256,16,0.2068247
0.750000,-40.000000,0.99,1,0,0,1,1,0,0,0,1,0.512,16,0.2385415
0.750000,-40.000000,0.99,1,0,0,1,1,0,0,0,1,1.024,16,0.2916062
0.750000,-40.000000,0.99,1,0,0,1,1,0,0,0,1,0.016,32, 0.2310638
0.750000,-40.000000,0.99,1,0,0,1,1,0,0,0,1,0.032,32,0.2329282
0.750000,-40.000000,0.99,1,0,0,1,1,0,0,0,1,0.064,32,0.2357780
0.750000,-40.000000,0.99,1,0,0,1,1,0,0,0,1,0.128,32,0.2421661
0.750000,-40.000000,0.99,1,0,0,1,1,0,0,0,1,0.256,32,0.2546787
0.750000,-40.000000,0.99,1,0,0,1,1,0,0,0,1,0.512,32,0.2765617
0.750000,-40.000000,0.99,1,0,0,1,1,0,0,0,1,1.024,32,0.3172577
0.750000,-40.000000,0.99,0,1,0,1,1,1,0,0,0,0.016,0.1,0.2866390
0.750000,-40.000000,0.99,0,1,0,1,1,1,0,0,0,0.032,0.1,0.2956566
0.750000,-40.000000,0.99,0,1,0,1,1,1,0,0,0,0.064,0.1,0.3040437
0.750000,-40.000000,0.99,0,1,0,1,1,1,0,0,0,0.128,0.1,0.3186931
0.750000,-40.000000,0.99,0,1,0,1,1,1,0,0,0,0.256,0.1,0.3426521
0.750000,-40.000000,0.99,0,1,0,1,1,1,0,0,0,0.512,0.1,0.3814870
0.750000,-40.000000,0.99,0,1,0,1,1,1,0,0,0,1.024,0.1,0.4453284
0.750000,-40.000000,0.99,0,1,0,1,1,1,0,0,0,0.016,1, 0.2947752
0.750000,-40.000000,0.99,0,1,0,1,1,1,0,0,0,0.032,1,0.3038046
0.750000,-40.000000,0.99,0,1,0,1,1,1,0,0,0,0.064,1,0.3125492
0.750000,-40.000000,0.99,0,1,0,1,1,1,0,0,0,0.128,1,0.3274364
0.750000,-40.000000,0.99,0,1,0,1,1,1,0,0,0,0.256,1,0.3514326
0.750000,-40.000000,0.99,0,1,0,1,1,1,0,0,0,0.512,1,0.3902027
0.750000,-40.000000,0.99,0,1,0,1,1,1,0,0,0,1.024,1,0.4541258
0.750000,-40.000000,0.99,0,1,0,1,1,1,0,0,0,0.016,2, 0.3124322
0.750000,-40.000000,0.99,0,1,0,1,1,1,0,0,0,0.032,2,0.3214330
0.750000,-40.000000,0.99,0,1,0,1,1,1,0,0,0,0.064,2,0.3300338
0.750000,-40.000000,0.99,0,1,0,1,1,1,0,0,0,0.128,2,0.3449717
0.750000,-40.000000,0.99,0,1,0,1,1,1,0,0,0,0.256,2,0.3686181
0.750000,-40.000000,0.99,0,1,0,1,1,1,0,0,0,0.512,2,0.4072607
0.750000,-40.000000,0.99,0,1,0,1,1,1,0,0,0,1.024,2,0.4714846
0.750000,-40.000000,0.99,0,1,0,1,1,1,0,0,0,0.016,4, 0.3476324
0.750000,-40.000000,0.99,0,1,0,1,1,1,0,0,0,0.032,4,0.3565984
0.750000,-40.000000,0.99,0,1,0,1,1,1,0,0,0,0.064,4,0.3652116
0.750000,-40.000000,0.99,0,1,0,1,1,1,0,0,0,0.128,4,0.3802189
0.750000,-40.000000,0.99,0,1,0,1,1,1,0,0,0,0.256,4,0.4042623
0.750000,-40.000000,0.99,0,1,0,1,1,1,0,0,0,0.512,4,0.4428143
0.750000,-40.000000,0.99,0,1,0,1,1,1,0,0,0,1.024,4,0.5071871
0.750000,-40.000000,0.99,0,1,0,1,1,1,0,0,0,0.016,8, 0.4173879
0.750000,-40.000000,0.99,0,1,0,1,1,1,0,0,0,0.032,8,0.4265688
0.750000,-40.000000,0.99,0,1,0,1,1,1,0,0,0,0.064,8,0.4350675
0.750000,-40.000000,0.99,0,1,0,1,1,1,0,0,0,0.128,8,0.4499231
0.750000,-40.000000,0.99,0,1,0,1,1,1,0,0,0,0.256,8,0.4737994
0.750000,-40.000000,0.99,0,1,0,1,1,1,0,0,0,0.512,8,0.5125350
0.750000,-40.000000,0.99,0,1,0,1,1,1,0,0,0,1.024,8,0.5761436
0.750000,-40.000000,0.99,0,1,0,1,1,1,0,0,0,0.016,16, 0.5506200
0.750000,-40.000000,0.99,0,1,0,1,1,1,0,0,0,0.032,16,0.5598063
0.750000,-40.000000,0.99,0,1,0,1,1,1,0,0,0,0.064,16,0.5684830
0.750000,-40.000000,0.99,0,1,0,1,1,1,0,0,0,0.128,16,0.5832069
0.750000,-40.000000,0.99,0,1,0,1,1,1,0,0,0,0.256,16,0.6074556
0.750000,-40.000000,0.99,0,1,0,1,1,1,0,0,0,0.512,16,0.6461060
0.750000,-40.000000,0.99,0,1,0,1,1,1,0,0,0,1.024,16,0.7096074
0.750000,-40.000000,0.99,0,1,0,1,1,1,0,0,0,0.016,32, 0.7652939
0.750000,-40.000000,0.99,0,1,0,1,1,1,0,0,0,0.032,32,0.7762058
0.750000,-40.000000,0.99,0,1,0,1,1,1,0,0,0,0.064,32,0.7864283
0.750000,-40.000000,0.99,0,1,0,1,1,1,0,0,0,0.128,32,0.8033398
0.750000,-40.000000,0.99,0,1,0,1,1,1,0,0,0,0.256,32,0.8302118
0.750000,-40.000000,0.99,0,1,0,1,1,1,0,0,0,0.512,32,0.8723308
0.750000,-40.000000,0.99,0,1,0,1,1,1,0,0,0,1.024,32,0.9380329
0.750000,-40.000000,0.99,0,1,0,1,1,0,1,0,0,0.016,0.1,0.1443835
0.750000,-40.000000,0.99,0,1,0,1,1,0,1,0,0,0.032,0.1,0.1520712
0.750000,-40.000000,0.99,0,1,0,1,1,0,1,0,0,0.064,0.1,0.1586195
0.750000,-40.000000,0.99,0,1,0,1,1,0,1,0,0,0.128,0.1,0.1711349
0.750000,-40.000000,0.99,0,1,0,1,1,0,1,0,0,0.256,0.1,0.1950678
0.750000,-40.000000,0.99,0,1,0,1,1,0,1,0,0,0.512,0.1,0.2418737
0.750000,-40.000000,0.99,0,1,0,1,1,0,1,0,0,1.024,0.1,0.3337989
0.750000,-40.000000,0.99,0,1,0,1,1,0,1,0,0,0.016,1, 0.1447739
0.750000,-40.000000,0.99,0,1,0,1,1,0,1,0,0,0.032,1,0.1513218
0.750000,-40.000000,0.99,0,1,0,1,1,0,1,0,0,0.064,1,0.1579153
0.750000,-40.000000,0.99,0,1,0,1,1,0,1,0,0,0.128,1,0.1712286
0.750000,-40.000000,0.99,0,1,0,1,1,0,1,0,0,0.256,1,0.1956140
0.750000,-40.000000,0.99,0,1,0,1,1,0,1,0,0,0.512,1,0.2417352
0.750000,-40.000000,0.99,0,1,0,1,1,0,1,0,0,1.024,1,0.3327113
0.750000,-40.000000,0.99,0,1,0,1,1,0,1,0,0,0.016,2, 0.1448144
0.750000,-40.000000,0.99,0,1,0,1,1,0,1,0,0,0.032,2,0.1509912
0.750000,-40.000000,0.99,0,1,0,1,1,0,1,0,0,0.064,2,0.1574755
0.750000,-40.000000,0.99,0,1,0,1,1,0,1,0,0,0.128,2,0.1712349
0.750000,-40.000000,0.99,0,1,0,1,1,0,1,0,0,0.256,2,0.1956748
0.750000,-40.000000,0.99,0,1,0,1,1,0,1,0,0,0.512,2,0.2419518
0.750000,-40.000000,0.99,0,1,0,1,1,0,1,0,0,1.024,2,0.3344774
0.750000,-40.000000,0.99,0,1,0,1,1,0,1,0,0,0.016,4, 0.1453293
0.750000,-40.000000,0.99,0,1,0,1,1,0,1,0,0,0.032,4,0.1512653
0.750000,-40.000000,0.99,0,1,0,1,1,0,1,0,0,0.064,4,0.1577728
0.750000,-40.000000,0.99,0,1,0,1,1,0,1,0,0,0.128,4,0.1719851
0.750000,-40.000000,0.99,0,1,0,1,1,0,1,0,0,0.256,4,0.1954103
0.750000,-40.000000,0.99,0,1,0,1,1,0,1,0,0,0.512,4,0.2419485
0.750000,-40.000000,0.99,0,1,0,1,1,0,1,0,0,1.024,4,0.3340193
0.750000,-40.000000,0.99,0,1,0,1,1,0,1,0,0,0.016,8, 0.1447851
0.750000,-40.000000,0.99,0,1,0,1,1,0,1,0,0,0.032,8,0.1515332
0.750000,-40.000000,0.99,0,1,0,1,1,0,1,0,0,0.064,8,0.1578854
0.750000,-40.000000,0.99,0,1,0,1,1,0,1,0,0,0.128,8,0.1712717
0.750000,-40.000000,0.99,0,1,0,1,1,0,1,0,0,0.256,8,0.1954764
0.750000,-40.000000,0.99,0,1,0,1,1,0,1,0,0,0.512,8,0.2425559
0.750000,-40.000000,0.99,0,1,0,1,1,0,1,0,0,1.024,8,0.3346140
0.750000,-40.000000,0.99,0,1,0,1,1,0,1,0,0,0.016,16, 0.1522904
0.750000,-40.000000,0.99,0,1,0,1,1,0,1,0,0,0.032,16,0.1576250
0.750000,-40.000000,0.99,0,1,0,1,1,0,1,0,0,0.064,16,0.1644465
0.750000,-40.000000,0.99,0,1,0,1,1,0,1,0,0,0.128,16,0.1765429
0.750000,-40.000000,0.99,0,1,0,1,1,0,1,0,0,0.256,16,0.1998589
0.750000,-40.000000,0.99,0,1,0,1,1,0,1,0,0,0.512,16,0.2448306
0.750000,-40.000000,0.99,0,1,0,1,1,0,1,0,0,1.024,16,0.3364219
0.750000,-40.000000,0.99,0,1,0,1,1,0,1,0,0,0.016,32, 0.1996296
0.750000,-40.000000,0.99,0,1,0,1,1,0,1,0,0,0.032,32,0.2036593
0.750000,-40.000000,0.99,0,1,0,1,1,0,1,0,0,0.064,32,0.2091841
0.750000,-40.000000,0.99,0,1,0,1,1,0,1,0,0,0.128,32,0.2191219
0.750000,-40.000000,0.99,0,1,0,1,1,0,1,0,0,0.256,32,0.2406531
0.750000,-40.000000,0.99,0,1,0,1,1,0,1,0,0,0.512,32,0.2795626
0.750000,-40.000000,0.99,0,1,0,1,1,0,1,0,0,1.024,32,0.3625265
0.750000,-40.000000,0.99,0,1,0,1,1,0,0,1,0,0.016,0.1,0.2707203
0.750000,-40.000000,0.99,0,1,0,1,1,0,0,1,0,0.032,0.1,0.2827993
0.750000,-40.000000,0.99,0,1,0,1,1,0,0,1,0,0.064,0.1,0.2941836
0.750000,-40.000000,0.99,0,1,0,1,1,0,0,1,0,0.128,0.1,0.3132279
0.750000,-40.000000,0.99,0,1,0,1,1,0,0,1,0,0.256,0.1,0.3420756
0.750000,-40.000000,0.99,0,1,0,1,1,0,0,1,0,0.512,0.1,0.3847083
0.750000,-40.000000,0.99,0,1,0,1,1,0,0,1,0,1.024,0.1,0.4462673
0.750000,-40.000000,0.99,0,1,0,1,1,0,0,1,0,0.016,1, 0.2824152
0.750000,-40.000000,0.99,0,1,0,1,1,0,0,1,0,0.032,1,0.2944748
0.750000,-40.000000,0.99,0,1,0,1,1,0,0,1,0,0.064,1,0.3059373
0.750000,-40.000000,0.99,0,1,0,1,1,0,0,1,0,0.128,1,0.3245245
0.750000,-40.000000,0.99,0,1,0,1,1,0,0,1,0,0.256,1,0.3536219
0.750000,-40.000000,0.99,0,1,0,1,1,0,0,1,0,0.512,1,0.3963385
0.750000,-40.000000,0.99,0,1,0,1,1,0,0,1,0,1.024,1,0.4576127
0.750000,-40.000000,0.99,0,1,0,1,1,0,0,1,0,0.016,2, 0.3054393
0.750000,-40.000000,0.99,0,1,0,1,1,0,0,1,0,0.032,2,0.3175370
0.750000,-40.000000,0.99,0,1,0,1,1,0,0,1,0,0.064,2,0.3289212
0.750000,-40.000000,0.99,0,1,0,1,1,0,0,1,0,0.128,2,0.3477675
0.750000,-40.000000,0.99,0,1,0,1,1,0,0,1,0,0.256,2,0.3768485
0.750000,-40.000000,0.99,0,1,0,1,1,0,0,1,0,0.512,2,0.4193622
0.750000,-40.000000,0.99,0,1,0,1,1,0,0,1,0,1.024,2,0.4809505
0.750000,-40.000000,0.99,0,1,0,1,1,0,0,1,0,0.016,4, 0.3520687
0.750000,-40.000000,0.99,0,1,0,1,1,0,0,1,0,0.032,4,0.3641957
0.750000,-40.000000,0.99,0,1,0,1,1,0,0,1,0,0.064,4,0.3757298
0.750000,-40.000000,0.99,0,1,0,1,1,0,0,1,0,0.128,4,0.3946251
0.750000,-40.000000,0.99,0,1,0,1,1,0,0,1,0,0.256,4,0.4238764
0.750000,-40.000000,0.99,0,1,0,1,1,0,0,1,0,0.512,4,0.4664935
0.750000,-40.000000,0.99,0,1,0,1,1,0,0,1,0,1.024,4,0.5281978
0.750000,-40.000000,0.99,0,1,0,1,1,0,0,1,0,0.016,8, 0.4475690
0.750000,-40.000000,0.99,0,1,0,1,1,0,0,1,0,0.032,8,0.4597216
0.750000,-40.000000,0.99,0,1,0,1,1,0,0,1,0,0.064,8,0.4710233
0.750000,-40.000000,0.99,0,1,0,1,1,0,0,1,0,0.128,8,0.4898979
0.750000,-40.000000,0.99,0,1,0,1,1,0,0,1,0,0.256,8,0.5192953
0.750000,-40.000000,0.99,0,1,0,1,1,0,0,1,0,0.512,8,0.5622122
0.750000,-40.000000,0.99,0,1,0,1,1,0,0,1,0,1.024,8,0.6236672
0.750000,-40.000000,0.99,0,1,0,1,1,0,0,1,0,0.016,16, 0.6414309
0.750000,-40.000000,0.99,0,1,0,1,1,0,0,1,0,0.032,16,0.6537150
0.750000,-40.000000,0.99,0,1,0,1,1,0,0,1,0,0.064,16,0.6650829
0.750000,-40.000000,0.99,0,1,0,1,1,0,0,1,0,0.128,16,0.6842606
0.750000,-40.000000,0.99,0,1,0,1,1,0,0,1,0,0.256,16,0.7135406
0.750000,-40.000000,0.99,0,1,0,1,1,0,0,1,0,0.512,16,0.7569032
0.750000,-40.000000,0.99,0,1,0,1,1,0,0,1,0,1.024,16,0.8190869
0.750000,-40.000000,0.99,0,1,0,1,1,0,0,1,0,0.016,32, 1.0205841
0.750000,-40.000000,0.99,0,1,0,1,1,0,0,1,0,0.032,32,1.0359650
0.750000,-40.000000,0.99,0,1,0,1,1,0,0,1,0,0.064,32,1.0497964
0.750000,-40.000000,0.99,0,1,0,1,1,0,0,1,0,0.128,32,1.0722634
0.750000,-40.000000,0.99,0,1,0,1,1,0,0,1,0,0.256,32,1.1078468
0.750000,-40.000000,0.99,0,1,0,1,1,0,0,1,0,0.512,32,1.1535231
0.750000,-40.000000,0.99,0,1,0,1,1,0,0,1,0,1.024,32,1.2172137
0.750000,-40.000000,0.99,0,1,0,1,1,0,0,0,1,0.016,0.1,0.1631256
0.750000,-40.000000,0.99,0,1,0,1,1,0,0,0,1,0.032,0.1,0.1706096
0.750000,-40.000000,0.99,0,1,0,1,1,0,0,0,1,0.064,0.1,0.1780606
0.750000,-40.000000,0.99,0,1,0,1,1,0,0,0,1,0.128,0.1,0.1909206
0.750000,-40.000000,0.99,0,1,0,1,1,0,0,0,1,0.256,0.1,0.2140089
0.750000,-40.000000,0.99,0,1,0,1,1,0,0,0,1,0.512,0.1,0.2469397
0.750000,-40.000000,0.99,0,1,0,1,1,0,0,0,1,1.024,0.1,0.3005284
0.750000,-40.000000,0.99,0,1,0,1,1,0,0,0,1,0.016,1, 0.1643134
0.750000,-40.000000,0.99,0,1,0,1,1,0,0,0,1,0.032,1,0.1717068
0.750000,-40.000000,0.99,0,1,0,1,1,0,0,0,1,0.064,1,0.1780258
0.750000,-40.000000,0.99,0,1,0,1,1,0,0,0,1,0.128,1,0.1909371
0.750000,-40.000000,0.99,0,1,0,1,1,0,0,0,1,0.256,1,0.2121444
0.750000,-40.000000,0.99,0,1,0,1,1,0,0,0,1,0.512,1,0.2471942
0.750000,-40.000000,0.99,0,1,0,1,1,0,0,0,1,1.024,1,0.3007047
0.750000,-40.000000,0.99,0,1,0,1,1,0,0,0,1,0.016,2, 0.1631599
0.750000,-40.000000,0.99,0,1,0,1,1,0,0,0,1,0.032,2,0.1706267
0.750000,-40.000000,0.99,0,1,0,1,1,0,0,0,1,0.064,2,0.1780714
0.750000,-40.000000,0.99,0,1,0,1,1,0,0,0,1,0.128,2,0.1929150
0.750000,-40.000000,0.99,0,1,0,1,1,0,0,0,1,0.256,2,0.2134915
0.750000,-40.000000,0.99,0,1,0,1,1,0,0,0,1,0.512,2,0.2472121
0.750000,-40.000000,0.99,0,1,0,1,1,0,0,0,1,1.024,2,0.3006448
0.750000,-40.000000,0.99,0,1,0,1,1,0,0,0,1,0.016,4, 0.1646373
0.750000,-40.000000,0.99,0,1,0,1,1,0,0,0,1,0.032,4,0.1719713
0.750000,-40.000000,0.99,0,1,0,1,1,0,0,0,1,0.064,4,0.1789902
0.750000,-40.000000,0.99,0,1,0,1,1,0,0,0,1,0.128,4,0.1908576
0.750000,-40.000000,0.99,0,1,0,1,1,0,0,0,1,0.256,4,0.2140518
0.750000,-40.000000,0.99,0,1,0,1,1,0,0,0,1,0.512,4,0.2465435
0.750000,-40.000000,0.99,0,1,0,1,1,0,0,0,1,1.024,4,0.3009427
0.750000,-40.000000,0.99,0,1,0,1,1,0,0,0,1,0.016,8, 0.1639278
0.750000,-40.000000,0.99,0,1,0,1,1,0,0,0,1,0.032,8,0.1725347
0.750000,-40.000000,0.99,0,1,0,1,1,0,0,0,1,0.064,8,0.1789541
0.750000,-40.000000,0.99,0,1,0,1,1,0,0,0,1,0.128,8,0.1925099
0.750000,-40.000000,0.99,0,1,0,1,1,0,0,0,1,0.256,8,0.2139997
0.750000,-40.000000,0.99,0,1,0,1,1,0,0,0,1,0.512,8,0.2475612
0.750000,-40.000000,0.99,0,1,0,1,1,0,0,0,1,1.024,8,0.3000540
0.750000,-40.000000,0.99,0,1,0,1,1,0,0,0,1,0.016,16, 0.1659819
0.750000,-40.000000,0.99,0,1,0,1,1,0,0,0,1,0.032,16,0.1734281
0.750000,-40.000000,0.99,0,1,0,1,1,0,0,0,1,0.064,16,0.1810851
0.750000,-40.000000,0.99,0,1,0,1,1,0,0,0,1,0.128,16,0.1936468
0.750000,-40.000000,0.99,0,1,0,1,1,0,0,0,1,0.256,16,0.2154378
0.750000,-40.000000,0.99,0,1,0,1,1,0,0,0,1,0.512,16,0.2492078
0.750000,-40.000000,0.99,0,1,0,1,1,0,0,0,1,1.024,16,0.3020302
0.750000,-40.000000,0.99,0,1,0,1,1,0,0,0,1,0.016,32, 0.2252377
0.750000,-40.000000,0.99,0,1,0,1,1,0,0,0,1,0.032,32,0.2285497
0.750000,-40.000000,0.99,0,1,0,1,1,0,0,0,1,0.064,32,0.2317982
0.750000,-40.000000,0.99,0,1,0,1,1,0,0,0,1,0.128,32,0.2390410
0.750000,-40.000000,0.99,0,1,0,1,1,0,0,0,1,0.256,32,0.2528268
0.750000,-40.000000,0.99,0,1,0,1,1,0,0,0,1,0.512,32,0.2765372
0.750000,-40.000000,0.99,0,1,0,1,1,0,0,0,1,1.024,32,0.3204871
0.750000,-40.000000,0.99,0,0,1,1,1,1,0,0,0,0.016,0.1,0.2897483
0.750000,-40.000000,0.99,0,0,1,1,1,1,0,0,0,0.032,0.1,0.2989697
0.750000,-40.000000,0.99,0,0,1,1,1,1,0,0,0,0.064,0.1,0.3076385
0.750000,-40.000000,0.99,0,0,1,1,1,1,0,0,0,0.128,0.1,0.3220608
0.750000,-40.000000,0.99,0,0,1,1,1,1,0,0,0,0.256,0.1,0.3459936
0.750000,-40.000000,0.99,0,0,1,1,1,1,0,0,0,0.512,0.1,0.3846421
0.750000,-40.000000,0.99,0,0,1,1,1,1,0,0,0,1.024,0.1,0.4493118
0.750000,-40.000000,0.99,0,0,1,1,1,1,0,0,0,0.016,1, 0.2999048
0.750000,-40.000000,0.99,0,0,1,1,1,1,0,0,0,0.032,1,0.3087568
0.750000,-40.000000,0.99,0,0,1,1,1,1,0,0,0,0.064,1,0.3175961
0.750000,-40.000000,0.99,0,0,1,1,1,1,0,0,0,0.128,1,0.3323705
0.750000,-40.000000,0.99,0,0,1,1,1,1,0,0,0,0.256,1,0.3564335
0.750000,-40.000000,0.99,0,0,1,1,1,1,0,0,0,0.512,1,0.3951777
0.750000,-40.000000,0.99,0,0,1,1,1,1,0,0,0,1.024,1,0.4584521
0.750000,-40.000000,0.99,0,0,1,1,1,1,0,0,0,0.016,2, 0.3188343
0.750000,-40.000000,0.99,0,0,1,1,1,1,0,0,0,0.032,2,0.3278839
0.750000,-40.000000,0.99,0,0,1,1,1,1,0,0,0,0.064,2,0.3366305
0.750000,-40.000000,0.99,0,0,1,1,1,1,0,0,0,0.128,2,0.3514248
0.750000,-40.000000,0.99,0,0,1,1,1,1,0,0,0,0.256,2,0.3755090
0.750000,-40.000000,0.99,0,0,1,1,1,1,0,0,0,0.512,2,0.4137672
0.750000,-40.000000,0.99,0,0,1,1,1,1,0,0,0,1.024,2,0.4779778
0.750000,-40.000000,0.99,0,0,1,1,1,1,0,0,0,0.016,4, 0.3547568
0.750000,-40.000000,0.99,0,0,1,1,1,1,0,0,0,0.032,4,0.3637634
0.750000,-40.000000,0.99,0,0,1,1,1,1,0,0,0,0.064,4,0.3727257
0.750000,-40.000000,0.99,0,0,1,1,1,1,0,0,0,0.128,4,0.3871344
0.750000,-40.000000,0.99,0,0,1,1,1,1,0,0,0,0.256,4,0.4111340
0.750000,-40.000000,0.99,0,0,1,1,1,1,0,0,0,0.512,4,0.4501371
0.750000,-40.000000,0.99,0,0,1,1,1,1,0,0,0,1.024,4,0.5137771
0.750000,-40.000000,0.99,0,0,1,1,1,1,0,0,0,0.016,8, 0.4249696
0.750000,-40.000000,0.99,0,0,1,1,1,1,0,0,0,0.032,8,0.4335998
0.750000,-40.000000,0.99,0,0,1,1,1,1,0,0,0,0.064,8,0.4421950
0.750000,-40.000000,0.99,0,0,1,1,1,1,0,0,0,0.128,8,0.4568706
0.750000,-40.000000,0.99,0,0,1,1,1,1,0,0,0,0.256,8,0.4808212
0.750000,-40.000000,0.99,0,0,1,1,1,1,0,0,0,0.512,8,0.5194933
0.750000,-40.000000,0.99,0,0,1,1,1,1,0,0,0,1.024,8,0.5833762
0.750000,-40.000000,0.99,0,0,1,1,1,1,0,0,0,0.016,16, 0.5574073
0.750000,-40.000000,0.99,0,0,1,1,1,1,0,0,0,0.032,16,0.5665364
0.750000,-40.000000,0.99,0,0,1,1,1,1,0,0,0,0.064,16,0.5753047
0.750000,-40.000000,0.99,0,0,1,1,1,1,0,0,0,0.128,16,0.5901794
0.750000,-40.000000,0.99,0,0,1,1,1,1,0,0,0,0.256,16,0.6144666
0.750000,-40.000000,0.99,0,0,1,1,1,1,0,0,0,0.512,16,0.6528399
0.750000,-40.000000,0.99,0,0,1,1,1,1,0,0,0,1.024,16,0.7166838
0.750000,-40.000000,0.99,0,0,1,1,1,1,0,0,0,0.016,32, 0.7793491
0.750000,-40.000000,0.99,0,0,1,1,1,1,0,0,0,0.032,32,0.7899258
0.750000,-40.000000,0.99,0,0,1,1,1,1,0,0,0,0.064,32,0.7998816
0.750000,-40.000000,0.99,0,0,1,1,1,1,0,0,0,0.128,32,0.8163289
0.750000,-40.000000,0.99,0,0,1,1,1,1,0,0,0,0.256,32,0.8432575
0.750000,-40.000000,0.99,0,0,1,1,1,1,0,0,0,0.512,32,0.8849573
0.750000,-40.000000,0.99,0,0,1,1,1,1,0,0,0,1.024,32,0.9514609
0.750000,-40.000000,0.99,0,0,1,1,1,0,1,0,0,0.016,0.1,0.1455970
0.750000,-40.000000,0.99,0,0,1,1,1,0,1,0,0,0.032,0.1,0.1520496
0.750000,-40.000000,0.99,0,0,1,1,1,0,1,0,0,0.064,0.1,0.1590112
0.750000,-40.000000,0.99,0,0,1,1,1,0,1,0,0,0.128,0.1,0.1718072
0.750000,-40.000000,0.99,0,0,1,1,1,0,1,0,0,0.256,0.1,0.1951977
0.750000,-40.000000,0.99,0,0,1,1,1,0,1,0,0,0.512,0.1,0.2416345
0.750000,-40.000000,0.99,0,0,1,1,1,0,1,0,0,1.024,0.1,0.3338219
0.750000,-40.000000,0.99,0,0,1,1,1,0,1,0,0,0.016,1, 0.1449514
0.750000,-40.000000,0.99,0,0,1,1,1,0,1,0,0,0.032,1,0.1513602
0.750000,-40.000000,0.99,0,0,1,1,1,0,1,0,0,0.064,1,0.1579175
0.750000,-40.000000,0.99,0,0,1,1,1,0,1,0,0,0.128,1,0.1709987
0.750000,-40.000000,0.99,0,0,1,1,1,0,1,0,0,0.256,1,0.1953412
0.750000,-40.000000,0.99,0,0,1,1,1,0,1,0,0,0.512,1,0.2424746
0.750000,-40.000000,0.99,0,0,1,1,1,0,1,0,0,1.024,1,0.3342856
0.750000,-40.000000,0.99,0,0,1,1,1,0,1,0,0,0.016,2, 0.1447753
0.750000,-40.000000,0.99,0,0,1,1,1,0,1,0,0,0.032,2,0.1510747
0.750000,-40.000000,0.99,0,0,1,1,1,0,1,0,0,0.064,2,0.1578545
0.750000,-40.000000,0.99,0,0,1,1,1,0,1,0,0,0.128,2,0.1709587
0.750000,-40.000000,0.99,0,0,1,1,1,0,1,0,0,0.256,2,0.1953253
0.750000,-40.000000,0.99,0,0,1,1,1,0,1,0,0,0.512,2,0.2418516
0.750000,-40.000000,0.99,0,0,1,1,1,0,1,0,0,1.024,2,0.3330133
0.750000,-40.000000,0.99,0,0,1,1,1,0,1,0,0,0.016,4, 0.1444635
0.750000,-40.000000,0.99,0,0,1,1,1,0,1,0,0,0.032,4,0.1510045
0.750000,-40.000000,0.99,0,0,1,1,1,0,1,0,0,0.064,4,0.1588375
0.750000,-40.000000,0.99,0,0,1,1,1,0,1,0,0,0.128,4,0.1718661
0.750000,-40.000000,0.99,0,0,1,1,1,0,1,0,0,0.256,4,0.1959078
0.750000,-40.000000,0.99,0,0,1,1,1,0,1,0,0,0.512,4,0.2418100
0.750000,-40.000000,0.99,0,0,1,1,1,0,1,0,0,1.024,4,0.3340749
0.750000,-40.000000,0.99,0,0,1,1,1,0,1,0,0,0.016,8, 0.1446041
0.750000,-40.000000,0.99,0,0,1,1,1,0,1,0,0,0.032,8,0.1513727
0.750000,-40.000000,0.99,0,0,1,1,1,0,1,0,0,0.064,8,0.1586459
0.750000,-40.000000,0.99,0,0,1,1,1,0,1,0,0,0.128,8,0.1721158
0.750000,-40.000000,0.99,0,0,1,1,1,0,1,0,0,0.256,8,0.1960820
0.750000,-40.000000,0.99,0,0,1,1,1,0,1,0,0,0.512,8,0.2422014
0.750000,-40.000000,0.99,0,0,1,1,1,0,1,0,0,1.024,8,0.3340198
0.750000,-40.000000,0.99,0,0,1,1,1,0,1,0,0,0.016,16, 0.1497113
0.750000,-40.000000,0.99,0,0,1,1,1,0,1,0,0,0.032,16,0.1563427
0.750000,-40.000000,0.99,0,0,1,1,1,0,1,0,0,0.064,16,0.1619799
0.750000,-40.000000,0.99,0,0,1,1,1,0,1,0,0,0.128,16,0.1745659
0.750000,-40.000000,0.99,0,0,1,1,1,0,1,0,0,0.256,16,0.1979855
0.750000,-40.000000,0.99,0,0,1,1,1,0,1,0,0,0.512,16,0.2442786
0.750000,-40.000000,0.99,0,0,1,1,1,0,1,0,0,1.024,16,0.3360442
0.750000,-40.000000,0.99,0,0,1,1,1,0,1,0,0,0.016,32, 0.1858172
0.750000,-40.000000,0.99,0,0,1,1,1,0,1,0,0,0.032,32,0.1909165
0.750000,-40.000000,0.99,0,0,1,1,1,0,1,0,0,0.064,32,0.1975104
0.750000,-40.000000,0.99,0,0,1,1,1,0,1,0,0,0.128,32,0.2088364
0.750000,-40.000000,0.99,0,0,1,1,1,0,1,0,0,0.256,32,0.2292705
0.750000,-40.000000,0.99,0,0,1,1,1,0,1,0,0,0.512,32,0.2716071
0.750000,-40.000000,0.99,0,0,1,1,1,0,1,0,0,1.024,32,0.3567397
0.750000,-40.000000,0.99,0,0,1,1,1,0,0,1,0,0.016,0.1,0.2868372
0.750000,-40.000000,0.99,0,0,1,1,1,0,0,1,0,0.032,0.1,0.2994982
0.750000,-40.000000,0.99,0,0,1,1,1,0,0,1,0,0.064,0.1,0.3111721
0.750000,-40.000000,0.99,0,0,1,1,1,0,0,1,0,0.128,0.1,0.3306829
0.750000,-40.000000,0.99,0,0,1,1,1,0,0,1,0,0.256,0.1,0.3610864
0.750000,-40.000000,0.99,0,0,1,1,1,0,0,1,0,0.512,0.1,0.4052690
0.750000,-40.000000,0.99,0,0,1,1,1,0,0,1,0,1.024,0.1,0.4691175
0.750000,-40.000000,0.99,0,0,1,1,1,0,0,1,0,0.016,1, 0.2983336
0.750000,-40.000000,0.99,0,0,1,1,1,0,0,1,0,0.032,1,0.3109695
0.750000,-40.000000,0.99,0,0,1,1,1,0,0,1,0,0.064,1,0.3227593
0.750000,-40.000000,0.99,0,0,1,1,1,0,0,1,0,0.128,1,0.3420527
0.750000,-40.000000,0.99,0,0,1,1,1,0,0,1,0,0.256,1,0.3724240
0.750000,-40.000000,0.99,0,0,1,1,1,0,0,1,0,0.512,1,0.4168405
0.750000,-40.000000,0.99,0,0,1,1,1,0,0,1,0,1.024,1,0.4805072
0.750000,-40.000000,0.99,0,0,1,1,1,0,0,1,0,0.016,2, 0.3214143
0.750000,-40.000000,0.99,0,0,1,1,1,0,0,1,0,0.032,2,0.3340346
0.750000,-40.000000,0.99,0,0,1,1,1,0,0,1,0,0.064,2,0.3459045
0.750000,-40.000000,0.99,0,0,1,1,1,0,0,1,0,0.128,2,0.3655467
0.750000,-40.000000,0.99,0,0,1,1,1,0,0,1,0,0.256,2,0.3958205
0.750000,-40.000000,0.99,0,0,1,1,1,0,0,1,0,0.512,2,0.4400117
0.750000,-40.000000,0.99,0,0,1,1,1,0,0,1,0,1.024,2,0.5034630
0.750000,-40.000000,0.99,0,0,1,1,1,0,0,1,0,0.016,4, 0.3683958
0.750000,-40.000000,0.99,0,0,1,1,1,0,0,1,0,0.032,4,0.3809745
0.750000,-40.000000,0.99,0,0,1,1,1,0,0,1,0,0.064,4,0.3929289
0.750000,-40.000000,0.99,0,0,1,1,1,0,0,1,0,0.128,4,0.4125719
0.750000,-40.000000,0.99,0,0,1,1,1,0,0,1,0,0.256,4,0.4431319
0.750000,-40.000000,0.99,0,0,1,1,1,0,0,1,0,0.512,4,0.4875488
0.750000,-40.000000,0.99,0,0,1,1,1,0,0,1,0,1.024,4,0.5513222
0.750000,-40.000000,0.99,0,0,1,1,1,0,0,1,0,0.016,8, 0.4645291
0.750000,-40.000000,0.99,0,0,1,1,1,0,0,1,0,0.032,8,0.4771268
0.750000,-40.000000,0.99,0,0,1,1,1,0,0,1,0,0.064,8,0.4888158
0.750000,-40.000000,0.99,0,0,1,1,1,0,0,1,0,0.128,8,0.5087020
0.750000,-40.000000,0.99,0,0,1,1,1,0,0,1,0,0.256,8,0.5389389
0.750000,-40.000000,0.99,0,0,1,1,1,0,0,1,0,0.512,8,0.5838021
0.750000,-40.000000,0.99,0,0,1,1,1,0,0,1,0,1.024,8,0.6473870
0.750000,-40.000000,0.99,0,0,1,1,1,0,0,1,0,0.016,16, 0.6587377
0.750000,-40.000000,0.99,0,0,1,1,1,0,0,1,0,0.032,16,0.6712415
0.750000,-40.000000,0.99,0,0,1,1,1,0,0,1,0,0.064,16,0.6831525
0.750000,-40.000000,0.99,0,0,1,1,1,0,0,1,0,0.128,16,0.7028586
0.750000,-40.000000,0.99,0,0,1,1,1,0,0,1,0,0.256,16,0.7334794
0.750000,-40.000000,0.99,0,0,1,1,1,0,0,1,0,0.512,16,0.7783509
0.750000,-40.000000,0.99,0,0,1,1,1,0,0,1,0,1.024,16,0.8425141
0.750000,-40.000000,0.99,0,0,1,1,1,0,0,1,0,0.016,32, 1.0433185
0.750000,-40.000000,0.99,0,0,1,1,1,0,0,1,0,0.032,32,1.0584253
0.750000,-40.000000,0.99,0,0,1,1,1,0,0,1,0,0.064,32,1.0723780
0.750000,-40.000000,0.99,0,0,1,1,1,0,0,1,0,0.128,32,1.0944897
0.750000,-40.000000,0.99,0,0,1,1,1,0,0,1,0,0.256,32,1.1292888
0.750000,-40.000000,0.99,0,0,1,1,1,0,0,1,0,0.512,32,1.1752188
0.750000,-40.000000,0.99,0,0,1,1,1,0,0,1,0,1.024,32,1.2407441
0.750000,-40.000000,0.99,0,0,1,1,1,0,0,0,1,0.016,0.1,0.1727546
0.750000,-40.000000,0.99,0,0,1,1,1,0,0,0,1,0.032,0.1,0.1788587
0.750000,-40.000000,0.99,0,0,1,1,1,0,0,0,1,0.064,0.1,0.1878941
0.750000,-40.000000,0.99,0,0,1,1,1,0,0,0,1,0.128,0.1,0.2012310
0.750000,-40.000000,0.99,0,0,1,1,1,0,0,0,1,0.256,0.1,0.2228363
0.750000,-40.000000,0.99,0,0,1,1,1,0,0,0,1,0.512,0.1,0.2568842
0.750000,-40.000000,0.99,0,0,1,1,1,0,0,0,1,1.024,0.1,0.3119300
0.750000,-40.000000,0.99,0,0,1,1,1,0,0,0,1,0.016,1, 0.1726885
0.750000,-40.000000,0.99,0,0,1,1,1,0,0,0,1,0.032,1,0.1808091
0.750000,-40.000000,0.99,0,0,1,1,1,0,0,0,1,0.064,1,0.1868966
0.750000,-40.000000,0.99,0,0,1,1,1,0,0,0,1,0.128,1,0.2002551
0.750000,-40.000000,0.99,0,0,1,1,1,0,0,0,1,0.256,1,0.2213798
0.750000,-40.000000,0.99,0,0,1,1,1,0,0,0,1,0.512,1,0.2571222
0.750000,-40.000000,0.99,0,0,1,1,1,0,0,0,1,1.024,1,0.3112640
0.750000,-40.000000,0.99,0,0,1,1,1,0,0,0,1,0.016,2, 0.1710648
0.750000,-40.000000,0.99,0,0,1,1,1,0,0,0,1,0.032,2,0.1787647
0.750000,-40.000000,0.99,0,0,1,1,1,0,0,0,1,0.064,2,0.1863658
0.750000,-40.000000,0.99,0,0,1,1,1,0,0,0,1,0.128,2,0.1996641
0.750000,-40.000000,0.99,0,0,1,1,1,0,0,0,1,0.256,2,0.2232854
0.750000,-40.000000,0.99,0,0,1,1,1,0,0,0,1,0.512,2,0.2572991
0.750000,-40.000000,0.99,0,0,1,1,1,0,0,0,1,1.024,2,0.3115910
0.750000,-40.000000,0.99,0,0,1,1,1,0,0,0,1,0.016,4, 0.1720928
0.750000,-40.000000,0.99,0,0,1,1,1,0,0,0,1,0.032,4,0.1800571
0.750000,-40.000000,0.99,0,0,1,1,1,0,0,0,1,0.064,4,0.1869722
0.750000,-40.000000,0.99,0,0,1,1,1,0,0,0,1,0.128,4,0.1996800
0.750000,-40.000000,0.99,0,0,1,1,1,0,0,0,1,0.256,4,0.2233315
0.750000,-40.000000,0.99,0,0,1,1,1,0,0,0,1,0.512,4,0.2571953
0.750000,-40.000000,0.99,0,0,1,1,1,0,0,0,1,1.024,4,0.3117998
0.750000,-40.000000,0.99,0,0,1,1,1,0,0,0,1,0.016,8, 0.1712559
0.750000,-40.000000,0.99,0,0,1,1,1,0,0,0,1,0.032,8,0.1792543
0.750000,-40.000000,0.99,0,0,1,1,1,0,0,0,1,0.064,8,0.1881294
0.750000,-40.000000,0.99,0,0,1,1,1,0,0,0,1,0.128,8,0.2020033
0.750000,-40.000000,0.99,0,0,1,1,1,0,0,0,1,0.256,8,0.2220265
0.750000,-40.000000,0.99,0,0,1,1,1,0,0,0,1,0.512,8,0.2575101
0.750000,-40.000000,0.99,0,0,1,1,1,0,0,0,1,1.024,8,0.3113064
0.750000,-40.000000,0.99,0,0,1,1,1,0,0,0,1,0.016,16, 0.1727482
0.750000,-40.000000,0.99,0,0,1,1,1,0,0,0,1,0.032,16,0.1810716
0.750000,-40.000000,0.99,0,0,1,1,1,0,0,0,1,0.064,16,0.1884521
0.750000,-40.000000,0.99,0,0,1,1,1,0,0,0,1,0.128,16,0.2023543
0.750000,-40.000000,0.99,0,0,1,1,1,0,0,0,1,0.256,16,0.2234287
0.750000,-40.000000,0.99,0,0,1,1,1,0,0,0,1,0.512,16,0.2581719
0.750000,-40.000000,0.99,0,0,1,1,1,0,0,0,1,1.024,16,0.3114470
0.750000,-40.000000,0.99,0,0,1,1,1,0,0,0,1,0.016,32, 0.2224531
0.750000,-40.000000,0.99,0,0,1,1,1,0,0,0,1,0.032,32,0.2254923
0.750000,-40.000000,0.99,0,0,1,1,1,0,0,0,1,0.064,32,0.2302118
0.750000,-40.000000,0.99,0,0,1,1,1,0,0,0,1,0.128,32,0.2384078
0.750000,-40.000000,0.99,0,0,1,1,1,0,0,0,1,0.256,32,0.2524589
0.750000,-40.000000,0.99,0,0,1,1,1,0,0,0,1,0.512,32,0.2792711
0.750000,-40.000000,0.99,0,0,1,1,1,0,0,0,1,1.024,32,0.3256700
