nom_voltage,nom_temperature,nom_process,related_pin A0,related_pin A1,timing_type combinational,timing_sense negative_unate,cell_rise,rise_transition,cell_fall,fall_transition,output_load,input_slope,value
0.850000,125.000000,1.01,1,0,1,1,1,0,0,0,0.016,0.1,0.0364406
0.850000,125.000000,1.01,1,0,1,1,1,0,0,0,0.032,0.1,0.0371512
0.850000,125.000000,1.01,1,0,1,1,1,0,0,0,0.064,0.1,0.0382835
0.850000,125.000000,1.01,1,0,1,1,1,0,0,0,0.128,0.1,0.0403774
0.850000,125.000000,1.01,1,0,1,1,1,0,0,0,0.256,0.1,0.0442385
0.850000,125.000000,1.01,1,0,1,1,1,0,0,0,0.512,0.1,0.0512700
0.850000,125.000000,1.01,1,0,1,1,1,0,0,0,1.024,0.1,0.0643985
0.850000,125.000000,1.01,1,0,1,1,1,0,0,0,0.016,0.25, 0.0409251
0.850000,125.000000,1.01,1,0,1,1,1,0,0,0,0.032,0.25,0.0416311
0.850000,125.000000,1.01,1,0,1,1,1,0,0,0,0.064,0.25,0.0427659
0.850000,125.000000,1.01,1,0,1,1,1,0,0,0,0.128,0.25,0.0448619
0.850000,125.000000,1.01,1,0,1,1,1,0,0,0,0.256,0.25,0.0486810
0.850000,125.000000,1.01,1,0,1,1,1,0,0,0,0.512,0.25,0.0556731
0.850000,125.000000,1.01,1,0,1,1,1,0,0,0,1.024,0.25,0.0687430
0.850000,125.000000,1.01,1,0,1,1,1,0,0,0,0.016,0.5, 0.0472356
0.850000,125.000000,1.01,1,0,1,1,1,0,0,0,0.032,0.5,0.0479672
0.850000,125.000000,1.01,1,0,1,1,1,0,0,0,0.064,0.5,0.0491050
0.850000,125.000000,1.01,1,0,1,1,1,0,0,0,0.128,0.5,0.0512383
0.850000,125.000000,1.01,1,0,1,1,1,0,0,0,0.256,0.5,0.0551268
0.850000,125.000000,1.01,1,0,1,1,1,0,0,0,0.512,0.5,0.0621741
0.850000,125.000000,1.01,1,0,1,1,1,0,0,0,1.024,0.5,0.0752341
0.850000,125.000000,1.01,1,0,1,1,1,0,0,0,0.016,1, 0.0557448
0.850000,125.000000,1.01,1,0,1,1,1,0,0,0,0.032,1,0.0565245
0.850000,125.000000,1.01,1,0,1,1,1,0,0,0,0.064,1,0.0577672
0.850000,125.000000,1.01,1,0,1,1,1,0,0,0,0.128,1,0.0600888
0.850000,125.000000,1.01,1,0,1,1,1,0,0,0,0.256,1,0.0642055
0.850000,125.000000,1.01,1,0,1,1,1,0,0,0,0.512,1,0.0715398
0.850000,125.000000,1.01,1,0,1,1,1,0,0,0,1.024,1,0.0849080
0.850000,125.000000,1.01,1,0,1,1,1,0,0,0,0.016,2, 0.0664972
0.850000,125.000000,1.01,1,0,1,1,1,0,0,0,0.032,2,0.0673688
0.850000,125.000000,1.01,1,0,1,1,1,0,0,0,0.064,2,0.0687648
0.850000,125.000000,1.01,1,0,1,1,1,0,0,0,0.128,2,0.0713660
0.850000,125.000000,1.01,1,0,1,1,1,0,0,0,0.256,2,0.0761378
0.850000,125.000000,1.01,1,0,1,1,1,0,0,0,0.512,2,0.0842178
0.850000,125.000000,1.01,1,0,1,1,1,0,0,0,1.024,2,0.0986764
0.850000,125.000000,1.01,1,0,1,1,1,0,0,0,0.016,4, 0.0813954
0.850000,125.000000,1.01,1,0,1,1,1,0,0,0,0.032,4,0.0823935
0.850000,125.000000,1.01,1,0,1,1,1,0,0,0,0.064,4,0.0839844
0.850000,125.000000,1.01,1,0,1,1,1,0,0,0,0.128,4,0.0869719
0.850000,125.000000,1.01,1,0,1,1,1,0,0,0,0.256,4,0.0924315
0.850000,125.000000,1.01,1,0,1,1,1,0,0,0,0.512,4,0.1022699
0.850000,125.000000,1.01,1,0,1,1,1,0,0,0,1.024,4,0.1186701
0.850000,125.000000,1.01,1,0,1,1,1,0,0,0,0.016,8, 0.1035461
0.850000,125.000000,1.01,1,0,1,1,1,0,0,0,0.032,8,0.1046683
0.850000,125.000000,1.01,1,0,1,1,1,0,0,0,0.064,8,0.1064965
0.850000,125.000000,1.01,1,0,1,1,1,0,0,0,0.128,8,0.1100108
0.850000,125.000000,1.01,1,0,1,1,1,0,0,0,0.256,8,0.1165618
0.850000,125.000000,1.01,1,0,1,1,1,0,0,0,0.512,8,0.1281772
0.850000,125.000000,1.01,1,0,1,1,1,0,0,0,1.024,8,0.1483033
0.850000,125.000000,1.01,1,0,1,1,0,1,0,0,0.016,0.1,0.0121427
0.850000,125.000000,1.01,1,0,1,1,0,1,0,0,0.032,0.1,0.0127627
0.850000,125.000000,1.01,1,0,1,1,0,1,0,0,0.064,0.1,0.0137660
0.850000,125.000000,1.01,1,0,1,1,0,1,0,0,0.128,0.1,0.0158530
0.850000,125.000000,1.01,1,0,1,1,0,1,0,0,0.256,0.1,0.0201734
0.850000,125.000000,1.01,1,0,1,1,0,1,0,0,0.512,0.1,0.0292765
0.850000,125.000000,1.01,1,0,1,1,0,1,0,0,1.024,0.1,0.0485576
0.850000,125.000000,1.01,1,0,1,1,0,1,0,0,0.016,0.25, 0.0127484
0.850000,125.000000,1.01,1,0,1,1,0,1,0,0,0.032,0.25,0.0132898
0.850000,125.000000,1.01,1,0,1,1,0,1,0,0,0.064,0.25,0.0143188
0.850000,125.000000,1.01,1,0,1,1,0,1,0,0,0.128,0.25,0.0163813
0.850000,125.000000,1.01,1,0,1,1,0,1,0,0,0.256,0.25,0.0206032
0.850000,125.000000,1.01,1,0,1,1,0,1,0,0,0.512,0.25,0.0295606
0.850000,125.000000,1.01,1,0,1,1,0,1,0,0,1.024,0.25,0.0487293
0.850000,125.000000,1.01,1,0,1,1,0,1,0,0,0.016,0.5, 0.0147292
0.850000,125.000000,1.01,1,0,1,1,0,1,0,0,0.032,0.5,0.0152464
0.850000,125.000000,1.01,1,0,1,1,0,1,0,0,0.064,0.5,0.0161543
0.850000,125.000000,1.01,1,0,1,1,0,1,0,0,0.128,0.5,0.0181141
0.850000,125.000000,1.01,1,0,1,1,0,1,0,0,0.256,0.5,0.0221355
0.850000,125.000000,1.01,1,0,1,1,0,1,0,0,0.512,0.5,0.0306868
0.850000,125.000000,1.01,1,0,1,1,0,1,0,0,1.024,0.5,0.0493481
0.850000,125.000000,1.01,1,0,1,1,0,1,0,0,0.016,1, 0.0190554
0.850000,125.000000,1.01,1,0,1,1,0,1,0,0,0.032,1,0.0196303
0.850000,125.000000,1.01,1,0,1,1,0,1,0,0,0.064,1,0.0206092
0.850000,125.000000,1.01,1,0,1,1,0,1,0,0,0.128,1,0.0224891
0.850000,125.000000,1.01,1,0,1,1,0,1,0,0,0.256,1,0.0261793
0.850000,125.000000,1.01,1,0,1,1,0,1,0,0,0.512,1,0.0342355
0.850000,125.000000,1.01,1,0,1,1,0,1,0,0,1.024,1,0.0520057
0.850000,125.000000,1.01,1,0,1,1,0,1,0,0,0.016,2, 0.0274721
0.850000,125.000000,1.01,1,0,1,1,0,1,0,0,0.032,2,0.0279019
0.850000,125.000000,1.01,1,0,1,1,0,1,0,0,0.064,2,0.0288778
0.850000,125.000000,1.01,1,0,1,1,0,1,0,0,0.128,2,0.0307968
0.850000,125.000000,1.01,1,0,1,1,0,1,0,0,0.256,2,0.0345650
0.850000,125.000000,1.01,1,0,1,1,0,1,0,0,0.512,2,0.0424308
0.850000,125.000000,1.01,1,0,1,1,0,1,0,0,1.024,2,0.0591761
0.850000,125.000000,1.01,1,0,1,1,0,1,0,0,0.016,4, 0.0443093
0.850000,125.000000,1.01,1,0,1,1,0,1,0,0,0.032,4,0.0448555
0.850000,125.000000,1.01,1,0,1,1,0,1,0,0,0.064,4,0.0457736
0.850000,125.000000,1.01,1,0,1,1,0,1,0,0,0.128,4,0.0475910
0.850000,125.000000,1.01,1,0,1,1,0,1,0,0,0.256,4,0.0511698
0.850000,125.000000,1.01,1,0,1,1,0,1,0,0,0.512,4,0.0593689
0.850000,125.000000,1.01,1,0,1,1,0,1,0,0,1.024,4,0.0760246
0.850000,125.000000,1.01,1,0,1,1,0,1,0,0,0.016,8, 0.0765178
0.850000,125.000000,1.01,1,0,1,1,0,1,0,0,0.032,8,0.0770235
0.850000,125.000000,1.01,1,0,1,1,0,1,0,0,0.064,8,0.0778911
0.850000,125.000000,1.01,1,0,1,1,0,1,0,0,0.128,8,0.0796204
0.850000,125.000000,1.01,1,0,1,1,0,1,0,0,0.256,8,0.0838626
0.850000,125.000000,1.01,1,0,1,1,0,1,0,0,0.512,8,0.0928435
0.850000,125.000000,1.01,1,0,1,1,0,1,0,0,1.024,8,0.1102803
0.850000,125.000000,1.01,1,0,1,1,0,0,1,0,0.016,0.1,0.0377886
0.850000,125.000000,1.01,1,0,1,1,0,0,1,0,0.032,0.1,0.0386309
0.850000,125.000000,1.01,1,0,1,1,0,0,1,0,0.064,0.1,0.0399328
0.850000,125.000000,1.01,1,0,1,1,0,0,1,0,0.128,0.1,0.0423577
0.850000,125.000000,1.01,1,0,1,1,0,0,1,0,0.256,0.1,0.0467031
0.850000,125.000000,1.01,1,0,1,1,0,0,1,0,0.512,0.1,0.0546276
0.850000,125.000000,1.01,1,0,1,1,0,0,1,0,1.024,0.1,0.0700583
0.850000,125.000000,1.01,1,0,1,1,0,0,1,0,0.016,0.25, 0.0407062
0.850000,125.000000,1.01,1,0,1,1,0,0,1,0,0.032,0.25,0.0415339
0.850000,125.000000,1.01,1,0,1,1,0,0,1,0,0.064,0.25,0.0428790
0.850000,125.000000,1.01,1,0,1,1,0,0,1,0,0.128,0.25,0.0452917
0.850000,125.000000,1.01,1,0,1,1,0,0,1,0,0.256,0.25,0.0496135
0.850000,125.000000,1.01,1,0,1,1,0,0,1,0,0.512,0.25,0.0575368
0.850000,125.000000,1.01,1,0,1,1,0,0,1,0,1.024,0.25,0.0729059
0.850000,125.000000,1.01,1,0,1,1,0,0,1,0,0.016,0.5, 0.0439264
0.850000,125.000000,1.01,1,0,1,1,0,0,1,0,0.032,0.5,0.0447912
0.850000,125.000000,1.01,1,0,1,1,0,0,1,0,0.064,0.5,0.0461306
0.850000,125.000000,1.01,1,0,1,1,0,0,1,0,0.128,0.5,0.0486456
0.850000,125.000000,1.01,1,0,1,1,0,0,1,0,0.256,0.5,0.0530981
0.850000,125.000000,1.01,1,0,1,1,0,0,1,0,0.512,0.5,0.0610283
0.850000,125.000000,1.01,1,0,1,1,0,0,1,0,1.024,0.5,0.0762976
0.850000,125.000000,1.01,1,0,1,1,0,0,1,0,0.016,1, 0.0465156
0.850000,125.000000,1.01,1,0,1,1,0,0,1,0,0.032,1,0.0474415
0.850000,125.000000,1.01,1,0,1,1,0,0,1,0,0.064,1,0.0488676
0.850000,125.000000,1.01,1,0,1,1,0,0,1,0,0.128,1,0.0515100
0.850000,125.000000,1.01,1,0,1,1,0,0,1,0,0.256,1,0.0562908
0.850000,125.000000,1.01,1,0,1,1,0,0,1,0,0.512,1,0.0645314
0.850000,125.000000,1.01,1,0,1,1,0,0,1,0,1.024,1,0.0797100
0.850000,125.000000,1.01,1,0,1,1,0,0,1,0,0.016,2, 0.0466716
0.850000,125.000000,1.01,1,0,1,1,0,0,1,0,0.032,2,0.0476642
0.850000,125.000000,1.01,1,0,1,1,0,0,1,0,0.064,2,0.0492555
0.850000,125.000000,1.01,1,0,1,1,0,0,1,0,0.128,2,0.0522555
0.850000,125.000000,1.01,1,0,1,1,0,0,1,0,0.256,2,0.0575572
0.850000,125.000000,1.01,1,0,1,1,0,0,1,0,0.512,2,0.0668344
0.850000,125.000000,1.01,1,0,1,1,0,0,1,0,1.024,2,0.0825992
0.850000,125.000000,1.01,1,0,1,1,0,0,1,0,0.016,4, 0.0415498
0.850000,125.000000,1.01,1,0,1,1,0,0,1,0,0.032,4,0.0426283
0.850000,125.000000,1.01,1,0,1,1,0,0,1,0,0.064,4,0.0443951
0.850000,125.000000,1.01,1,0,1,1,0,0,1,0,0.128,4,0.0478739
0.850000,125.000000,1.01,1,0,1,1,0,0,1,0,0.256,4,0.0540276
0.850000,125.000000,1.01,1,0,1,1,0,0,1,0,0.512,4,0.0647334
0.850000,125.000000,1.01,1,0,1,1,0,0,1,0,1.024,4,0.0828747
0.850000,125.000000,1.01,1,0,1,1,0,0,1,0,0.016,8, 0.0261656
0.850000,125.000000,1.01,1,0,1,1,0,0,1,0,0.032,8,0.0273595
0.850000,125.000000,1.01,1,0,1,1,0,0,1,0,0.064,8,0.0293275
0.850000,125.000000,1.01,1,0,1,1,0,0,1,0,0.128,8,0.0332968
0.850000,125.000000,1.01,1,0,1,1,0,0,1,0,0.256,8,0.0403303
0.850000,125.000000,1.01,1,0,1,1,0,0,1,0,0.512,8,0.0531979
0.850000,125.000000,1.01,1,0,1,1,0,0,1,0,1.024,8,0.0751067
0.850000,125.000000,1.01,1,0,1,1,0,0,0,1,0.016,0.1,0.0125227
0.850000,125.000000,1.01,1,0,1,1,0,0,0,1,0.032,0.1,0.0131906
0.850000,125.000000,1.01,1,0,1,1,0,0,0,1,0.064,0.1,0.0143617
0.850000,125.000000,1.01,1,0,1,1,0,0,0,1,0.128,0.1,0.0166582
0.850000,125.000000,1.01,1,0,1,1,0,0,0,1,0.256,0.1,0.0216567
0.850000,125.000000,1.01,1,0,1,1,0,0,0,1,0.512,0.1,0.0327447
0.850000,125.000000,1.01,1,0,1,1,0,0,0,1,1.024,0.1,0.0569581
0.850000,125.000000,1.01,1,0,1,1,0,0,0,1,0.016,0.25, 0.0132502
0.850000,125.000000,1.01,1,0,1,1,0,0,0,1,0.032,0.25,0.0138791
0.850000,125.000000,1.01,1,0,1,1,0,0,0,1,0.064,0.25,0.0148788
0.850000,125.000000,1.01,1,0,1,1,0,0,0,1,0.128,0.25,0.0171465
0.850000,125.000000,1.01,1,0,1,1,0,0,0,1,0.256,0.25,0.0221270
0.850000,125.000000,1.01,1,0,1,1,0,0,0,1,0.512,0.25,0.0329326
0.850000,125.000000,1.01,1,0,1,1,0,0,0,1,1.024,0.25,0.0572051
0.850000,125.000000,1.01,1,0,1,1,0,0,0,1,0.016,0.5, 0.0151889
0.850000,125.000000,1.01,1,0,1,1,0,0,0,1,0.032,0.5,0.0158194
0.850000,125.000000,1.01,1,0,1,1,0,0,0,1,0.064,0.5,0.0168715
0.850000,125.000000,1.01,1,0,1,1,0,0,0,1,0.128,0.5,0.0190461
0.850000,125.000000,1.01,1,0,1,1,0,0,0,1,0.256,0.5,0.0236747
0.850000,125.000000,1.01,1,0,1,1,0,0,0,1,0.512,0.5,0.0341249
0.850000,125.000000,1.01,1,0,1,1,0,0,0,1,1.024,0.5,0.0575633
0.850000,125.000000,1.01,1,0,1,1,0,0,0,1,0.016,1, 0.0195014
0.850000,125.000000,1.01,1,0,1,1,0,0,0,1,0.032,1,0.0201422
0.850000,125.000000,1.01,1,0,1,1,0,0,0,1,0.064,1,0.0212129
0.850000,125.000000,1.01,1,0,1,1,0,0,0,1,0.128,1,0.0232382
0.850000,125.000000,1.01,1,0,1,1,0,0,0,1,0.256,1,0.0273885
0.850000,125.000000,1.01,1,0,1,1,0,0,0,1,0.512,1,0.0370045
0.850000,125.000000,1.01,1,0,1,1,0,0,0,1,1.024,1,0.0593716
0.850000,125.000000,1.01,1,0,1,1,0,0,0,1,0.016,2, 0.0283877
0.850000,125.000000,1.01,1,0,1,1,0,0,0,1,0.032,2,0.0289441
0.850000,125.000000,1.01,1,0,1,1,0,0,0,1,0.064,2,0.0298419
0.850000,125.000000,1.01,1,0,1,1,0,0,0,1,0.128,2,0.0315897
0.850000,125.000000,1.01,1,0,1,1,0,0,0,1,0.256,2,0.0355259
0.850000,125.000000,1.01,1,0,1,1,0,0,0,1,0.512,2,0.0442900
0.850000,125.000000,1.01,1,0,1,1,0,0,0,1,1.024,2,0.0644524
0.850000,125.000000,1.01,1,0,1,1,0,0,0,1,0.016,4, 0.0453337
0.850000,125.000000,1.01,1,0,1,1,0,0,0,1,0.032,4,0.0458213
0.850000,125.000000,1.01,1,0,1,1,0,0,0,1,0.064,4,0.0466261
0.850000,125.000000,1.01,1,0,1,1,0,0,0,1,0.128,4,0.0484241
0.850000,125.000000,1.01,1,0,1,1,0,0,0,1,0.256,4,0.0524438
0.850000,125.000000,1.01,1,0,1,1,0,0,0,1,0.512,4,0.0605428
0.850000,125.000000,1.01,1,0,1,1,0,0,0,1,1.024,4,0.0782518
0.850000,125.000000,1.01,1,0,1,1,0,0,0,1,0.016,8, 0.0786964
0.850000,125.000000,1.01,1,0,1,1,0,0,0,1,0.032,8,0.0789302
0.850000,125.000000,1.01,1,0,1,1,0,0,0,1,0.064,8,0.0796067
0.850000,125.000000,1.01,1,0,1,1,0,0,0,1,0.128,8,0.0819825
0.850000,125.000000,1.01,1,0,1,1,0,0,0,1,0.256,8,0.0851525
0.850000,125.000000,1.01,1,0,1,1,0,0,0,1,0.512,8,0.0930844
0.850000,125.000000,1.01,1,0,1,1,0,0,0,1,1.024,8,0.1093133
0.850000,125.000000,1.01,0,1,1,1,1,0,0,0,0.016,0.1,0.0340675
0.850000,125.000000,1.01,0,1,1,1,1,0,0,0,0.032,0.1,0.0347669
0.850000,125.000000,1.01,0,1,1,1,1,0,0,0,0.064,0.1,0.0358954
0.850000,125.000000,1.01,0,1,1,1,1,0,0,0,0.128,0.1,0.0379741
0.850000,125.000000,1.01,0,1,1,1,1,0,0,0,0.256,0.1,0.0417949
0.850000,125.000000,1.01,0,1,1,1,1,0,0,0,0.512,0.1,0.0487509
0.850000,125.000000,1.01,0,1,1,1,1,0,0,0,1.024,0.1,0.0618333
0.850000,125.000000,1.01,0,1,1,1,1,0,0,0,0.016,0.25, 0.0384979
0.850000,125.000000,1.01,0,1,1,1,1,0,0,0,0.032,0.25,0.0392015
0.850000,125.000000,1.01,0,1,1,1,1,0,0,0,0.064,0.25,0.0403262
0.850000,125.000000,1.01,0,1,1,1,1,0,0,0,0.128,0.25,0.0424171
0.850000,125.000000,1.01,0,1,1,1,1,0,0,0,0.256,0.25,0.0462155
0.850000,125.000000,1.01,0,1,1,1,1,0,0,0,0.512,0.25,0.0531928
0.850000,125.000000,1.01,0,1,1,1,1,0,0,0,1.024,0.25,0.0661624
0.850000,125.000000,1.01,0,1,1,1,1,0,0,0,0.016,0.5, 0.0448187
0.850000,125.000000,1.01,0,1,1,1,1,0,0,0,0.032,0.5,0.0455517
0.850000,125.000000,1.01,0,1,1,1,1,0,0,0,0.064,0.5,0.0467093
0.850000,125.000000,1.01,0,1,1,1,1,0,0,0,0.128,0.5,0.0488759
0.850000,125.000000,1.01,0,1,1,1,1,0,0,0,0.256,0.5,0.0527588
0.850000,125.000000,1.01,0,1,1,1,1,0,0,0,0.512,0.5,0.0598150
0.850000,125.000000,1.01,0,1,1,1,1,0,0,0,1.024,0.5,0.0728415
0.850000,125.000000,1.01,0,1,1,1,1,0,0,0,0.016,1, 0.0535027
0.850000,125.000000,1.01,0,1,1,1,1,0,0,0,0.032,1,0.0543101
0.850000,125.000000,1.01,0,1,1,1,1,0,0,0,0.064,1,0.0556681
0.850000,125.000000,1.01,0,1,1,1,1,0,0,0,0.128,1,0.0580671
0.850000,125.000000,1.01,0,1,1,1,1,0,0,0,0.256,1,0.0621840
0.850000,125.000000,1.01,0,1,1,1,1,0,0,0,0.512,1,0.0695588
0.850000,125.000000,1.01,0,1,1,1,1,0,0,0,1.024,1,0.0829338
0.850000,125.000000,1.01,0,1,1,1,1,0,0,0,0.016,2, 0.0655802
0.850000,125.000000,1.01,0,1,1,1,1,0,0,0,0.032,2,0.0665097
0.850000,125.000000,1.01,0,1,1,1,1,0,0,0,0.064,2,0.0679925
0.850000,125.000000,1.01,0,1,1,1,1,0,0,0,0.128,2,0.0707539
0.850000,125.000000,1.01,0,1,1,1,1,0,0,0,0.256,2,0.0755185
0.850000,125.000000,1.01,0,1,1,1,1,0,0,0,0.512,2,0.0837987
0.850000,125.000000,1.01,0,1,1,1,1,0,0,0,1.024,2,0.0981558
0.850000,125.000000,1.01,0,1,1,1,1,0,0,0,0.016,4, 0.0831600
0.850000,125.000000,1.01,0,1,1,1,1,0,0,0,0.032,4,0.0842359
0.850000,125.000000,1.01,0,1,1,1,1,0,0,0,0.064,4,0.0859698
0.850000,125.000000,1.01,0,1,1,1,1,0,0,0,0.128,4,0.0892501
0.850000,125.000000,1.01,0,1,1,1,1,0,0,0,0.256,4,0.0949113
0.850000,125.000000,1.01,0,1,1,1,1,0,0,0,0.512,4,0.1048013
0.850000,125.000000,1.01,0,1,1,1,1,0,0,0,1.024,4,0.1216389
0.850000,125.000000,1.01,0,1,1,1,1,0,0,0,0.016,8, 0.1114072
0.850000,125.000000,1.01,0,1,1,1,1,0,0,0,0.032,8,0.1126898
0.850000,125.000000,1.01,0,1,1,1,1,0,0,0,0.064,8,0.1146464
0.850000,125.000000,1.01,0,1,1,1,1,0,0,0,0.128,8,0.1183838
0.850000,125.000000,1.01,0,1,1,1,1,0,0,0,0.256,8,0.1255436
0.850000,125.000000,1.01,0,1,1,1,1,0,0,0,0.512,8,0.1379558
0.850000,125.000000,1.01,0,1,1,1,1,0,0,0,1.024,8,0.1582112
0.850000,125.000000,1.01,0,1,1,1,0,1,0,0,0.016,0.1,0.0124702
0.850000,125.000000,1.01,0,1,1,1,0,1,0,0,0.032,0.1,0.0130518
0.850000,125.000000,1.01,0,1,1,1,0,1,0,0,0.064,0.1,0.0140377
0.850000,125.000000,1.01,0,1,1,1,0,1,0,0,0.128,0.1,0.0161294
0.850000,125.000000,1.01,0,1,1,1,0,1,0,0,0.256,0.1,0.0204457
0.850000,125.000000,1.01,0,1,1,1,0,1,0,0,0.512,0.1,0.0294498
0.850000,125.000000,1.01,0,1,1,1,0,1,0,0,1.024,0.1,0.0485925
0.850000,125.000000,1.01,0,1,1,1,0,1,0,0,0.016,0.25, 0.0134413
0.850000,125.000000,1.01,0,1,1,1,0,1,0,0,0.032,0.25,0.0139271
0.850000,125.000000,1.01,0,1,1,1,0,1,0,0,0.064,0.25,0.0149595
0.850000,125.000000,1.01,0,1,1,1,0,1,0,0,0.128,0.25,0.0168921
0.850000,125.000000,1.01,0,1,1,1,0,1,0,0,0.256,0.25,0.0210731
0.850000,125.000000,1.01,0,1,1,1,0,1,0,0,0.512,0.25,0.0298558
0.850000,125.000000,1.01,0,1,1,1,0,1,0,0,1.024,0.25,0.0488934
0.850000,125.000000,1.01,0,1,1,1,0,1,0,0,0.016,0.5, 0.0158388
0.850000,125.000000,1.01,0,1,1,1,0,1,0,0,0.032,0.5,0.0162885
0.850000,125.000000,1.01,0,1,1,1,0,1,0,0,0.064,0.5,0.0172198
0.850000,125.000000,1.01,0,1,1,1,0,1,0,0,0.128,0.5,0.0191089
0.850000,125.000000,1.01,0,1,1,1,0,1,0,0,0.256,0.5,0.0229826
0.850000,125.000000,1.01,0,1,1,1,0,1,0,0,0.512,0.5,0.0313657
0.850000,125.000000,1.01,0,1,1,1,0,1,0,0,1.024,0.5,0.0498509
0.850000,125.000000,1.01,0,1,1,1,0,1,0,0,0.016,1, 0.0207564
0.850000,125.000000,1.01,0,1,1,1,0,1,0,0,0.032,1,0.0212179
0.850000,125.000000,1.01,0,1,1,1,0,1,0,0,0.064,1,0.0222089
0.850000,125.000000,1.01,0,1,1,1,0,1,0,0,0.128,1,0.0240369
0.850000,125.000000,1.01,0,1,1,1,0,1,0,0,0.256,1,0.0274991
0.850000,125.000000,1.01,0,1,1,1,0,1,0,0,0.512,1,0.0353832
0.850000,125.000000,1.01,0,1,1,1,0,1,0,0,1.024,1,0.0526564
0.850000,125.000000,1.01,0,1,1,1,0,1,0,0,0.016,2, 0.0302470
0.850000,125.000000,1.01,0,1,1,1,0,1,0,0,0.032,2,0.0307987
0.850000,125.000000,1.01,0,1,1,1,0,1,0,0,0.064,2,0.0317146
0.850000,125.000000,1.01,0,1,1,1,0,1,0,0,0.128,2,0.0334945
0.850000,125.000000,1.01,0,1,1,1,0,1,0,0,0.256,2,0.0371332
0.850000,125.000000,1.01,0,1,1,1,0,1,0,0,0.512,2,0.0443444
0.850000,125.000000,1.01,0,1,1,1,0,1,0,0,1.024,2,0.0604733
0.850000,125.000000,1.01,0,1,1,1,0,1,0,0,0.016,4, 0.0483062
0.850000,125.000000,1.01,0,1,1,1,0,1,0,0,0.032,4,0.0488720
0.850000,125.000000,1.01,0,1,1,1,0,1,0,0,0.064,4,0.0498743
0.850000,125.000000,1.01,0,1,1,1,0,1,0,0,0.128,4,0.0518462
0.850000,125.000000,1.01,0,1,1,1,0,1,0,0,0.256,4,0.0554514
0.850000,125.000000,1.01,0,1,1,1,0,1,0,0,0.512,4,0.0627668
0.850000,125.000000,1.01,0,1,1,1,0,1,0,0,1.024,4,0.0782426
0.850000,125.000000,1.01,0,1,1,1,0,1,0,0,0.016,8, 0.0829708
0.850000,125.000000,1.01,0,1,1,1,0,1,0,0,0.032,8,0.0846551
0.850000,125.000000,1.01,0,1,1,1,0,1,0,0,0.064,8,0.0856412
0.850000,125.000000,1.01,0,1,1,1,0,1,0,0,0.128,8,0.0875391
0.850000,125.000000,1.01,0,1,1,1,0,1,0,0,0.256,8,0.0916840
0.850000,125.000000,1.01,0,1,1,1,0,1,0,0,0.512,8,0.1003189
0.850000,125.000000,1.01,0,1,1,1,0,1,0,0,1.024,8,0.1159544
0.850000,125.000000,1.01,0,1,1,1,0,0,1,0,0.016,0.1,0.0335329
0.850000,125.000000,1.01,0,1,1,1,0,0,1,0,0.032,0.1,0.0343551
0.850000,125.000000,1.01,0,1,1,1,0,0,1,0,0.064,0.1,0.0356546
0.850000,125.000000,1.01,0,1,1,1,0,0,1,0,0.128,0.1,0.0380121
0.850000,125.000000,1.01,0,1,1,1,0,0,1,0,0.256,0.1,0.0423243
0.850000,125.000000,1.01,0,1,1,1,0,0,1,0,0.512,0.1,0.0502801
0.850000,125.000000,1.01,0,1,1,1,0,0,1,0,1.024,0.1,0.0659160
0.850000,125.000000,1.01,0,1,1,1,0,0,1,0,0.016,0.25, 0.0361782
0.850000,125.000000,1.01,0,1,1,1,0,0,1,0,0.032,0.25,0.0369923
0.850000,125.000000,1.01,0,1,1,1,0,0,1,0,0.064,0.25,0.0382796
0.850000,125.000000,1.01,0,1,1,1,0,0,1,0,0.128,0.25,0.0406877
0.850000,125.000000,1.01,0,1,1,1,0,0,1,0,0.256,0.25,0.0449957
0.850000,125.000000,1.01,0,1,1,1,0,0,1,0,0.512,0.25,0.0529350
0.850000,125.000000,1.01,0,1,1,1,0,0,1,0,1.024,0.25,0.0685167
0.850000,125.000000,1.01,0,1,1,1,0,0,1,0,0.016,0.5, 0.0389229
0.850000,125.000000,1.01,0,1,1,1,0,0,1,0,0.032,0.5,0.0397661
0.850000,125.000000,1.01,0,1,1,1,0,0,1,0,0.064,0.5,0.0411436
0.850000,125.000000,1.01,0,1,1,1,0,0,1,0,0.128,0.5,0.0436387
0.850000,125.000000,1.01,0,1,1,1,0,0,1,0,0.256,0.5,0.0481113
0.850000,125.000000,1.01,0,1,1,1,0,0,1,0,0.512,0.5,0.0561499
0.850000,125.000000,1.01,0,1,1,1,0,0,1,0,1.024,0.5,0.0715892
0.850000,125.000000,1.01,0,1,1,1,0,0,1,0,0.016,1, 0.0406266
0.850000,125.000000,1.01,0,1,1,1,0,0,1,0,0.032,1,0.0415518
0.850000,125.000000,1.01,0,1,1,1,0,0,1,0,0.064,1,0.0430731
0.850000,125.000000,1.01,0,1,1,1,0,0,1,0,0.128,1,0.0457914
0.850000,125.000000,1.01,0,1,1,1,0,0,1,0,0.256,1,0.0506240
0.850000,125.000000,1.01,0,1,1,1,0,0,1,0,0.512,1,0.0591148
0.850000,125.000000,1.01,0,1,1,1,0,0,1,0,1.024,1,0.0746323
0.850000,125.000000,1.01,0,1,1,1,0,0,1,0,0.016,2, 0.0390317
0.850000,125.000000,1.01,0,1,1,1,0,0,1,0,0.032,2,0.0400660
0.850000,125.000000,1.01,0,1,1,1,0,0,1,0,0.064,2,0.0417196
0.850000,125.000000,1.01,0,1,1,1,0,0,1,0,0.128,2,0.0447323
0.850000,125.000000,1.01,0,1,1,1,0,0,1,0,0.256,2,0.0503039
0.850000,125.000000,1.01,0,1,1,1,0,0,1,0,0.512,2,0.0598760
0.850000,125.000000,1.01,0,1,1,1,0,0,1,0,1.024,2,0.0763963
0.850000,125.000000,1.01,0,1,1,1,0,0,1,0,0.016,4, 0.0299086
0.850000,125.000000,1.01,0,1,1,1,0,0,1,0,0.032,4,0.0310865
0.850000,125.000000,1.01,0,1,1,1,0,0,1,0,0.064,4,0.0328346
0.850000,125.000000,1.01,0,1,1,1,0,0,1,0,0.128,4,0.0364503
0.850000,125.000000,1.01,0,1,1,1,0,0,1,0,0.256,4,0.0428822
0.850000,125.000000,1.01,0,1,1,1,0,0,1,0,0.512,4,0.0543026
0.850000,125.000000,1.01,0,1,1,1,0,0,1,0,1.024,4,0.0735419
0.850000,125.000000,1.01,0,1,1,1,0,0,1,0,0.016,8, 0.0062273
0.850000,125.000000,1.01,0,1,1,1,0,0,1,0,0.032,8,0.0075288
0.850000,125.000000,1.01,0,1,1,1,0,0,1,0,0.064,8,0.0096700
0.850000,125.000000,1.01,0,1,1,1,0,0,1,0,0.128,8,0.0135117
0.850000,125.000000,1.01,0,1,1,1,0,0,1,0,0.256,8,0.0212409
0.850000,125.000000,1.01,0,1,1,1,0,0,1,0,0.512,8,0.0350575
0.850000,125.000000,1.01,0,1,1,1,0,0,1,0,1.024,8,0.0580941
0.850000,125.000000,1.01,0,1,1,1,0,0,0,1,0.016,0.1,0.0114454
0.850000,125.000000,1.01,0,1,1,1,0,0,0,1,0.032,0.1,0.0121423
0.850000,125.000000,1.01,0,1,1,1,0,0,0,1,0.064,0.1,0.0133528
0.850000,125.000000,1.01,0,1,1,1,0,0,0,1,0.128,0.1,0.0158005
0.850000,125.000000,1.01,0,1,1,1,0,0,0,1,0.256,0.1,0.0210048
0.850000,125.000000,1.01,0,1,1,1,0,0,0,1,0.512,0.1,0.0324859
0.850000,125.000000,1.01,0,1,1,1,0,0,0,1,1.024,0.1,0.0572418
0.850000,125.000000,1.01,0,1,1,1,0,0,0,1,0.016,0.25, 0.0121984
0.850000,125.000000,1.01,0,1,1,1,0,0,0,1,0.032,0.25,0.0128890
0.850000,125.000000,1.01,0,1,1,1,0,0,0,1,0.064,0.25,0.0140351
0.850000,125.000000,1.01,0,1,1,1,0,0,0,1,0.128,0.25,0.0164014
0.850000,125.000000,1.01,0,1,1,1,0,0,0,1,0.256,0.25,0.0215024
0.850000,125.000000,1.01,0,1,1,1,0,0,0,1,0.512,0.25,0.0327977
0.850000,125.000000,1.01,0,1,1,1,0,0,0,1,1.024,0.25,0.0572962
0.850000,125.000000,1.01,0,1,1,1,0,0,0,1,0.016,0.5, 0.0142874
0.850000,125.000000,1.01,0,1,1,1,0,0,0,1,0.032,0.5,0.0148760
0.850000,125.000000,1.01,0,1,1,1,0,0,0,1,0.064,0.5,0.0161340
0.850000,125.000000,1.01,0,1,1,1,0,0,0,1,0.128,0.5,0.0184328
0.850000,125.000000,1.01,0,1,1,1,0,0,0,1,0.256,0.5,0.0232607
0.850000,125.000000,1.01,0,1,1,1,0,0,0,1,0.512,0.5,0.0340691
0.850000,125.000000,1.01,0,1,1,1,0,0,0,1,1.024,0.5,0.0578530
0.850000,125.000000,1.01,0,1,1,1,0,0,0,1,0.016,1, 0.0188622
0.850000,125.000000,1.01,0,1,1,1,0,0,0,1,0.032,1,0.0194328
0.850000,125.000000,1.01,0,1,1,1,0,0,0,1,0.064,1,0.0205803
0.850000,125.000000,1.01,0,1,1,1,0,0,0,1,0.128,1,0.0228170
0.850000,125.000000,1.01,0,1,1,1,0,0,0,1,0.256,1,0.0271746
0.850000,125.000000,1.01,0,1,1,1,0,0,0,1,0.512,1,0.0373106
0.850000,125.000000,1.01,0,1,1,1,0,0,0,1,1.024,1,0.0599256
0.850000,125.000000,1.01,0,1,1,1,0,0,0,1,0.016,2, 0.0274514
0.850000,125.000000,1.01,0,1,1,1,0,0,0,1,0.032,2,0.0280462
0.850000,125.000000,1.01,0,1,1,1,0,0,0,1,0.064,2,0.0290572
0.850000,125.000000,1.01,0,1,1,1,0,0,0,1,0.128,2,0.0311646
0.850000,125.000000,1.01,0,1,1,1,0,0,0,1,0.256,2,0.0359007
0.850000,125.000000,1.01,0,1,1,1,0,0,0,1,0.512,2,0.0450223
0.850000,125.000000,1.01,0,1,1,1,0,0,0,1,1.024,2,0.0657908
0.850000,125.000000,1.01,0,1,1,1,0,0,0,1,0.016,4, 0.0441358
0.850000,125.000000,1.01,0,1,1,1,0,0,0,1,0.032,4,0.0446076
0.850000,125.000000,1.01,0,1,1,1,0,0,0,1,0.064,4,0.0455332
0.850000,125.000000,1.01,0,1,1,1,0,0,0,1,0.128,4,0.0484107
0.850000,125.000000,1.01,0,1,1,1,0,0,0,1,0.256,4,0.0527386
0.850000,125.000000,1.01,0,1,1,1,0,0,0,1,0.512,4,0.0622270
0.850000,125.000000,1.01,0,1,1,1,0,0,0,1,1.024,4,0.0808251
0.850000,125.000000,1.01,0,1,1,1,0,0,0,1,0.016,8, 0.0785370
0.850000,125.000000,1.01,0,1,1,1,0,0,0,1,0.032,8,0.0789941
0.850000,125.000000,1.01,0,1,1,1,0,0,0,1,0.064,8,0.0798126
0.850000,125.000000,1.01,0,1,1,1,0,0,0,1,0.128,8,0.0815005
0.850000,125.000000,1.01,0,1,1,1,0,0,0,1,0.256,8,0.0868805
0.850000,125.000000,1.01,0,1,1,1,0,0,0,1,0.512,8,0.0958390
0.850000,125.000000,1.01,0,1,1,1,0,0,0,1,1.024,8,0.1150474
0.750000,-40.000000,0.99,1,0,1,1,1,0,0,0,0.016,0.1,0.1994410
0.750000,-40.000000,0.99,1,0,1,1,1,0,0,0,0.032,0.1,0.2024716
0.750000,-40.000000,0.99,1,0,1,1,1,0,0,0,0.064,0.1,0.2071324
0.750000,-40.000000,0.99,1,0,1,1,1,0,0,0,0.128,0.1,0.2156570
0.750000,-40.000000,0.99,1,0,1,1,1,0,0,0,0.256,0.1,0.2301345
0.750000,-40.000000,0.99,1,0,1,1,1,0,0,0,0.512,0.1,0.2563688
0.750000,-40.000000,0.99,1,0,1,1,1,0,0,0,1.024,0.1,0.3054982
0.750000,-40.000000,0.99,1,0,1,1,1,0,0,0,0.016,0.25, 0.2103209
0.750000,-40.000000,0.99,1,0,1,1,1,0,0,0,0.032,0.25,0.2133888
0.750000,-40.000000,0.99,1,0,1,1,1,0,0,0,0.064,0.25,0.2180655
0.750000,-40.000000,0.99,1,0,1,1,1,0,0,0,0.128,0.25,0.2263029
0.750000,-40.000000,0.99,1,0,1,1,1,0,0,0,0.256,0.25,0.2411457
0.750000,-40.000000,0.99,1,0,1,1,1,0,0,0,0.512,0.25,0.2670955
0.750000,-40.000000,0.99,1,0,1,1,1,0,0,0,1.024,0.25,0.3163728
0.750000,-40.000000,0.99,1,0,1,1,1,0,0,0,0.016,0.5, 0.2326536
0.750000,-40.000000,0.99,1,0,1,1,1,0,0,0,0.032,0.5,0.2356778
0.750000,-40.000000,0.99,1,0,1,1,1,0,0,0,0.064,0.5,0.2403603
0.750000,-40.000000,0.99,1,0,1,1,1,0,0,0,0.128,0.5,0.2488728
0.750000,-40.000000,0.99,1,0,1,1,1,0,0,0,0.256,0.5,0.2633609
0.750000,-40.000000,0.99,1,0,1,1,1,0,0,0,0.512,0.5,0.2895293
0.750000,-40.000000,0.99,1,0,1,1,1,0,0,0,1.024,0.5,0.3386277
0.750000,-40.000000,0.99,1,0,1,1,1,0,0,0,0.016,1, 0.2787889
0.750000,-40.000000,0.99,1,0,1,1,1,0,0,0,0.032,1,0.2818676
0.750000,-40.000000,0.99,1,0,1,1,1,0,0,0,0.064,1,0.2866161
0.750000,-40.000000,0.99,1,0,1,1,1,0,0,0,0.128,1,0.2949364
0.750000,-40.000000,0.99,1,0,1,1,1,0,0,0,0.256,1,0.3095151
0.750000,-40.000000,0.99,1,0,1,1,1,0,0,0,0.512,1,0.3358346
0.750000,-40.000000,0.99,1,0,1,1,1,0,0,0,1.024,1,0.3848373
0.750000,-40.000000,0.99,1,0,1,1,1,0,0,0,0.016,2, 0.3745577
0.750000,-40.000000,0.99,1,0,1,1,1,0,0,0,0.032,2,0.3776798
0.750000,-40.000000,0.99,1,0,1,1,1,0,0,0,0.064,2,0.3822728
0.750000,-40.000000,0.99,1,0,1,1,1,0,0,0,0.128,2,0.3906898
0.750000,-40.000000,0.99,1,0,1,1,1,0,0,0,0.256,2,0.4052161
0.750000,-40.000000,0.99,1,0,1,1,1,0,0,0,0.512,2,0.4315257
0.750000,-40.000000,0.99,1,0,1,1,1,0,0,0,1.024,2,0.4804947
0.750000,-40.000000,0.99,1,0,1,1,1,0,0,0,0.016,4, 0.5528267
0.750000,-40.000000,0.99,1,0,1,1,1,0,0,0,0.032,4,0.5560679
0.750000,-40.000000,0.99,1,0,1,1,1,0,0,0,0.064,4,0.5608271
0.750000,-40.000000,0.99,1,0,1,1,1,0,0,0,0.128,4,0.5693822
0.750000,-40.000000,0.99,1,0,1,1,1,0,0,0,0.256,4,0.5840737
0.750000,-40.000000,0.99,1,0,1,1,1,0,0,0,0.512,4,0.6102567
0.750000,-40.000000,0.99,1,0,1,1,1,0,0,0,1.024,4,0.6598179
0.750000,-40.000000,0.99,1,0,1,1,1,0,0,0,0.016,8, 0.8472075
0.750000,-40.000000,0.99,1,0,1,1,1,0,0,0,0.032,8,0.8507052
0.750000,-40.000000,0.99,1,0,1,1,1,0,0,0,0.064,8,0.8559627
0.750000,-40.000000,0.99,1,0,1,1,1,0,0,0,0.128,8,0.8653698
0.750000,-40.000000,0.99,1,0,1,1,1,0,0,0,0.256,8,0.8811037
0.750000,-40.000000,0.99,1,0,1,1,1,0,0,0,0.512,8,0.9084483
0.750000,-40.000000,0.99,1,0,1,1,1,0,0,0,1.024,8,0.9579448
0.750000,-40.000000,0.99,1,0,1,1,0,1,0,0,0.016,0.1,0.0447569
0.750000,-40.000000,0.99,1,0,1,1,0,1,0,0,0.032,0.1,0.0480167
0.750000,-40.000000,0.99,1,0,1,1,0,1,0,0,0.064,0.1,0.0531173
0.750000,-40.000000,0.99,1,0,1,1,0,1,0,0,0.128,0.1,0.0630594
0.750000,-40.000000,0.99,1,0,1,1,0,1,0,0,0.256,0.1,0.0837087
0.750000,-40.000000,0.99,1,0,1,1,0,1,0,0,0.512,0.1,0.1262495
0.750000,-40.000000,0.99,1,0,1,1,0,1,0,0,1.024,0.1,0.2146715
0.750000,-40.000000,0.99,1,0,1,1,0,1,0,0,0.016,0.25, 0.0446664
0.750000,-40.000000,0.99,1,0,1,1,0,1,0,0,0.032,0.25,0.0476824
0.750000,-40.000000,0.99,1,0,1,1,0,1,0,0,0.064,0.25,0.0528983
0.750000,-40.000000,0.99,1,0,1,1,0,1,0,0,0.128,0.25,0.0631609
0.750000,-40.000000,0.99,1,0,1,1,0,1,0,0,0.256,0.25,0.0835377
0.750000,-40.000000,0.99,1,0,1,1,0,1,0,0,0.512,0.25,0.1261767
0.750000,-40.000000,0.99,1,0,1,1,0,1,0,0,1.024,0.25,0.2151461
0.750000,-40.000000,0.99,1,0,1,1,0,1,0,0,0.016,0.5, 0.0448253
0.750000,-40.000000,0.99,1,0,1,1,0,1,0,0,0.032,0.5,0.0480455
0.750000,-40.000000,0.99,1,0,1,1,0,1,0,0,0.064,0.5,0.0531009
0.750000,-40.000000,0.99,1,0,1,1,0,1,0,0,0.128,0.5,0.0630515
0.750000,-40.000000,0.99,1,0,1,1,0,1,0,0,0.256,0.5,0.0836039
0.750000,-40.000000,0.99,1,0,1,1,0,1,0,0,0.512,0.5,0.1262124
0.750000,-40.000000,0.99,1,0,1,1,0,1,0,0,1.024,0.5,0.2145426
0.750000,-40.000000,0.99,1,0,1,1,0,1,0,0,0.016,1, 0.0449559
0.750000,-40.000000,0.99,1,0,1,1,0,1,0,0,0.032,1,0.0479961
0.750000,-40.000000,0.99,1,0,1,1,0,1,0,0,0.064,1,0.0529481
0.750000,-40.000000,0.99,1,0,1,1,0,1,0,0,0.128,1,0.0631171
0.750000,-40.000000,0.99,1,0,1,1,0,1,0,0,0.256,1,0.0833824
0.750000,-40.000000,0.99,1,0,1,1,0,1,0,0,0.512,1,0.1261422
0.750000,-40.000000,0.99,1,0,1,1,0,1,0,0,1.024,1,0.2149991
0.750000,-40.000000,0.99,1,0,1,1,0,1,0,0,0.016,2, 0.0450619
0.750000,-40.000000,0.99,1,0,1,1,0,1,0,0,0.032,2,0.0480389
0.750000,-40.000000,0.99,1,0,1,1,0,1,0,0,0.064,2,0.0530228
0.750000,-40.000000,0.99,1,0,1,1,0,1,0,0,0.128,2,0.0632002
0.750000,-40.000000,0.99,1,0,1,1,0,1,0,0,0.256,2,0.0838089
0.750000,-40.000000,0.99,1,0,1,1,0,1,0,0,0.512,2,0.1263791
0.750000,-40.000000,0.99,1,0,1,1,0,1,0,0,1.024,2,0.2149506
0.750000,-40.000000,0.99,1,0,1,1,0,1,0,0,0.016,4, 0.0473557
0.750000,-40.000000,0.99,1,0,1,1,0,1,0,0,0.032,4,0.0501035
0.750000,-40.000000,0.99,1,0,1,1,0,1,0,0,0.064,4,0.0550794
0.750000,-40.000000,0.99,1,0,1,1,0,1,0,0,0.128,4,0.0649826
0.750000,-40.000000,0.99,1,0,1,1,0,1,0,0,0.256,4,0.0850162
0.750000,-40.000000,0.99,1,0,1,1,0,1,0,0,0.512,4,0.1272529
0.750000,-40.000000,0.99,1,0,1,1,0,1,0,0,1.024,4,0.2163833
0.750000,-40.000000,0.99,1,0,1,1,0,1,0,0,0.016,8, 0.0583371
0.750000,-40.000000,0.99,1,0,1,1,0,1,0,0,0.032,8,0.0611674
0.750000,-40.000000,0.99,1,0,1,1,0,1,0,0,0.064,8,0.0657441
0.750000,-40.000000,0.99,1,0,1,1,0,1,0,0,0.128,8,0.0749404
0.750000,-40.000000,0.99,1,0,1,1,0,1,0,0,0.256,8,0.0934067
0.750000,-40.000000,0.99,1,0,1,1,0,1,0,0,0.512,8,0.1333748
0.750000,-40.000000,0.99,1,0,1,1,0,1,0,0,1.024,8,0.2195220
0.750000,-40.000000,0.99,1,0,1,1,0,0,1,0,0.016,0.1,0.1590527
0.750000,-40.000000,0.99,1,0,1,1,0,0,1,0,0.032,0.1,0.1622237
0.750000,-40.000000,0.99,1,0,1,1,0,0,1,0,0.064,0.1,0.1669084
0.750000,-40.000000,0.99,1,0,1,1,0,0,1,0,0.128,0.1,0.1748527
0.750000,-40.000000,0.99,1,0,1,1,0,0,1,0,0.256,0.1,0.1877712
0.750000,-40.000000,0.99,1,0,1,1,0,0,1,0,0.512,0.1,0.2089924
0.750000,-40.000000,0.99,1,0,1,1,0,0,1,0,1.024,0.1,0.2464989
0.750000,-40.000000,0.99,1,0,1,1,0,0,1,0,0.016,0.25, 0.1685456
0.750000,-40.000000,0.99,1,0,1,1,0,0,1,0,0.032,0.25,0.1717039
0.750000,-40.000000,0.99,1,0,1,1,0,0,1,0,0.064,0.25,0.1763596
0.750000,-40.000000,0.99,1,0,1,1,0,0,1,0,0.128,0.25,0.1842793
0.750000,-40.000000,0.99,1,0,1,1,0,0,1,0,0.256,0.25,0.1972555
0.750000,-40.000000,0.99,1,0,1,1,0,0,1,0,0.512,0.25,0.2183743
0.750000,-40.000000,0.99,1,0,1,1,0,0,1,0,1.024,0.25,0.2560715
0.750000,-40.000000,0.99,1,0,1,1,0,0,1,0,0.016,0.5, 0.1881034
0.750000,-40.000000,0.99,1,0,1,1,0,0,1,0,0.032,0.5,0.1912650
0.750000,-40.000000,0.99,1,0,1,1,0,0,1,0,0.064,0.5,0.1959464
0.750000,-40.000000,0.99,1,0,1,1,0,0,1,0,0.128,0.5,0.2038730
0.750000,-40.000000,0.99,1,0,1,1,0,0,1,0,0.256,0.5,0.2167611
0.750000,-40.000000,0.99,1,0,1,1,0,0,1,0,0.512,0.5,0.2379971
0.750000,-40.000000,0.99,1,0,1,1,0,0,1,0,1.024,0.5,0.2755881
0.750000,-40.000000,0.99,1,0,1,1,0,0,1,0,0.016,1, 0.2287482
0.750000,-40.000000,0.99,1,0,1,1,0,0,1,0,0.032,1,0.2318898
0.750000,-40.000000,0.99,1,0,1,1,0,0,1,0,0.064,1,0.2365975
0.750000,-40.000000,0.99,1,0,1,1,0,0,1,0,0.128,1,0.2445505
0.750000,-40.000000,0.99,1,0,1,1,0,0,1,0,0.256,1,0.2575297
0.750000,-40.000000,0.99,1,0,1,1,0,0,1,0,0.512,1,0.2787201
0.750000,-40.000000,0.99,1,0,1,1,0,0,1,0,1.024,1,0.3162699
0.750000,-40.000000,0.99,1,0,1,1,0,0,1,0,0.016,2, 0.3027723
0.750000,-40.000000,0.99,1,0,1,1,0,0,1,0,0.032,2,0.3060111
0.750000,-40.000000,0.99,1,0,1,1,0,0,1,0,0.064,2,0.3107759
0.750000,-40.000000,0.99,1,0,1,1,0,0,1,0,0.128,2,0.3187888
0.750000,-40.000000,0.99,1,0,1,1,0,0,1,0,0.256,2,0.3319616
0.750000,-40.000000,0.99,1,0,1,1,0,0,1,0,0.512,2,0.3532920
0.750000,-40.000000,0.99,1,0,1,1,0,0,1,0,1.024,2,0.3910579
0.750000,-40.000000,0.99,1,0,1,1,0,0,1,0,0.016,4, 0.4160055
0.750000,-40.000000,0.99,1,0,1,1,0,0,1,0,0.032,4,0.4195509
0.750000,-40.000000,0.99,1,0,1,1,0,0,1,0,0.064,4,0.4248321
0.750000,-40.000000,0.99,1,0,1,1,0,0,1,0,0.128,4,0.4334398
0.750000,-40.000000,0.99,1,0,1,1,0,0,1,0,0.256,4,0.4473910
0.750000,-40.000000,0.99,1,0,1,1,0,0,1,0,0.512,4,0.4695461
0.750000,-40.000000,0.99,1,0,1,1,0,0,1,0,1.024,4,0.5072607
0.750000,-40.000000,0.99,1,0,1,1,0,0,1,0,0.016,8, 0.5807997
0.750000,-40.000000,0.99,1,0,1,1,0,0,1,0,0.032,8,0.5848321
0.750000,-40.000000,0.99,1,0,1,1,0,0,1,0,0.064,8,0.5910894
0.750000,-40.000000,0.99,1,0,1,1,0,0,1,0,0.128,8,0.6013200
0.750000,-40.000000,0.99,1,0,1,1,0,0,1,0,0.256,8,0.6170474
0.750000,-40.000000,0.99,1,0,1,1,0,0,1,0,0.512,8,0.6409623
0.750000,-40.000000,0.99,1,0,1,1,0,0,1,0,1.024,8,0.6795747
0.750000,-40.000000,0.99,1,0,1,1,0,0,0,1,0.016,0.1,0.0428866
0.750000,-40.000000,0.99,1,0,1,1,0,0,0,1,0.032,0.1,0.0453891
0.750000,-40.000000,0.99,1,0,1,1,0,0,0,1,0.064,0.1,0.0490663
0.750000,-40.000000,0.99,1,0,1,1,0,0,0,1,0.128,0.1,0.0556895
0.750000,-40.000000,0.99,1,0,1,1,0,0,0,1,0.256,0.1,0.0684581
0.750000,-40.000000,0.99,1,0,1,1,0,0,0,1,0.512,0.1,0.0945082
0.750000,-40.000000,0.99,1,0,1,1,0,0,0,1,1.024,0.1,0.1527856
0.750000,-40.000000,0.99,1,0,1,1,0,0,0,1,0.016,0.25, 0.0429766
0.750000,-40.000000,0.99,1,0,1,1,0,0,0,1,0.032,0.25,0.0452624
0.750000,-40.000000,0.99,1,0,1,1,0,0,0,1,0.064,0.25,0.0490353
0.750000,-40.000000,0.99,1,0,1,1,0,0,0,1,0.128,0.25,0.0555864
0.750000,-40.000000,0.99,1,0,1,1,0,0,0,1,0.256,0.25,0.0684294
0.750000,-40.000000,0.99,1,0,1,1,0,0,0,1,0.512,0.25,0.0946315
0.750000,-40.000000,0.99,1,0,1,1,0,0,0,1,1.024,0.25,0.1526854
0.750000,-40.000000,0.99,1,0,1,1,0,0,0,1,0.016,0.5, 0.0431209
0.750000,-40.000000,0.99,1,0,1,1,0,0,0,1,0.032,0.5,0.0454586
0.750000,-40.000000,0.99,1,0,1,1,0,0,0,1,0.064,0.5,0.0490705
0.750000,-40.000000,0.99,1,0,1,1,0,0,0,1,0.128,0.5,0.0557226
0.750000,-40.000000,0.99,1,0,1,1,0,0,0,1,0.256,0.5,0.0685353
0.750000,-40.000000,0.99,1,0,1,1,0,0,0,1,0.512,0.5,0.0945610
0.750000,-40.000000,0.99,1,0,1,1,0,0,0,1,1.024,0.5,0.1525919
0.750000,-40.000000,0.99,1,0,1,1,0,0,0,1,0.016,1, 0.0432229
0.750000,-40.000000,0.99,1,0,1,1,0,0,0,1,0.032,1,0.0455676
0.750000,-40.000000,0.99,1,0,1,1,0,0,0,1,0.064,1,0.0491256
0.750000,-40.000000,0.99,1,0,1,1,0,0,0,1,0.128,1,0.0557970
0.750000,-40.000000,0.99,1,0,1,1,0,0,0,1,0.256,1,0.0682256
0.750000,-40.000000,0.99,1,0,1,1,0,0,0,1,0.512,1,0.0947767
0.750000,-40.000000,0.99,1,0,1,1,0,0,0,1,1.024,1,0.1532453
0.750000,-40.000000,0.99,1,0,1,1,0,0,0,1,0.016,2, 0.0448285
0.750000,-40.000000,0.99,1,0,1,1,0,0,0,1,0.032,2,0.0471124
0.750000,-40.000000,0.99,1,0,1,1,0,0,0,1,0.064,2,0.0506283
0.750000,-40.000000,0.99,1,0,1,1,0,0,0,1,0.128,2,0.0571537
0.750000,-40.000000,0.99,1,0,1,1,0,0,0,1,0.256,2,0.0693804
0.750000,-40.000000,0.99,1,0,1,1,0,0,0,1,0.512,2,0.0954188
0.750000,-40.000000,0.99,1,0,1,1,0,0,0,1,1.024,2,0.1530523
0.750000,-40.000000,0.99,1,0,1,1,0,0,0,1,0.016,4, 0.0504940
0.750000,-40.000000,0.99,1,0,1,1,0,0,0,1,0.032,4,0.0527806
0.750000,-40.000000,0.99,1,0,1,1,0,0,0,1,0.064,4,0.0562747
0.750000,-40.000000,0.99,1,0,1,1,0,0,0,1,0.128,4,0.0625583
0.750000,-40.000000,0.99,1,0,1,1,0,0,0,1,0.256,4,0.0743854
0.750000,-40.000000,0.99,1,0,1,1,0,0,0,1,0.512,4,0.0990352
0.750000,-40.000000,0.99,1,0,1,1,0,0,0,1,1.024,4,0.1555063
0.750000,-40.000000,0.99,1,0,1,1,0,0,0,1,0.016,8, 0.0637238
0.750000,-40.000000,0.99,1,0,1,1,0,0,0,1,0.032,8,0.0659351
0.750000,-40.000000,0.99,1,0,1,1,0,0,0,1,0.064,8,0.0694029
0.750000,-40.000000,0.99,1,0,1,1,0,0,0,1,0.128,8,0.0754874
0.750000,-40.000000,0.99,1,0,1,1,0,0,0,1,0.256,8,0.0862919
0.750000,-40.000000,0.99,1,0,1,1,0,0,0,1,0.512,8,0.1081392
0.750000,-40.000000,0.99,1,0,1,1,0,0,0,1,1.024,8,0.1602147
0.750000,-40.000000,0.99,0,1,1,1,1,0,0,0,0.016,0.1,0.1730525
0.750000,-40.000000,0.99,0,1,1,1,1,0,0,0,0.032,0.1,0.1761100
0.750000,-40.000000,0.99,0,1,1,1,1,0,0,0,0.064,0.1,0.1807314
0.750000,-40.000000,0.99,0,1,1,1,1,0,0,0,0.128,0.1,0.1891564
0.750000,-40.000000,0.99,0,1,1,1,1,0,0,0,0.256,0.1,0.2035757
0.750000,-40.000000,0.99,0,1,1,1,1,0,0,0,0.512,0.1,0.2297960
0.750000,-40.000000,0.99,0,1,1,1,1,0,0,0,1.024,0.1,0.2784996
0.750000,-40.000000,0.99,0,1,1,1,1,0,0,0,0.016,0.25, 0.1840077
0.750000,-40.000000,0.99,0,1,1,1,1,0,0,0,0.032,0.25,0.1870896
0.750000,-40.000000,0.99,0,1,1,1,1,0,0,0,0.064,0.25,0.1917884
0.750000,-40.000000,0.99,0,1,1,1,1,0,0,0,0.128,0.25,0.2001570
0.750000,-40.000000,0.99,0,1,1,1,1,0,0,0,0.256,0.25,0.2146183
0.750000,-40.000000,0.99,0,1,1,1,1,0,0,0,0.512,0.25,0.2408127
0.750000,-40.000000,0.99,0,1,1,1,1,0,0,0,1.024,0.25,0.2898261
0.750000,-40.000000,0.99,0,1,1,1,1,0,0,0,0.016,0.5, 0.2065428
0.750000,-40.000000,0.99,0,1,1,1,1,0,0,0,0.032,0.5,0.2096081
0.750000,-40.000000,0.99,0,1,1,1,1,0,0,0,0.064,0.5,0.2143218
0.750000,-40.000000,0.99,0,1,1,1,1,0,0,0,0.128,0.5,0.2227074
0.750000,-40.000000,0.99,0,1,1,1,1,0,0,0,0.256,0.5,0.2371573
0.750000,-40.000000,0.99,0,1,1,1,1,0,0,0,0.512,0.5,0.2633698
0.750000,-40.000000,0.99,0,1,1,1,1,0,0,0,1.024,0.5,0.3124618
0.750000,-40.000000,0.99,0,1,1,1,1,0,0,0,0.016,1, 0.2530554
0.750000,-40.000000,0.99,0,1,1,1,1,0,0,0,0.032,1,0.2561238
0.750000,-40.000000,0.99,0,1,1,1,1,0,0,0,0.064,1,0.2608112
0.750000,-40.000000,0.99,0,1,1,1,1,0,0,0,0.128,1,0.2691176
0.750000,-40.000000,0.99,0,1,1,1,1,0,0,0,0.256,1,0.2836171
0.750000,-40.000000,0.99,0,1,1,1,1,0,0,0,0.512,1,0.3098102
0.750000,-40.000000,0.99,0,1,1,1,1,0,0,0,1.024,1,0.3586800
0.750000,-40.000000,0.99,0,1,1,1,1,0,0,0,0.016,2, 0.3457200
0.750000,-40.000000,0.99,0,1,1,1,1,0,0,0,0.032,2,0.3488003
0.750000,-40.000000,0.99,0,1,1,1,1,0,0,0,0.064,2,0.3535050
0.750000,-40.000000,0.99,0,1,1,1,1,0,0,0,0.128,2,0.3617856
0.750000,-40.000000,0.99,0,1,1,1,1,0,0,0,0.256,2,0.3764060
0.750000,-40.000000,0.99,0,1,1,1,1,0,0,0,0.512,2,0.4024932
0.750000,-40.000000,0.99,0,1,1,1,1,0,0,0,1.024,2,0.4514673
0.750000,-40.000000,0.99,0,1,1,1,1,0,0,0,0.016,4, 0.5145854
0.750000,-40.000000,0.99,0,1,1,1,1,0,0,0,0.032,4,0.5179233
0.750000,-40.000000,0.99,0,1,1,1,1,0,0,0,0.064,4,0.5230665
0.750000,-40.000000,0.99,0,1,1,1,1,0,0,0,0.128,4,0.5320151
0.750000,-40.000000,0.99,0,1,1,1,1,0,0,0,0.256,4,0.5470839
0.750000,-40.000000,0.99,0,1,1,1,1,0,0,0,0.512,4,0.5737207
0.750000,-40.000000,0.99,0,1,1,1,1,0,0,0,1.024,4,0.6226569
0.750000,-40.000000,0.99,0,1,1,1,1,0,0,0,0.016,8, 0.7864829
0.750000,-40.000000,0.99,0,1,1,1,1,0,0,0,0.032,8,0.7907863
0.750000,-40.000000,0.99,0,1,1,1,1,0,0,0,0.064,8,0.7971194
0.750000,-40.000000,0.99,0,1,1,1,1,0,0,0,0.128,8,0.8077021
0.750000,-40.000000,0.99,0,1,1,1,1,0,0,0,0.256,8,0.8250723
0.750000,-40.000000,0.99,0,1,1,1,1,0,0,0,0.512,8,0.8533934
0.750000,-40.000000,0.99,0,1,1,1,1,0,0,0,1.024,8,0.9034425
0.750000,-40.000000,0.99,0,1,1,1,0,1,0,0,0.016,0.1,0.0457685
0.750000,-40.000000,0.99,0,1,1,1,0,1,0,0,0.032,0.1,0.0487471
0.750000,-40.000000,0.99,0,1,1,1,0,1,0,0,0.064,0.1,0.0537805
0.750000,-40.000000,0.99,0,1,1,1,0,1,0,0,0.128,0.1,0.0638824
0.750000,-40.000000,0.99,0,1,1,1,0,1,0,0,0.256,0.1,0.0842668
0.750000,-40.000000,0.99,0,1,1,1,0,1,0,0,0.512,0.1,0.1266336
0.750000,-40.000000,0.99,0,1,1,1,0,1,0,0,1.024,0.1,0.2150503
0.750000,-40.000000,0.99,0,1,1,1,0,1,0,0,0.016,0.25, 0.0457583
0.750000,-40.000000,0.99,0,1,1,1,0,1,0,0,0.032,0.25,0.0487273
0.750000,-40.000000,0.99,0,1,1,1,0,1,0,0,0.064,0.25,0.0538066
0.750000,-40.000000,0.99,0,1,1,1,0,1,0,0,0.128,0.25,0.0637855
0.750000,-40.000000,0.99,0,1,1,1,0,1,0,0,0.256,0.25,0.0840836
0.750000,-40.000000,0.99,0,1,1,1,0,1,0,0,0.512,0.25,0.1264628
0.750000,-40.000000,0.99,0,1,1,1,0,1,0,0,1.024,0.25,0.2153509
0.750000,-40.000000,0.99,0,1,1,1,0,1,0,0,0.016,0.5, 0.0457820
0.750000,-40.000000,0.99,0,1,1,1,0,1,0,0,0.032,0.5,0.0488241
0.750000,-40.000000,0.99,0,1,1,1,0,1,0,0,0.064,0.5,0.0537330
0.750000,-40.000000,0.99,0,1,1,1,0,1,0,0,0.128,0.5,0.0638899
0.750000,-40.000000,0.99,0,1,1,1,0,1,0,0,0.256,0.5,0.0842027
0.750000,-40.000000,0.99,0,1,1,1,0,1,0,0,0.512,0.5,0.1264196
0.750000,-40.000000,0.99,0,1,1,1,0,1,0,0,1.024,0.5,0.2153149
0.750000,-40.000000,0.99,0,1,1,1,0,1,0,0,0.016,1, 0.0457140
0.750000,-40.000000,0.99,0,1,1,1,0,1,0,0,0.032,1,0.0488123
0.750000,-40.000000,0.99,0,1,1,1,0,1,0,0,0.064,1,0.0538591
0.750000,-40.000000,0.99,0,1,1,1,0,1,0,0,0.128,1,0.0639179
0.750000,-40.000000,0.99,0,1,1,1,0,1,0,0,0.256,1,0.0841841
0.750000,-40.000000,0.99,0,1,1,1,0,1,0,0,0.512,1,0.1267050
0.750000,-40.000000,0.99,0,1,1,1,0,1,0,0,1.024,1,0.2151614
0.750000,-40.000000,0.99,0,1,1,1,0,1,0,0,0.016,2, 0.0463802
0.750000,-40.000000,0.99,0,1,1,1,0,1,0,0,0.032,2,0.0493514
0.750000,-40.000000,0.99,0,1,1,1,0,1,0,0,0.064,2,0.0543619
0.750000,-40.000000,0.99,0,1,1,1,0,1,0,0,0.128,2,0.0642634
0.750000,-40.000000,0.99,0,1,1,1,0,1,0,0,0.256,2,0.0845422
0.750000,-40.000000,0.99,0,1,1,1,0,1,0,0,0.512,2,0.1269401
0.750000,-40.000000,0.99,0,1,1,1,0,1,0,0,1.024,2,0.2155137
0.750000,-40.000000,0.99,0,1,1,1,0,1,0,0,0.016,4, 0.0540122
0.750000,-40.000000,0.99,0,1,1,1,0,1,0,0,0.032,4,0.0567206
0.750000,-40.000000,0.99,0,1,1,1,0,1,0,0,0.064,4,0.0611552
0.750000,-40.000000,0.99,0,1,1,1,0,1,0,0,0.128,4,0.0702968
0.750000,-40.000000,0.99,0,1,1,1,0,1,0,0,0.256,4,0.0894374
0.750000,-40.000000,0.99,0,1,1,1,0,1,0,0,0.512,4,0.1302086
0.750000,-40.000000,0.99,0,1,1,1,0,1,0,0,1.024,4,0.2177304
0.750000,-40.000000,0.99,0,1,1,1,0,1,0,0,0.016,8, 0.0751151
0.750000,-40.000000,0.99,0,1,1,1,0,1,0,0,0.032,8,0.0773697
0.750000,-40.000000,0.99,0,1,1,1,0,1,0,0,0.064,8,0.0811905
0.750000,-40.000000,0.99,0,1,1,1,0,1,0,0,0.128,8,0.0890236
0.750000,-40.000000,0.99,0,1,1,1,0,1,0,0,0.256,8,0.1056304
0.750000,-40.000000,0.99,0,1,1,1,0,1,0,0,0.512,8,0.1433170
0.750000,-40.000000,0.99,0,1,1,1,0,1,0,0,1.024,8,0.2252028
0.750000,-40.000000,0.99,0,1,1,1,0,0,1,0,0.016,0.1,0.1459369
0.750000,-40.000000,0.99,0,1,1,1,0,0,1,0,0.032,0.1,0.1490375
0.750000,-40.000000,0.99,0,1,1,1,0,0,1,0,0.064,0.1,0.1536097
0.750000,-40.000000,0.99,0,1,1,1,0,0,1,0,0.128,0.1,0.1614083
0.750000,-40.000000,0.99,0,1,1,1,0,0,1,0,0.256,0.1,0.1741103
0.750000,-40.000000,0.99,0,1,1,1,0,0,1,0,0.512,0.1,0.1949024
0.750000,-40.000000,0.99,0,1,1,1,0,0,1,0,1.024,0.1,0.2319525
0.750000,-40.000000,0.99,0,1,1,1,0,0,1,0,0.016,0.25, 0.1554317
0.750000,-40.000000,0.99,0,1,1,1,0,0,1,0,0.032,0.25,0.1585271
0.750000,-40.000000,0.99,0,1,1,1,0,0,1,0,0.064,0.25,0.1631050
0.750000,-40.000000,0.99,0,1,1,1,0,0,1,0,0.128,0.25,0.1708961
0.750000,-40.000000,0.99,0,1,1,1,0,0,1,0,0.256,0.25,0.1836168
0.750000,-40.000000,0.99,0,1,1,1,0,0,1,0,0.512,0.25,0.2044016
0.750000,-40.000000,0.99,0,1,1,1,0,0,1,0,1.024,0.25,0.2415124
0.750000,-40.000000,0.99,0,1,1,1,0,0,1,0,0.016,0.5, 0.1751174
0.750000,-40.000000,0.99,0,1,1,1,0,0,1,0,0.032,0.5,0.1781741
0.750000,-40.000000,0.99,0,1,1,1,0,0,1,0,0.064,0.5,0.1828082
0.750000,-40.000000,0.99,0,1,1,1,0,0,1,0,0.128,0.5,0.1905629
0.750000,-40.000000,0.99,0,1,1,1,0,0,1,0,0.256,0.5,0.2032710
0.750000,-40.000000,0.99,0,1,1,1,0,0,1,0,0.512,0.5,0.2240452
0.750000,-40.000000,0.99,0,1,1,1,0,0,1,0,1.024,0.5,0.2613077
0.750000,-40.000000,0.99,0,1,1,1,0,0,1,0,0.016,1, 0.2151142
0.750000,-40.000000,0.99,0,1,1,1,0,0,1,0,0.032,1,0.2182007
0.750000,-40.000000,0.99,0,1,1,1,0,0,1,0,0.064,1,0.2227853
0.750000,-40.000000,0.99,0,1,1,1,0,0,1,0,0.128,1,0.2305766
0.750000,-40.000000,0.99,0,1,1,1,0,0,1,0,0.256,1,0.2433222
0.750000,-40.000000,0.99,0,1,1,1,0,0,1,0,0.512,1,0.2642705
0.750000,-40.000000,0.99,0,1,1,1,0,0,1,0,1.024,1,0.3014747
0.750000,-40.000000,0.99,0,1,1,1,0,0,1,0,0.016,2, 0.2861776
0.750000,-40.000000,0.99,0,1,1,1,0,0,1,0,0.032,2,0.2893575
0.750000,-40.000000,0.99,0,1,1,1,0,0,1,0,0.064,2,0.2940208
0.750000,-40.000000,0.99,0,1,1,1,0,0,1,0,0.128,2,0.3020254
0.750000,-40.000000,0.99,0,1,1,1,0,0,1,0,0.256,2,0.3149886
0.750000,-40.000000,0.99,0,1,1,1,0,0,1,0,0.512,2,0.3359560
0.750000,-40.000000,0.99,0,1,1,1,0,0,1,0,1.024,2,0.3732478
0.750000,-40.000000,0.99,0,1,1,1,0,0,1,0,0.016,4, 0.3950868
0.750000,-40.000000,0.99,0,1,1,1,0,0,1,0,0.032,4,0.3987032
0.750000,-40.000000,0.99,0,1,1,1,0,0,1,0,0.064,4,0.4042151
0.750000,-40.000000,0.99,0,1,1,1,0,0,1,0,0.128,4,0.4130797
0.750000,-40.000000,0.99,0,1,1,1,0,0,1,0,0.256,4,0.4270855
0.750000,-40.000000,0.99,0,1,1,1,0,0,1,0,0.512,4,0.4494215
0.750000,-40.000000,0.99,0,1,1,1,0,0,1,0,1.024,4,0.4868676
0.750000,-40.000000,0.99,0,1,1,1,0,0,1,0,0.016,8, 0.5520884
0.750000,-40.000000,0.99,0,1,1,1,0,0,1,0,0.032,8,0.5565117
0.750000,-40.000000,0.99,0,1,1,1,0,0,1,0,0.064,8,0.5632472
0.750000,-40.000000,0.99,0,1,1,1,0,0,1,0,0.128,8,0.5740256
0.750000,-40.000000,0.99,0,1,1,1,0,0,1,0,0.256,8,0.5907918
0.750000,-40.000000,0.99,0,1,1,1,0,0,1,0,0.512,8,0.6156551
0.750000,-40.000000,0.99,0,1,1,1,0,0,1,0,1.024,8,0.6550132
0.750000,-40.000000,0.99,0,1,1,1,0,0,0,1,0.016,0.1,0.0409896
0.750000,-40.000000,0.99,0,1,1,1,0,0,0,1,0.032,0.1,0.0432785
0.750000,-40.000000,0.99,0,1,1,1,0,0,0,1,0.064,0.1,0.0468596
0.750000,-40.000000,0.99,0,1,1,1,0,0,0,1,0.128,0.1,0.0534056
0.750000,-40.000000,0.99,0,1,1,1,0,0,0,1,0.256,0.1,0.0661766
0.750000,-40.000000,0.99,0,1,1,1,0,0,0,1,0.512,0.1,0.0925361
0.750000,-40.000000,0.99,0,1,1,1,0,0,0,1,1.024,0.1,0.1511518
0.750000,-40.000000,0.99,0,1,1,1,0,0,0,1,0.016,0.25, 0.0408058
0.750000,-40.000000,0.99,0,1,1,1,0,0,0,1,0.032,0.25,0.0432299
0.750000,-40.000000,0.99,0,1,1,1,0,0,0,1,0.064,0.25,0.0468691
0.750000,-40.000000,0.99,0,1,1,1,0,0,0,1,0.128,0.25,0.0535755
0.750000,-40.000000,0.99,0,1,1,1,0,0,0,1,0.256,0.25,0.0660980
0.750000,-40.000000,0.99,0,1,1,1,0,0,0,1,0.512,0.25,0.0926915
0.750000,-40.000000,0.99,0,1,1,1,0,0,0,1,1.024,0.25,0.1514728
0.750000,-40.000000,0.99,0,1,1,1,0,0,0,1,0.016,0.5, 0.0413172
0.750000,-40.000000,0.99,0,1,1,1,0,0,0,1,0.032,0.5,0.0435867
0.750000,-40.000000,0.99,0,1,1,1,0,0,0,1,0.064,0.5,0.0468587
0.750000,-40.000000,0.99,0,1,1,1,0,0,0,1,0.128,0.5,0.0534953
0.750000,-40.000000,0.99,0,1,1,1,0,0,0,1,0.256,0.5,0.0663057
0.750000,-40.000000,0.99,0,1,1,1,0,0,0,1,0.512,0.5,0.0925931
0.750000,-40.000000,0.99,0,1,1,1,0,0,0,1,1.024,0.5,0.1512254
0.750000,-40.000000,0.99,0,1,1,1,0,0,0,1,0.016,1, 0.0412169
0.750000,-40.000000,0.99,0,1,1,1,0,0,0,1,0.032,1,0.0435904
0.750000,-40.000000,0.99,0,1,1,1,0,0,0,1,0.064,1,0.0471385
0.750000,-40.000000,0.99,0,1,1,1,0,0,0,1,0.128,1,0.0537106
0.750000,-40.000000,0.99,0,1,1,1,0,0,0,1,0.256,1,0.0664353
0.750000,-40.000000,0.99,0,1,1,1,0,0,0,1,0.512,1,0.0925262
0.750000,-40.000000,0.99,0,1,1,1,0,0,0,1,1.024,1,0.1508266
0.750000,-40.000000,0.99,0,1,1,1,0,0,0,1,0.016,2, 0.0431811
0.750000,-40.000000,0.99,0,1,1,1,0,0,0,1,0.032,2,0.0455415
0.750000,-40.000000,0.99,0,1,1,1,0,0,0,1,0.064,2,0.0489045
0.750000,-40.000000,0.99,0,1,1,1,0,0,0,1,0.128,2,0.0554443
0.750000,-40.000000,0.99,0,1,1,1,0,0,0,1,0.256,2,0.0676357
0.750000,-40.000000,0.99,0,1,1,1,0,0,0,1,0.512,2,0.0935936
0.750000,-40.000000,0.99,0,1,1,1,0,0,0,1,1.024,2,0.1514708
0.750000,-40.000000,0.99,0,1,1,1,0,0,0,1,0.016,4, 0.0499151
0.750000,-40.000000,0.99,0,1,1,1,0,0,0,1,0.032,4,0.0521509
0.750000,-40.000000,0.99,0,1,1,1,0,0,0,1,0.064,4,0.0557057
0.750000,-40.000000,0.99,0,1,1,1,0,0,0,1,0.128,4,0.0619438
0.750000,-40.000000,0.99,0,1,1,1,0,0,0,1,0.256,4,0.0735712
0.750000,-40.000000,0.99,0,1,1,1,0,0,0,1,0.512,4,0.0979240
0.750000,-40.000000,0.99,0,1,1,1,0,0,0,1,1.024,4,0.1539295
0.750000,-40.000000,0.99,0,1,1,1,0,0,0,1,0.016,8, 0.0661362
0.750000,-40.000000,0.99,0,1,1,1,0,0,0,1,0.032,8,0.0682599
0.750000,-40.000000,0.99,0,1,1,1,0,0,0,1,0.064,8,0.0715457
0.750000,-40.000000,0.99,0,1,1,1,0,0,0,1,0.128,8,0.0772840
0.750000,-40.000000,0.99,0,1,1,1,0,0,0,1,0.256,8,0.0878985
0.750000,-40.000000,0.99,0,1,1,1,0,0,0,1,0.512,8,0.1093387
0.750000,-40.000000,0.99,0,1,1,1,0,0,0,1,1.024,8,0.1606582
