nom_voltage,nom_temperature,nom_process,related_pin A0,related_pin B0,timing_type combinational,timing_sense negative_unate,timing_sense positive_unate,cell_rise,rise_transition,cell_fall,fall_transition,output_load,input_slope,value
0.850000,125.000000,1.01,1,0,1,1,0,1,0,0,0,0.016,0.1,0.0541474
0.850000,125.000000,1.01,1,0,1,1,0,1,0,0,0,0.032,0.1,0.0553408
0.850000,125.000000,1.01,1,0,1,1,0,1,0,0,0,0.064,0.1,0.0567222
0.850000,125.000000,1.01,1,0,1,1,0,1,0,0,0,0.128,0.1,0.0592775
0.850000,125.000000,1.01,1,0,1,1,0,1,0,0,0,0.256,0.1,0.0638277
0.850000,125.000000,1.01,1,0,1,1,0,1,0,0,0,0.512,0.1,0.0719049
0.850000,125.000000,1.01,1,0,1,1,0,1,0,0,0,1.024,0.1,0.0864027
0.850000,125.000000,1.01,1,0,1,1,0,1,0,0,0,0.016,0.5, 0.0595957
0.850000,125.000000,1.01,1,0,1,1,0,1,0,0,0,0.032,0.5,0.0607817
0.850000,125.000000,1.01,1,0,1,1,0,1,0,0,0,0.064,0.5,0.0621554
0.850000,125.000000,1.01,1,0,1,1,0,1,0,0,0,0.128,0.5,0.0647142
0.850000,125.000000,1.01,1,0,1,1,0,1,0,0,0,0.256,0.5,0.0692555
0.850000,125.000000,1.01,1,0,1,1,0,1,0,0,0,0.512,0.5,0.0773372
0.850000,125.000000,1.01,1,0,1,1,0,1,0,0,0,1.024,0.5,0.0918391
0.850000,125.000000,1.01,1,0,1,1,0,1,0,0,0,0.016,1, 0.0699549
0.850000,125.000000,1.01,1,0,1,1,0,1,0,0,0,0.032,1,0.0711282
0.850000,125.000000,1.01,1,0,1,1,0,1,0,0,0,0.064,1,0.0725162
0.850000,125.000000,1.01,1,0,1,1,0,1,0,0,0,0.128,1,0.0750894
0.850000,125.000000,1.01,1,0,1,1,0,1,0,0,0,0.256,1,0.0796744
0.850000,125.000000,1.01,1,0,1,1,0,1,0,0,0,0.512,1,0.0877439
0.850000,125.000000,1.01,1,0,1,1,0,1,0,0,0,1.024,1,0.1021692
0.850000,125.000000,1.01,1,0,1,1,0,1,0,0,0,0.016,2, 0.0864078
0.850000,125.000000,1.01,1,0,1,1,0,1,0,0,0,0.032,2,0.0876234
0.850000,125.000000,1.01,1,0,1,1,0,1,0,0,0,0.064,2,0.0890869
0.850000,125.000000,1.01,1,0,1,1,0,1,0,0,0,0.128,2,0.0917717
0.850000,125.000000,1.01,1,0,1,1,0,1,0,0,0,0.256,2,0.0965433
0.850000,125.000000,1.01,1,0,1,1,0,1,0,0,0,0.512,2,0.1048315
0.850000,125.000000,1.01,1,0,1,1,0,1,0,0,0,1.024,2,0.1194219
0.850000,125.000000,1.01,1,0,1,1,0,1,0,0,0,0.016,4, 0.1116187
0.850000,125.000000,1.01,1,0,1,1,0,1,0,0,0,0.032,4,0.1129187
0.850000,125.000000,1.01,1,0,1,1,0,1,0,0,0,0.064,4,0.1146236
0.850000,125.000000,1.01,1,0,1,1,0,1,0,0,0,0.128,4,0.1176012
0.850000,125.000000,1.01,1,0,1,1,0,1,0,0,0,0.256,4,0.1227612
0.850000,125.000000,1.01,1,0,1,1,0,1,0,0,0,0.512,4,0.1317526
0.850000,125.000000,1.01,1,0,1,1,0,1,0,0,0,1.024,4,0.1471959
0.850000,125.000000,1.01,1,0,1,1,0,1,0,0,0,0.016,8, 0.1509839
0.850000,125.000000,1.01,1,0,1,1,0,1,0,0,0,0.032,8,0.1524024
0.850000,125.000000,1.01,1,0,1,1,0,1,0,0,0,0.064,8,0.1541290
0.850000,125.000000,1.01,1,0,1,1,0,1,0,0,0,0.128,8,0.1573897
0.850000,125.000000,1.01,1,0,1,1,0,1,0,0,0,0.256,8,0.1633249
0.850000,125.000000,1.01,1,0,1,1,0,1,0,0,0,0.512,8,0.1739886
0.850000,125.000000,1.01,1,0,1,1,0,1,0,0,0,1.024,8,0.1912624
0.850000,125.000000,1.01,1,0,1,1,0,1,0,0,0,0.016,16, 0.2165974
0.850000,125.000000,1.01,1,0,1,1,0,1,0,0,0,0.032,16,0.2181227
0.850000,125.000000,1.01,1,0,1,1,0,1,0,0,0,0.064,16,0.2200137
0.850000,125.000000,1.01,1,0,1,1,0,1,0,0,0,0.128,16,0.2236831
0.850000,125.000000,1.01,1,0,1,1,0,1,0,0,0,0.256,16,0.2305076
0.850000,125.000000,1.01,1,0,1,1,0,1,0,0,0,0.512,16,0.2426724
0.850000,125.000000,1.01,1,0,1,1,0,1,0,0,0,1.024,16,0.2638003
0.850000,125.000000,1.01,1,0,1,1,0,0,1,0,0,0.016,0.1,0.0189108
0.850000,125.000000,1.01,1,0,1,1,0,0,1,0,0,0.032,0.1,0.0196767
0.850000,125.000000,1.01,1,0,1,1,0,0,1,0,0,0.064,0.1,0.0205785
0.850000,125.000000,1.01,1,0,1,1,0,0,1,0,0,0.128,0.1,0.0226127
0.850000,125.000000,1.01,1,0,1,1,0,0,1,0,0,0.256,0.1,0.0268166
0.850000,125.000000,1.01,1,0,1,1,0,0,1,0,0,0.512,0.1,0.0357992
0.850000,125.000000,1.01,1,0,1,1,0,0,1,0,0,1.024,0.1,0.0548750
0.850000,125.000000,1.01,1,0,1,1,0,0,1,0,0,0.016,0.5, 0.0191642
0.850000,125.000000,1.01,1,0,1,1,0,0,1,0,0,0.032,0.5,0.0198902
0.850000,125.000000,1.01,1,0,1,1,0,0,1,0,0,0.064,0.5,0.0208755
0.850000,125.000000,1.01,1,0,1,1,0,0,1,0,0,0.128,0.5,0.0229017
0.850000,125.000000,1.01,1,0,1,1,0,0,1,0,0,0.256,0.5,0.0271180
0.850000,125.000000,1.01,1,0,1,1,0,0,1,0,0,0.512,0.5,0.0359280
0.850000,125.000000,1.01,1,0,1,1,0,0,1,0,0,1.024,0.5,0.0549561
0.850000,125.000000,1.01,1,0,1,1,0,0,1,0,0,0.016,1, 0.0211198
0.850000,125.000000,1.01,1,0,1,1,0,0,1,0,0,0.032,1,0.0217612
0.850000,125.000000,1.01,1,0,1,1,0,0,1,0,0,0.064,1,0.0226326
0.850000,125.000000,1.01,1,0,1,1,0,0,1,0,0,0.128,1,0.0246479
0.850000,125.000000,1.01,1,0,1,1,0,0,1,0,0,0.256,1,0.0286321
0.850000,125.000000,1.01,1,0,1,1,0,0,1,0,0,0.512,1,0.0371638
0.850000,125.000000,1.01,1,0,1,1,0,0,1,0,0,1.024,1,0.0556933
0.850000,125.000000,1.01,1,0,1,1,0,0,1,0,0,0.016,2, 0.0261581
0.850000,125.000000,1.01,1,0,1,1,0,0,1,0,0,0.032,2,0.0267411
0.850000,125.000000,1.01,1,0,1,1,0,0,1,0,0,0.064,2,0.0274675
0.850000,125.000000,1.01,1,0,1,1,0,0,1,0,0,0.128,2,0.0293171
0.850000,125.000000,1.01,1,0,1,1,0,0,1,0,0,0.256,2,0.0331373
0.850000,125.000000,1.01,1,0,1,1,0,0,1,0,0,0.512,2,0.0410016
0.850000,125.000000,1.01,1,0,1,1,0,0,1,0,0,1.024,2,0.0583696
0.850000,125.000000,1.01,1,0,1,1,0,0,1,0,0,0.016,4, 0.0360496
0.850000,125.000000,1.01,1,0,1,1,0,0,1,0,0,0.032,4,0.0366680
0.850000,125.000000,1.01,1,0,1,1,0,0,1,0,0,0.064,4,0.0377486
0.850000,125.000000,1.01,1,0,1,1,0,0,1,0,0,0.128,4,0.0396681
0.850000,125.000000,1.01,1,0,1,1,0,0,1,0,0,0.256,4,0.0432448
0.850000,125.000000,1.01,1,0,1,1,0,0,1,0,0,0.512,4,0.0504861
0.850000,125.000000,1.01,1,0,1,1,0,0,1,0,0,1.024,4,0.0665299
0.850000,125.000000,1.01,1,0,1,1,0,0,1,0,0,0.016,8, 0.0541772
0.850000,125.000000,1.01,1,0,1,1,0,0,1,0,0,0.032,8,0.0551356
0.850000,125.000000,1.01,1,0,1,1,0,0,1,0,0,0.064,8,0.0559835
0.850000,125.000000,1.01,1,0,1,1,0,0,1,0,0,0.128,8,0.0578438
0.850000,125.000000,1.01,1,0,1,1,0,0,1,0,0,0.256,8,0.0613626
0.850000,125.000000,1.01,1,0,1,1,0,0,1,0,0,0.512,8,0.0693274
0.850000,125.000000,1.01,1,0,1,1,0,0,1,0,0,1.024,8,0.0844241
0.850000,125.000000,1.01,1,0,1,1,0,0,1,0,0,0.016,16, 0.0890271
0.850000,125.000000,1.01,1,0,1,1,0,0,1,0,0,0.032,16,0.0895985
0.850000,125.000000,1.01,1,0,1,1,0,0,1,0,0,0.064,16,0.0905253
0.850000,125.000000,1.01,1,0,1,1,0,0,1,0,0,0.128,16,0.0927002
0.850000,125.000000,1.01,1,0,1,1,0,0,1,0,0,0.256,16,0.0966348
0.850000,125.000000,1.01,1,0,1,1,0,0,1,0,0,0.512,16,0.1040364
0.850000,125.000000,1.01,1,0,1,1,0,0,1,0,0,1.024,16,0.1208323
0.850000,125.000000,1.01,1,0,1,1,0,0,0,1,0,0.016,0.1,0.0580840
0.850000,125.000000,1.01,1,0,1,1,0,0,0,1,0,0.032,0.1,0.0595002
0.850000,125.000000,1.01,1,0,1,1,0,0,0,1,0,0.064,0.1,0.0611566
0.850000,125.000000,1.01,1,0,1,1,0,0,0,1,0,0.128,0.1,0.0641516
0.850000,125.000000,1.01,1,0,1,1,0,0,0,1,0,0.256,0.1,0.0695529
0.850000,125.000000,1.01,1,0,1,1,0,0,0,1,0,0.512,0.1,0.0787532
0.850000,125.000000,1.01,1,0,1,1,0,0,0,1,0,1.024,0.1,0.0948975
0.850000,125.000000,1.01,1,0,1,1,0,0,0,1,0,0.016,0.5, 0.0594661
0.850000,125.000000,1.01,1,0,1,1,0,0,0,1,0,0.032,0.5,0.0608524
0.850000,125.000000,1.01,1,0,1,1,0,0,0,1,0,0.064,0.5,0.0624916
0.850000,125.000000,1.01,1,0,1,1,0,0,0,1,0,0.128,0.5,0.0655247
0.850000,125.000000,1.01,1,0,1,1,0,0,0,1,0,0.256,0.5,0.0709242
0.850000,125.000000,1.01,1,0,1,1,0,0,0,1,0,0.512,0.5,0.0801373
0.850000,125.000000,1.01,1,0,1,1,0,0,0,1,0,1.024,0.5,0.0962808
0.850000,125.000000,1.01,1,0,1,1,0,0,0,1,0,0.016,1, 0.0617119
0.850000,125.000000,1.01,1,0,1,1,0,0,0,1,0,0.032,1,0.0630999
0.850000,125.000000,1.01,1,0,1,1,0,0,0,1,0,0.064,1,0.0647295
0.850000,125.000000,1.01,1,0,1,1,0,0,0,1,0,0.128,1,0.0677709
0.850000,125.000000,1.01,1,0,1,1,0,0,0,1,0,0.256,1,0.0731684
0.850000,125.000000,1.01,1,0,1,1,0,0,0,1,0,0.512,1,0.0824419
0.850000,125.000000,1.01,1,0,1,1,0,0,0,1,0,1.024,1,0.0986049
0.850000,125.000000,1.01,1,0,1,1,0,0,0,1,0,0.016,2, 0.0636786
0.850000,125.000000,1.01,1,0,1,1,0,0,0,1,0,0.032,2,0.0651614
0.850000,125.000000,1.01,1,0,1,1,0,0,0,1,0,0.064,2,0.0668049
0.850000,125.000000,1.01,1,0,1,1,0,0,0,1,0,0.128,2,0.0699074
0.850000,125.000000,1.01,1,0,1,1,0,0,0,1,0,0.256,2,0.0754265
0.850000,125.000000,1.01,1,0,1,1,0,0,0,1,0,0.512,2,0.0848893
0.850000,125.000000,1.01,1,0,1,1,0,0,0,1,0,1.024,2,0.1012081
0.850000,125.000000,1.01,1,0,1,1,0,0,0,1,0,0.016,4, 0.0611044
0.850000,125.000000,1.01,1,0,1,1,0,0,0,1,0,0.032,4,0.0625570
0.850000,125.000000,1.01,1,0,1,1,0,0,0,1,0,0.064,4,0.0643601
0.850000,125.000000,1.01,1,0,1,1,0,0,0,1,0,0.128,4,0.0676352
0.850000,125.000000,1.01,1,0,1,1,0,0,0,1,0,0.256,4,0.0735859
0.850000,125.000000,1.01,1,0,1,1,0,0,0,1,0,0.512,4,0.0837730
0.850000,125.000000,1.01,1,0,1,1,0,0,0,1,0,1.024,4,0.1008929
0.850000,125.000000,1.01,1,0,1,1,0,0,0,1,0,0.016,8, 0.0460351
0.850000,125.000000,1.01,1,0,1,1,0,0,0,1,0,0.032,8,0.0475456
0.850000,125.000000,1.01,1,0,1,1,0,0,0,1,0,0.064,8,0.0494039
0.850000,125.000000,1.01,1,0,1,1,0,0,0,1,0,0.128,8,0.0530045
0.850000,125.000000,1.01,1,0,1,1,0,0,0,1,0,0.256,8,0.0591793
0.850000,125.000000,1.01,1,0,1,1,0,0,0,1,0,0.512,8,0.0709810
0.850000,125.000000,1.01,1,0,1,1,0,0,0,1,0,1.024,8,0.0900690
0.850000,125.000000,1.01,1,0,1,1,0,0,0,1,0,0.016,16, 0.0035837
0.850000,125.000000,1.01,1,0,1,1,0,0,0,1,0,0.032,16,0.0051280
0.850000,125.000000,1.01,1,0,1,1,0,0,0,1,0,0.064,16,0.0070313
0.850000,125.000000,1.01,1,0,1,1,0,0,0,1,0,0.128,16,0.0108375
0.850000,125.000000,1.01,1,0,1,1,0,0,0,1,0,0.256,16,0.0185190
0.850000,125.000000,1.01,1,0,1,1,0,0,0,1,0,0.512,16,0.0316972
0.850000,125.000000,1.01,1,0,1,1,0,0,0,1,0,1.024,16,0.0541253
0.850000,125.000000,1.01,1,0,1,1,0,0,0,0,1,0.016,0.1,0.0213703
0.850000,125.000000,1.01,1,0,1,1,0,0,0,0,1,0.032,0.1,0.0220272
0.850000,125.000000,1.01,1,0,1,1,0,0,0,0,1,0.064,0.1,0.0229893
0.850000,125.000000,1.01,1,0,1,1,0,0,0,0,1,0.128,0.1,0.0251059
0.850000,125.000000,1.01,1,0,1,1,0,0,0,0,1,0.256,0.1,0.0295439
0.850000,125.000000,1.01,1,0,1,1,0,0,0,0,1,0.512,0.1,0.0392237
0.850000,125.000000,1.01,1,0,1,1,0,0,0,0,1,1.024,0.1,0.0613510
0.850000,125.000000,1.01,1,0,1,1,0,0,0,0,1,0.016,0.5, 0.0216838
0.850000,125.000000,1.01,1,0,1,1,0,0,0,0,1,0.032,0.5,0.0223399
0.850000,125.000000,1.01,1,0,1,1,0,0,0,0,1,0.064,0.5,0.0232769
0.850000,125.000000,1.01,1,0,1,1,0,0,0,0,1,0.128,0.5,0.0252673
0.850000,125.000000,1.01,1,0,1,1,0,0,0,0,1,0.256,0.5,0.0297120
0.850000,125.000000,1.01,1,0,1,1,0,0,0,0,1,0.512,0.5,0.0393804
0.850000,125.000000,1.01,1,0,1,1,0,0,0,0,1,1.024,0.5,0.0614563
0.850000,125.000000,1.01,1,0,1,1,0,0,0,0,1,0.016,1, 0.0224288
0.850000,125.000000,1.01,1,0,1,1,0,0,0,0,1,0.032,1,0.0232291
0.850000,125.000000,1.01,1,0,1,1,0,0,0,0,1,0.064,1,0.0240807
0.850000,125.000000,1.01,1,0,1,1,0,0,0,0,1,0.128,1,0.0261565
0.850000,125.000000,1.01,1,0,1,1,0,0,0,0,1,0.256,1,0.0306624
0.850000,125.000000,1.01,1,0,1,1,0,0,0,0,1,0.512,1,0.0401223
0.850000,125.000000,1.01,1,0,1,1,0,0,0,0,1,1.024,1,0.0618676
0.850000,125.000000,1.01,1,0,1,1,0,0,0,0,1,0.016,2, 0.0261741
0.850000,125.000000,1.01,1,0,1,1,0,0,0,0,1,0.032,2,0.0269275
0.850000,125.000000,1.01,1,0,1,1,0,0,0,0,1,0.064,2,0.0277845
0.850000,125.000000,1.01,1,0,1,1,0,0,0,0,1,0.128,2,0.0294695
0.850000,125.000000,1.01,1,0,1,1,0,0,0,0,1,0.256,2,0.0337137
0.850000,125.000000,1.01,1,0,1,1,0,0,0,0,1,0.512,2,0.0428450
0.850000,125.000000,1.01,1,0,1,1,0,0,0,0,1,1.024,2,0.0637798
0.850000,125.000000,1.01,1,0,1,1,0,0,0,0,1,0.016,4, 0.0340888
0.850000,125.000000,1.01,1,0,1,1,0,0,0,0,1,0.032,4,0.0346561
0.850000,125.000000,1.01,1,0,1,1,0,0,0,0,1,0.064,4,0.0357859
0.850000,125.000000,1.01,1,0,1,1,0,0,0,0,1,0.128,4,0.0375552
0.850000,125.000000,1.01,1,0,1,1,0,0,0,0,1,0.256,4,0.0417234
0.850000,125.000000,1.01,1,0,1,1,0,0,0,0,1,0.512,4,0.0504300
0.850000,125.000000,1.01,1,0,1,1,0,0,0,0,1,1.024,4,0.0693454
0.850000,125.000000,1.01,1,0,1,1,0,0,0,0,1,0.016,8, 0.0496710
0.850000,125.000000,1.01,1,0,1,1,0,0,0,0,1,0.032,8,0.0500429
0.850000,125.000000,1.01,1,0,1,1,0,0,0,0,1,0.064,8,0.0507394
0.850000,125.000000,1.01,1,0,1,1,0,0,0,0,1,0.128,8,0.0525869
0.850000,125.000000,1.01,1,0,1,1,0,0,0,0,1,0.256,8,0.0568437
0.850000,125.000000,1.01,1,0,1,1,0,0,0,0,1,0.512,8,0.0648612
0.850000,125.000000,1.01,1,0,1,1,0,0,0,0,1,1.024,8,0.0826923
0.850000,125.000000,1.01,1,0,1,1,0,0,0,0,1,0.016,16, 0.0808233
0.850000,125.000000,1.01,1,0,1,1,0,0,0,0,1,0.032,16,0.0811227
0.850000,125.000000,1.01,1,0,1,1,0,0,0,0,1,0.064,16,0.0816248
0.850000,125.000000,1.01,1,0,1,1,0,0,0,0,1,0.128,16,0.0830434
0.850000,125.000000,1.01,1,0,1,1,0,0,0,0,1,0.256,16,0.0864992
0.850000,125.000000,1.01,1,0,1,1,0,0,0,0,1,0.512,16,0.0957304
0.850000,125.000000,1.01,1,0,1,1,0,0,0,0,1,1.024,16,0.1116317
0.850000,125.000000,1.01,0,1,1,0,1,1,0,0,0,0.016,0.1,0.0258871
0.850000,125.000000,1.01,0,1,1,0,1,1,0,0,0,0.032,0.1,0.0270654
0.850000,125.000000,1.01,0,1,1,0,1,1,0,0,0,0.064,0.1,0.0284037
0.850000,125.000000,1.01,0,1,1,0,1,1,0,0,0,0.128,0.1,0.0309269
0.850000,125.000000,1.01,0,1,1,0,1,1,0,0,0,0.256,0.1,0.0354496
0.850000,125.000000,1.01,0,1,1,0,1,1,0,0,0,0.512,0.1,0.0434636
0.850000,125.000000,1.01,0,1,1,0,1,1,0,0,0,1.024,0.1,0.0578678
0.850000,125.000000,1.01,0,1,1,0,1,1,0,0,0,0.016,0.5, 0.0281760
0.850000,125.000000,1.01,0,1,1,0,1,1,0,0,0,0.032,0.5,0.0293224
0.850000,125.000000,1.01,0,1,1,0,1,1,0,0,0,0.064,0.5,0.0306765
0.850000,125.000000,1.01,0,1,1,0,1,1,0,0,0,0.128,0.5,0.0331650
0.850000,125.000000,1.01,0,1,1,0,1,1,0,0,0,0.256,0.5,0.0376107
0.850000,125.000000,1.01,0,1,1,0,1,1,0,0,0,0.512,0.5,0.0454897
0.850000,125.000000,1.01,0,1,1,0,1,1,0,0,0,1.024,0.5,0.0598156
0.850000,125.000000,1.01,0,1,1,0,1,1,0,0,0,0.016,1, 0.0291387
0.850000,125.000000,1.01,0,1,1,0,1,1,0,0,0,0.032,1,0.0303244
0.850000,125.000000,1.01,0,1,1,0,1,1,0,0,0,0.064,1,0.0317378
0.850000,125.000000,1.01,0,1,1,0,1,1,0,0,0,0.128,1,0.0343296
0.850000,125.000000,1.01,0,1,1,0,1,1,0,0,0,0.256,1,0.0389619
0.850000,125.000000,1.01,0,1,1,0,1,1,0,0,0,0.512,1,0.0470462
0.850000,125.000000,1.01,0,1,1,0,1,1,0,0,0,1.024,1,0.0616498
0.850000,125.000000,1.01,0,1,1,0,1,1,0,0,0,0.016,2, 0.0265315
0.850000,125.000000,1.01,0,1,1,0,1,1,0,0,0,0.032,2,0.0277985
0.850000,125.000000,1.01,0,1,1,0,1,1,0,0,0,0.064,2,0.0293207
0.850000,125.000000,1.01,0,1,1,0,1,1,0,0,0,0.128,2,0.0321910
0.850000,125.000000,1.01,0,1,1,0,1,1,0,0,0,0.256,2,0.0373313
0.850000,125.000000,1.01,0,1,1,0,1,1,0,0,0,0.512,2,0.0463828
0.850000,125.000000,1.01,0,1,1,0,1,1,0,0,0,1.024,2,0.0616791
0.850000,125.000000,1.01,0,1,1,0,1,1,0,0,0,0.016,4, 0.0145038
0.850000,125.000000,1.01,0,1,1,0,1,1,0,0,0,0.032,4,0.0158982
0.850000,125.000000,1.01,0,1,1,0,1,1,0,0,0,0.064,4,0.0175970
0.850000,125.000000,1.01,0,1,1,0,1,1,0,0,0,0.128,4,0.0208432
0.850000,125.000000,1.01,0,1,1,0,1,1,0,0,0,0.256,4,0.0268266
0.850000,125.000000,1.01,0,1,1,0,1,1,0,0,0,0.512,4,0.0376060
0.850000,125.000000,1.01,0,1,1,0,1,1,0,0,0,1.024,4,0.0551890
0.850000,125.000000,1.01,0,1,1,0,1,1,0,0,0,0.016,8, -0.0166476
0.850000,125.000000,1.01,0,1,1,0,1,1,0,0,0,0.032,8,-0.0151079
0.850000,125.000000,1.01,0,1,1,0,1,1,0,0,0,0.064,8,-0.0132045
0.850000,125.000000,1.01,0,1,1,0,1,1,0,0,0,0.128,8,-0.0095063
0.850000,125.000000,1.01,0,1,1,0,1,1,0,0,0,0.256,8,-0.0025667
0.850000,125.000000,1.01,0,1,1,0,1,1,0,0,0,0.512,8,0.0098981
0.850000,125.000000,1.01,0,1,1,0,1,1,0,0,0,1.024,8,0.0315349
0.850000,125.000000,1.01,0,1,1,0,1,1,0,0,0,0.016,16, -0.0858870
0.850000,125.000000,1.01,0,1,1,0,1,1,0,0,0,0.032,16,-0.0842408
0.850000,125.000000,1.01,0,1,1,0,1,1,0,0,0,0.064,16,-0.0821884
0.850000,125.000000,1.01,0,1,1,0,1,1,0,0,0,0.128,16,-0.0781356
0.850000,125.000000,1.01,0,1,1,0,1,1,0,0,0,0.256,16,-0.0703198
0.850000,125.000000,1.01,0,1,1,0,1,1,0,0,0,0.512,16,-0.0558017
0.850000,125.000000,1.01,0,1,1,0,1,1,0,0,0,1.024,16,-0.0289274
0.850000,125.000000,1.01,0,1,1,0,1,0,1,0,0,0.016,0.1,0.0166399
0.850000,125.000000,1.01,0,1,1,0,1,0,1,0,0,0.032,0.1,0.0174022
0.850000,125.000000,1.01,0,1,1,0,1,0,1,0,0,0.064,0.1,0.0184708
0.850000,125.000000,1.01,0,1,1,0,1,0,1,0,0,0.128,0.1,0.0205940
0.850000,125.000000,1.01,0,1,1,0,1,0,1,0,0,0.256,0.1,0.0251287
0.850000,125.000000,1.01,0,1,1,0,1,0,1,0,0,0.512,0.1,0.0344613
0.850000,125.000000,1.01,0,1,1,0,1,0,1,0,0,1.024,0.1,0.0539724
0.850000,125.000000,1.01,0,1,1,0,1,0,1,0,0,0.016,0.5, 0.0192643
0.850000,125.000000,1.01,0,1,1,0,1,0,1,0,0,0.032,0.5,0.0199709
0.850000,125.000000,1.01,0,1,1,0,1,0,1,0,0,0.064,0.5,0.0208655
0.850000,125.000000,1.01,0,1,1,0,1,0,1,0,0,0.128,0.5,0.0228396
0.850000,125.000000,1.01,0,1,1,0,1,0,1,0,0,0.256,0.5,0.0268335
0.850000,125.000000,1.01,0,1,1,0,1,0,1,0,0,0.512,0.5,0.0356386
0.850000,125.000000,1.01,0,1,1,0,1,0,1,0,0,1.024,0.5,0.0546773
0.850000,125.000000,1.01,0,1,1,0,1,0,1,0,0,0.016,1, 0.0252726
0.850000,125.000000,1.01,0,1,1,0,1,0,1,0,0,0.032,1,0.0261706
0.850000,125.000000,1.01,0,1,1,0,1,0,1,0,0,0.064,1,0.0268808
0.850000,125.000000,1.01,0,1,1,0,1,0,1,0,0,0.128,1,0.0286430
0.850000,125.000000,1.01,0,1,1,0,1,0,1,0,0,0.256,1,0.0324030
0.850000,125.000000,1.01,0,1,1,0,1,0,1,0,0,0.512,1,0.0403290
0.850000,125.000000,1.01,0,1,1,0,1,0,1,0,0,1.024,1,0.0578510
0.850000,125.000000,1.01,0,1,1,0,1,0,1,0,0,0.016,2, 0.0374773
0.850000,125.000000,1.01,0,1,1,0,1,0,1,0,0,0.032,2,0.0379546
0.850000,125.000000,1.01,0,1,1,0,1,0,1,0,0,0.064,2,0.0385238
0.850000,125.000000,1.01,0,1,1,0,1,0,1,0,0,0.128,2,0.0401985
0.850000,125.000000,1.01,0,1,1,0,1,0,1,0,0,0.256,2,0.0437100
0.850000,125.000000,1.01,0,1,1,0,1,0,1,0,0,0.512,2,0.0513108
0.850000,125.000000,1.01,0,1,1,0,1,0,1,0,0,1.024,2,0.0673872
0.850000,125.000000,1.01,0,1,1,0,1,0,1,0,0,0.016,4, 0.0596773
0.850000,125.000000,1.01,0,1,1,0,1,0,1,0,0,0.032,4,0.0603020
0.850000,125.000000,1.01,0,1,1,0,1,0,1,0,0,0.064,4,0.0610266
0.850000,125.000000,1.01,0,1,1,0,1,0,1,0,0,0.128,4,0.0624971
0.850000,125.000000,1.01,0,1,1,0,1,0,1,0,0,0.256,4,0.0657410
0.850000,125.000000,1.01,0,1,1,0,1,0,1,0,0,0.512,4,0.0737318
0.850000,125.000000,1.01,0,1,1,0,1,0,1,0,0,1.024,4,0.0888680
0.850000,125.000000,1.01,0,1,1,0,1,0,1,0,0,0.016,8, 0.1024437
0.850000,125.000000,1.01,0,1,1,0,1,0,1,0,0,0.032,8,0.1024437
0.850000,125.000000,1.01,0,1,1,0,1,0,1,0,0,0.064,8,0.1041793
0.850000,125.000000,1.01,0,1,1,0,1,0,1,0,0,0.128,8,0.1055164
0.850000,125.000000,1.01,0,1,1,0,1,0,1,0,0,0.256,8,0.1091987
0.850000,125.000000,1.01,0,1,1,0,1,0,1,0,0,0.512,8,0.1162409
0.850000,125.000000,1.01,0,1,1,0,1,0,1,0,0,1.024,8,0.1328292
0.850000,125.000000,1.01,0,1,1,0,1,0,1,0,0,0.016,16, 0.1861979
0.850000,125.000000,1.01,0,1,1,0,1,0,1,0,0,0.032,16,0.1869562
0.850000,125.000000,1.01,0,1,1,0,1,0,1,0,0,0.064,16,0.1878890
0.850000,125.000000,1.01,0,1,1,0,1,0,1,0,0,0.128,16,0.1898914
0.850000,125.000000,1.01,0,1,1,0,1,0,1,0,0,0.256,16,0.1937800
0.850000,125.000000,1.01,0,1,1,0,1,0,1,0,0,0.512,16,0.2013368
0.850000,125.000000,1.01,0,1,1,0,1,0,1,0,0,1.024,16,0.2194987
0.850000,125.000000,1.01,0,1,1,0,1,0,0,1,0,0.016,0.1,0.0342973
0.850000,125.000000,1.01,0,1,1,0,1,0,0,1,0,0.032,0.1,0.0356228
0.850000,125.000000,1.01,0,1,1,0,1,0,0,1,0,0.064,0.1,0.0372240
0.850000,125.000000,1.01,0,1,1,0,1,0,0,1,0,0.128,0.1,0.0402348
0.850000,125.000000,1.01,0,1,1,0,1,0,0,1,0,0.256,0.1,0.0456787
0.850000,125.000000,1.01,0,1,1,0,1,0,0,1,0,0.512,0.1,0.0553228
0.850000,125.000000,1.01,0,1,1,0,1,0,0,1,0,1.024,0.1,0.0727080
0.850000,125.000000,1.01,0,1,1,0,1,0,0,1,0,0.016,0.5, 0.0395029
0.850000,125.000000,1.01,0,1,1,0,1,0,0,1,0,0.032,0.5,0.0407830
0.850000,125.000000,1.01,0,1,1,0,1,0,0,1,0,0.064,0.5,0.0423294
0.850000,125.000000,1.01,0,1,1,0,1,0,0,1,0,0.128,0.5,0.0452574
0.850000,125.000000,1.01,0,1,1,0,1,0,0,1,0,0.256,0.5,0.0505305
0.850000,125.000000,1.01,0,1,1,0,1,0,0,1,0,0.512,0.5,0.0600022
0.850000,125.000000,1.01,0,1,1,0,1,0,0,1,0,1.024,0.5,0.0772094
0.850000,125.000000,1.01,0,1,1,0,1,0,0,1,0,0.016,1, 0.0495369
0.850000,125.000000,1.01,0,1,1,0,1,0,0,1,0,0.032,1,0.0508426
0.850000,125.000000,1.01,0,1,1,0,1,0,0,1,0,0.064,1,0.0524955
0.850000,125.000000,1.01,0,1,1,0,1,0,0,1,0,0.128,1,0.0555687
0.850000,125.000000,1.01,0,1,1,0,1,0,0,1,0,0.256,1,0.0611527
0.850000,125.000000,1.01,0,1,1,0,1,0,0,1,0,0.512,1,0.0707813
0.850000,125.000000,1.01,0,1,1,0,1,0,0,1,0,1.024,1,0.0877618
0.850000,125.000000,1.01,0,1,1,0,1,0,0,1,0,0.016,2, 0.0657297
0.850000,125.000000,1.01,0,1,1,0,1,0,0,1,0,0.032,2,0.0671067
0.850000,125.000000,1.01,0,1,1,0,1,0,0,1,0,0.064,2,0.0688479
0.850000,125.000000,1.01,0,1,1,0,1,0,0,1,0,0.128,2,0.0721974
0.850000,125.000000,1.01,0,1,1,0,1,0,0,1,0,0.256,2,0.0783833
0.850000,125.000000,1.01,0,1,1,0,1,0,0,1,0,0.512,2,0.0890958
0.850000,125.000000,1.01,0,1,1,0,1,0,0,1,0,1.024,2,0.1076921
0.850000,125.000000,1.01,0,1,1,0,1,0,0,1,0,0.016,4, 0.0925029
0.850000,125.000000,1.01,0,1,1,0,1,0,0,1,0,0.032,4,0.0939781
0.850000,125.000000,1.01,0,1,1,0,1,0,0,1,0,0.064,4,0.0958145
0.850000,125.000000,1.01,0,1,1,0,1,0,0,1,0,0.128,4,0.0994144
0.850000,125.000000,1.01,0,1,1,0,1,0,0,1,0,0.256,4,0.1065264
0.850000,125.000000,1.01,0,1,1,0,1,0,0,1,0,0.512,4,0.1190695
0.850000,125.000000,1.01,0,1,1,0,1,0,0,1,0,1.024,4,0.1406377
0.850000,125.000000,1.01,0,1,1,0,1,0,0,1,0,0.016,8, 0.1393606
0.850000,125.000000,1.01,0,1,1,0,1,0,0,1,0,0.032,8,0.1409966
0.850000,125.000000,1.01,0,1,1,0,1,0,0,1,0,0.064,8,0.1430207
0.850000,125.000000,1.01,0,1,1,0,1,0,0,1,0,0.128,8,0.1470362
0.850000,125.000000,1.01,0,1,1,0,1,0,0,1,0,0.256,8,0.1546550
0.850000,125.000000,1.01,0,1,1,0,1,0,0,1,0,0.512,8,0.1691297
0.850000,125.000000,1.01,0,1,1,0,1,0,0,1,0,1.024,8,0.1951013
0.850000,125.000000,1.01,0,1,1,0,1,0,0,1,0,0.016,16, 0.2233697
0.850000,125.000000,1.01,0,1,1,0,1,0,0,1,0,0.032,16,0.2250953
0.850000,125.000000,1.01,0,1,1,0,1,0,0,1,0,0.064,16,0.2272404
0.850000,125.000000,1.01,0,1,1,0,1,0,0,1,0,0.128,16,0.2315147
0.850000,125.000000,1.01,0,1,1,0,1,0,0,1,0,0.256,16,0.2400084
0.850000,125.000000,1.01,0,1,1,0,1,0,0,1,0,0.512,16,0.2562843
0.850000,125.000000,1.01,0,1,1,0,1,0,0,1,0,1.024,16,0.2872111
0.850000,125.000000,1.01,0,1,1,0,1,0,0,0,1,0.016,0.1,0.0205928
0.850000,125.000000,1.01,0,1,1,0,1,0,0,0,1,0.032,0.1,0.0212738
0.850000,125.000000,1.01,0,1,1,0,1,0,0,0,1,0.064,0.1,0.0222610
0.850000,125.000000,1.01,0,1,1,0,1,0,0,0,1,0.128,0.1,0.0245363
0.850000,125.000000,1.01,0,1,1,0,1,0,0,0,1,0.256,0.1,0.0296668
0.850000,125.000000,1.01,0,1,1,0,1,0,0,0,1,0.512,0.1,0.0405713
0.850000,125.000000,1.01,0,1,1,0,1,0,0,0,1,1.024,0.1,0.0645048
0.850000,125.000000,1.01,0,1,1,0,1,0,0,0,1,0.016,0.5, 0.0217175
0.850000,125.000000,1.01,0,1,1,0,1,0,0,0,1,0.032,0.5,0.0223142
0.850000,125.000000,1.01,0,1,1,0,1,0,0,0,1,0.064,0.5,0.0232266
0.850000,125.000000,1.01,0,1,1,0,1,0,0,0,1,0.128,0.5,0.0254927
0.850000,125.000000,1.01,0,1,1,0,1,0,0,0,1,0.256,0.5,0.0303337
0.850000,125.000000,1.01,0,1,1,0,1,0,0,0,1,0.512,0.5,0.0411990
0.850000,125.000000,1.01,0,1,1,0,1,0,0,0,1,1.024,0.5,0.0649028
0.850000,125.000000,1.01,0,1,1,0,1,0,0,0,1,0.016,1, 0.0288693
0.850000,125.000000,1.01,0,1,1,0,1,0,0,0,1,0.032,1,0.0294196
0.850000,125.000000,1.01,0,1,1,0,1,0,0,0,1,0.064,1,0.0303245
0.850000,125.000000,1.01,0,1,1,0,1,0,0,0,1,0.128,1,0.0319321
0.850000,125.000000,1.01,0,1,1,0,1,0,0,0,1,0.256,1,0.0360655
0.850000,125.000000,1.01,0,1,1,0,1,0,0,0,1,0.512,1,0.0455522
0.850000,125.000000,1.01,0,1,1,0,1,0,0,0,1,1.024,1,0.0675096
0.850000,125.000000,1.01,0,1,1,0,1,0,0,0,1,0.016,2, 0.0431944
0.850000,125.000000,1.01,0,1,1,0,1,0,0,0,1,0.032,2,0.0438200
0.850000,125.000000,1.01,0,1,1,0,1,0,0,0,1,0.064,2,0.0444251
0.850000,125.000000,1.01,0,1,1,0,1,0,0,0,1,0.128,2,0.0463108
0.850000,125.000000,1.01,0,1,1,0,1,0,0,0,1,0.256,2,0.0501603
0.850000,125.000000,1.01,0,1,1,0,1,0,0,0,1,0.512,2,0.0589917
0.850000,125.000000,1.01,0,1,1,0,1,0,0,0,1,1.024,2,0.0782526
0.850000,125.000000,1.01,0,1,1,0,1,0,0,0,1,0.016,4, 0.0706242
0.850000,125.000000,1.01,0,1,1,0,1,0,0,0,1,0.032,4,0.0714718
0.850000,125.000000,1.01,0,1,1,0,1,0,0,0,1,0.064,4,0.0714718
0.850000,125.000000,1.01,0,1,1,0,1,0,0,0,1,0.128,4,0.0730734
0.850000,125.000000,1.01,0,1,1,0,1,0,0,0,1,0.256,4,0.0771393
0.850000,125.000000,1.01,0,1,1,0,1,0,0,0,1,0.512,4,0.0850572
0.850000,125.000000,1.01,0,1,1,0,1,0,0,0,1,1.024,4,0.1032546
0.850000,125.000000,1.01,0,1,1,0,1,0,0,0,1,0.016,8, 0.1220544
0.850000,125.000000,1.01,0,1,1,0,1,0,0,0,1,0.032,8,0.1224758
0.850000,125.000000,1.01,0,1,1,0,1,0,0,0,1,0.064,8,0.1230258
0.850000,125.000000,1.01,0,1,1,0,1,0,0,0,1,0.128,8,0.1241933
0.850000,125.000000,1.01,0,1,1,0,1,0,0,0,1,0.256,8,0.1277806
0.850000,125.000000,1.01,0,1,1,0,1,0,0,0,1,0.512,8,0.1365702
0.850000,125.000000,1.01,0,1,1,0,1,0,0,0,1,1.024,8,0.1551477
0.850000,125.000000,1.01,0,1,1,0,1,0,0,0,1,0.016,16, 0.2239205
0.850000,125.000000,1.01,0,1,1,0,1,0,0,0,1,0.032,16,0.2239205
0.850000,125.000000,1.01,0,1,1,0,1,0,0,0,1,0.064,16,0.2242755
0.850000,125.000000,1.01,0,1,1,0,1,0,0,0,1,0.128,16,0.2254312
0.850000,125.000000,1.01,0,1,1,0,1,0,0,0,1,0.256,16,0.2288615
0.850000,125.000000,1.01,0,1,1,0,1,0,0,0,1,0.512,16,0.2359968
0.850000,125.000000,1.01,0,1,1,0,1,0,0,0,1,1.024,16,0.2548578
0.850000,125.000000,1.01,0,1,1,1,0,1,0,0,0,0.016,0.1,0.0549241
0.850000,125.000000,1.01,0,1,1,1,0,1,0,0,0,0.032,0.1,0.0561425
0.850000,125.000000,1.01,0,1,1,1,0,1,0,0,0,0.064,0.1,0.0575624
0.850000,125.000000,1.01,0,1,1,1,0,1,0,0,0,0.128,0.1,0.0601432
0.850000,125.000000,1.01,0,1,1,1,0,1,0,0,0,0.256,0.1,0.0647968
0.850000,125.000000,1.01,0,1,1,1,0,1,0,0,0,0.512,0.1,0.0730462
0.850000,125.000000,1.01,0,1,1,1,0,1,0,0,0,1.024,0.1,0.0877282
0.850000,125.000000,1.01,0,1,1,1,0,1,0,0,0,0.016,0.5, 0.0601355
0.850000,125.000000,1.01,0,1,1,1,0,1,0,0,0,0.032,0.5,0.0613354
0.850000,125.000000,1.01,0,1,1,1,0,1,0,0,0,0.064,0.5,0.0627351
0.850000,125.000000,1.01,0,1,1,1,0,1,0,0,0,0.128,0.5,0.0653536
0.850000,125.000000,1.01,0,1,1,1,0,1,0,0,0,0.256,0.5,0.0699866
0.850000,125.000000,1.01,0,1,1,1,0,1,0,0,0,0.512,0.5,0.0781764
0.850000,125.000000,1.01,0,1,1,1,0,1,0,0,0,1.024,0.5,0.0928592
0.850000,125.000000,1.01,0,1,1,1,0,1,0,0,0,0.016,1, 0.0697000
0.850000,125.000000,1.01,0,1,1,1,0,1,0,0,0,0.032,1,0.0709003
0.850000,125.000000,1.01,0,1,1,1,0,1,0,0,0,0.064,1,0.0723187
0.850000,125.000000,1.01,0,1,1,1,0,1,0,0,0,0.128,1,0.0749387
0.850000,125.000000,1.01,0,1,1,1,0,1,0,0,0,0.256,1,0.0796195
0.850000,125.000000,1.01,0,1,1,1,0,1,0,0,0,0.512,1,0.0878372
0.850000,125.000000,1.01,0,1,1,1,0,1,0,0,0,1.024,1,0.1024386
0.850000,125.000000,1.01,0,1,1,1,0,1,0,0,0,0.016,2, 0.0844272
0.850000,125.000000,1.01,0,1,1,1,0,1,0,0,0,0.032,2,0.0856591
0.850000,125.000000,1.01,0,1,1,1,0,1,0,0,0,0.064,2,0.0871184
0.850000,125.000000,1.01,0,1,1,1,0,1,0,0,0,0.128,2,0.0898077
0.850000,125.000000,1.01,0,1,1,1,0,1,0,0,0,0.256,2,0.0946448
0.850000,125.000000,1.01,0,1,1,1,0,1,0,0,0,0.512,2,0.1030474
0.850000,125.000000,1.01,0,1,1,1,0,1,0,0,0,1.024,2,0.1178647
0.850000,125.000000,1.01,0,1,1,1,0,1,0,0,0,0.016,4, 0.1056303
0.850000,125.000000,1.01,0,1,1,1,0,1,0,0,0,0.032,4,0.1069280
0.850000,125.000000,1.01,0,1,1,1,0,1,0,0,0,0.064,4,0.1084909
0.850000,125.000000,1.01,0,1,1,1,0,1,0,0,0,0.128,4,0.1114226
0.850000,125.000000,1.01,0,1,1,1,0,1,0,0,0,0.256,4,0.1167923
0.850000,125.000000,1.01,0,1,1,1,0,1,0,0,0,0.512,4,0.1258979
0.850000,125.000000,1.01,0,1,1,1,0,1,0,0,0,1.024,4,0.1415048
0.850000,125.000000,1.01,0,1,1,1,0,1,0,0,0,0.016,8, 0.1354796
0.850000,125.000000,1.01,0,1,1,1,0,1,0,0,0,0.032,8,0.1369029
0.850000,125.000000,1.01,0,1,1,1,0,1,0,0,0,0.064,8,0.1386275
0.850000,125.000000,1.01,0,1,1,1,0,1,0,0,0,0.128,8,0.1419046
0.850000,125.000000,1.01,0,1,1,1,0,1,0,0,0,0.256,8,0.1481237
0.850000,125.000000,1.01,0,1,1,1,0,1,0,0,0,0.512,8,0.1584525
0.850000,125.000000,1.01,0,1,1,1,0,1,0,0,0,1.024,8,0.1760767
0.850000,125.000000,1.01,0,1,1,1,0,1,0,0,0,0.016,16, 0.1817088
0.850000,125.000000,1.01,0,1,1,1,0,1,0,0,0,0.032,16,0.1832385
0.850000,125.000000,1.01,0,1,1,1,0,1,0,0,0,0.064,16,0.1851222
0.850000,125.000000,1.01,0,1,1,1,0,1,0,0,0,0.128,16,0.1887813
0.850000,125.000000,1.01,0,1,1,1,0,1,0,0,0,0.256,16,0.1956605
0.850000,125.000000,1.01,0,1,1,1,0,1,0,0,0,0.512,16,0.2078939
0.850000,125.000000,1.01,0,1,1,1,0,1,0,0,0,1.024,16,0.2291495
0.850000,125.000000,1.01,0,1,1,1,0,0,1,0,0,0.016,0.1,0.0200823
0.850000,125.000000,1.01,0,1,1,1,0,0,1,0,0,0.032,0.1,0.0208205
0.850000,125.000000,1.01,0,1,1,1,0,0,1,0,0,0.064,0.1,0.0217420
0.850000,125.000000,1.01,0,1,1,1,0,0,1,0,0,0.128,0.1,0.0238455
0.850000,125.000000,1.01,0,1,1,1,0,0,1,0,0,0.256,0.1,0.0281011
0.850000,125.000000,1.01,0,1,1,1,0,0,1,0,0,0.512,0.1,0.0369594
0.850000,125.000000,1.01,0,1,1,1,0,0,1,0,0,1.024,0.1,0.0558555
0.850000,125.000000,1.01,0,1,1,1,0,0,1,0,0,0.016,0.5, 0.0203680
0.850000,125.000000,1.01,0,1,1,1,0,0,1,0,0,0.032,0.5,0.0210948
0.850000,125.000000,1.01,0,1,1,1,0,0,1,0,0,0.064,0.5,0.0220425
0.850000,125.000000,1.01,0,1,1,1,0,0,1,0,0,0.128,0.5,0.0240559
0.850000,125.000000,1.01,0,1,1,1,0,0,1,0,0,0.256,0.5,0.0282986
0.850000,125.000000,1.01,0,1,1,1,0,0,1,0,0,0.512,0.5,0.0371833
0.850000,125.000000,1.01,0,1,1,1,0,0,1,0,0,1.024,0.5,0.0558819
0.850000,125.000000,1.01,0,1,1,1,0,0,1,0,0,0.016,1, 0.0220432
0.850000,125.000000,1.01,0,1,1,1,0,0,1,0,0,0.032,1,0.0228451
0.850000,125.000000,1.01,0,1,1,1,0,0,1,0,0,0.064,1,0.0237577
0.850000,125.000000,1.01,0,1,1,1,0,0,1,0,0,0.128,1,0.0255928
0.850000,125.000000,1.01,0,1,1,1,0,0,1,0,0,0.256,1,0.0296391
0.850000,125.000000,1.01,0,1,1,1,0,0,1,0,0,0.512,1,0.0382109
0.850000,125.000000,1.01,0,1,1,1,0,0,1,0,0,1.024,1,0.0566315
0.850000,125.000000,1.01,0,1,1,1,0,0,1,0,0,0.016,2, 0.0268546
0.850000,125.000000,1.01,0,1,1,1,0,0,1,0,0,0.032,2,0.0275515
0.850000,125.000000,1.01,0,1,1,1,0,0,1,0,0,0.064,2,0.0283593
0.850000,125.000000,1.01,0,1,1,1,0,0,1,0,0,0.128,2,0.0299809
0.850000,125.000000,1.01,0,1,1,1,0,0,1,0,0,0.256,2,0.0338021
0.850000,125.000000,1.01,0,1,1,1,0,0,1,0,0,0.512,2,0.0418490
0.850000,125.000000,1.01,0,1,1,1,0,0,1,0,0,1.024,2,0.0593755
0.850000,125.000000,1.01,0,1,1,1,0,0,1,0,0,0.016,4, 0.0364323
0.850000,125.000000,1.01,0,1,1,1,0,0,1,0,0,0.032,4,0.0369905
0.850000,125.000000,1.01,0,1,1,1,0,0,1,0,0,0.064,4,0.0379343
0.850000,125.000000,1.01,0,1,1,1,0,0,1,0,0,0.128,4,0.0397960
0.850000,125.000000,1.01,0,1,1,1,0,0,1,0,0,0.256,4,0.0435790
0.850000,125.000000,1.01,0,1,1,1,0,0,1,0,0,0.512,4,0.0512077
0.850000,125.000000,1.01,0,1,1,1,0,0,1,0,0,1.024,4,0.0674327
0.850000,125.000000,1.01,0,1,1,1,0,0,1,0,0,0.016,8, 0.0549722
0.850000,125.000000,1.01,0,1,1,1,0,0,1,0,0,0.032,8,0.0554919
0.850000,125.000000,1.01,0,1,1,1,0,0,1,0,0,0.064,8,0.0562795
0.850000,125.000000,1.01,0,1,1,1,0,0,1,0,0,0.128,8,0.0579296
0.850000,125.000000,1.01,0,1,1,1,0,0,1,0,0,0.256,8,0.0619599
0.850000,125.000000,1.01,0,1,1,1,0,0,1,0,0,0.512,8,0.0699029
0.850000,125.000000,1.01,0,1,1,1,0,0,1,0,0,1.024,8,0.0854545
0.850000,125.000000,1.01,0,1,1,1,0,0,1,0,0,0.016,16, 0.0889577
0.850000,125.000000,1.01,0,1,1,1,0,0,1,0,0,0.032,16,0.0895605
0.850000,125.000000,1.01,0,1,1,1,0,0,1,0,0,0.064,16,0.0903956
0.850000,125.000000,1.01,0,1,1,1,0,0,1,0,0,0.128,16,0.0925755
0.850000,125.000000,1.01,0,1,1,1,0,0,1,0,0,0.256,16,0.0966600
0.850000,125.000000,1.01,0,1,1,1,0,0,1,0,0,0.512,16,0.1046699
0.850000,125.000000,1.01,0,1,1,1,0,0,1,0,0,1.024,16,0.1217748
0.850000,125.000000,1.01,0,1,1,1,0,0,0,1,0,0.016,0.1,0.0575828
0.850000,125.000000,1.01,0,1,1,1,0,0,0,1,0,0.032,0.1,0.0589623
0.850000,125.000000,1.01,0,1,1,1,0,0,0,1,0,0.064,0.1,0.0606091
0.850000,125.000000,1.01,0,1,1,1,0,0,0,1,0,0.128,0.1,0.0636604
0.850000,125.000000,1.01,0,1,1,1,0,0,0,1,0,0.256,0.1,0.0689929
0.850000,125.000000,1.01,0,1,1,1,0,0,0,1,0,0.512,0.1,0.0782114
0.850000,125.000000,1.01,0,1,1,1,0,0,0,1,0,1.024,0.1,0.0943580
0.850000,125.000000,1.01,0,1,1,1,0,0,0,1,0,0.016,0.5, 0.0600099
0.850000,125.000000,1.01,0,1,1,1,0,0,0,1,0,0.032,0.5,0.0613978
0.850000,125.000000,1.01,0,1,1,1,0,0,0,1,0,0.064,0.5,0.0630331
0.850000,125.000000,1.01,0,1,1,1,0,0,0,1,0,0.128,0.5,0.0660636
0.850000,125.000000,1.01,0,1,1,1,0,0,0,1,0,0.256,0.5,0.0714504
0.850000,125.000000,1.01,0,1,1,1,0,0,0,1,0,0.512,0.5,0.0806615
0.850000,125.000000,1.01,0,1,1,1,0,0,0,1,0,1.024,0.5,0.0967936
0.850000,125.000000,1.01,0,1,1,1,0,0,0,1,0,0.016,1, 0.0634649
0.850000,125.000000,1.01,0,1,1,1,0,0,0,1,0,0.032,1,0.0648401
0.850000,125.000000,1.01,0,1,1,1,0,0,0,1,0,0.064,1,0.0664819
0.850000,125.000000,1.01,0,1,1,1,0,0,0,1,0,0.128,1,0.0695236
0.850000,125.000000,1.01,0,1,1,1,0,0,0,1,0,0.256,1,0.0749237
0.850000,125.000000,1.01,0,1,1,1,0,0,0,1,0,0.512,1,0.0842365
0.850000,125.000000,1.01,0,1,1,1,0,0,0,1,0,1.024,1,0.1003746
0.850000,125.000000,1.01,0,1,1,1,0,0,0,1,0,0.016,2, 0.0678295
0.850000,125.000000,1.01,0,1,1,1,0,0,0,1,0,0.032,2,0.0692374
0.850000,125.000000,1.01,0,1,1,1,0,0,0,1,0,0.064,2,0.0710000
0.850000,125.000000,1.01,0,1,1,1,0,0,0,1,0,0.128,2,0.0740611
0.850000,125.000000,1.01,0,1,1,1,0,0,0,1,0,0.256,2,0.0795593
0.850000,125.000000,1.01,0,1,1,1,0,0,0,1,0,0.512,2,0.0890389
0.850000,125.000000,1.01,0,1,1,1,0,0,0,1,0,1.024,2,0.1053514
0.850000,125.000000,1.01,0,1,1,1,0,0,0,1,0,0.016,4, 0.0693418
0.850000,125.000000,1.01,0,1,1,1,0,0,0,1,0,0.032,4,0.0707872
0.850000,125.000000,1.01,0,1,1,1,0,0,0,1,0,0.064,4,0.0723518
0.850000,125.000000,1.01,0,1,1,1,0,0,0,1,0,0.128,4,0.0755907
0.850000,125.000000,1.01,0,1,1,1,0,0,0,1,0,0.256,4,0.0818346
0.850000,125.000000,1.01,0,1,1,1,0,0,0,1,0,0.512,4,0.0920867
0.850000,125.000000,1.01,0,1,1,1,0,0,0,1,0,1.024,4,0.1092307
0.850000,125.000000,1.01,0,1,1,1,0,0,0,1,0,0.016,8, 0.0630869
0.850000,125.000000,1.01,0,1,1,1,0,0,0,1,0,0.032,8,0.0644173
0.850000,125.000000,1.01,0,1,1,1,0,0,0,1,0,0.064,8,0.0662777
0.850000,125.000000,1.01,0,1,1,1,0,0,0,1,0,0.128,8,0.0698000
0.850000,125.000000,1.01,0,1,1,1,0,0,0,1,0,0.256,8,0.0766553
0.850000,125.000000,1.01,0,1,1,1,0,0,0,1,0,0.512,8,0.0883366
0.850000,125.000000,1.01,0,1,1,1,0,0,0,1,0,1.024,8,0.1076618
0.850000,125.000000,1.01,0,1,1,1,0,0,0,1,0,0.016,16, 0.0387564
0.850000,125.000000,1.01,0,1,1,1,0,0,0,1,0,0.032,16,0.0402041
0.850000,125.000000,1.01,0,1,1,1,0,0,0,1,0,0.064,16,0.0421739
0.850000,125.000000,1.01,0,1,1,1,0,0,0,1,0,0.128,16,0.0463604
0.850000,125.000000,1.01,0,1,1,1,0,0,0,1,0,0.256,16,0.0537310
0.850000,125.000000,1.01,0,1,1,1,0,0,0,1,0,0.512,16,0.0671696
0.850000,125.000000,1.01,0,1,1,1,0,0,0,1,0,1.024,16,0.0898868
0.850000,125.000000,1.01,0,1,1,1,0,0,0,0,1,0.016,0.1,0.0212949
0.850000,125.000000,1.01,0,1,1,1,0,0,0,0,1,0.032,0.1,0.0220042
0.850000,125.000000,1.01,0,1,1,1,0,0,0,0,1,0.064,0.1,0.0230297
0.850000,125.000000,1.01,0,1,1,1,0,0,0,0,1,0.128,0.1,0.0250994
0.850000,125.000000,1.01,0,1,1,1,0,0,0,0,1,0.256,0.1,0.0295367
0.850000,125.000000,1.01,0,1,1,1,0,0,0,0,1,0.512,0.1,0.0392560
0.850000,125.000000,1.01,0,1,1,1,0,0,0,0,1,1.024,0.1,0.0613453
0.850000,125.000000,1.01,0,1,1,1,0,0,0,0,1,0.016,0.5, 0.0217345
0.850000,125.000000,1.01,0,1,1,1,0,0,0,0,1,0.032,0.5,0.0224427
0.850000,125.000000,1.01,0,1,1,1,0,0,0,0,1,0.064,0.5,0.0233647
0.850000,125.000000,1.01,0,1,1,1,0,0,0,0,1,0.128,0.5,0.0253940
0.850000,125.000000,1.01,0,1,1,1,0,0,0,0,1,0.256,0.5,0.0297930
0.850000,125.000000,1.01,0,1,1,1,0,0,0,0,1,0.512,0.5,0.0394448
0.850000,125.000000,1.01,0,1,1,1,0,0,0,0,1,1.024,0.5,0.0615253
0.850000,125.000000,1.01,0,1,1,1,0,0,0,0,1,0.016,1, 0.0229380
0.850000,125.000000,1.01,0,1,1,1,0,0,0,0,1,0.032,1,0.0235926
0.850000,125.000000,1.01,0,1,1,1,0,0,0,0,1,0.064,1,0.0244983
0.850000,125.000000,1.01,0,1,1,1,0,0,0,0,1,0.128,1,0.0266061
0.850000,125.000000,1.01,0,1,1,1,0,0,0,0,1,0.256,1,0.0310039
0.850000,125.000000,1.01,0,1,1,1,0,0,0,0,1,0.512,1,0.0404074
0.850000,125.000000,1.01,0,1,1,1,0,0,0,0,1,1.024,1,0.0621487
0.850000,125.000000,1.01,0,1,1,1,0,0,0,0,1,0.016,2, 0.0268067
0.850000,125.000000,1.01,0,1,1,1,0,0,0,0,1,0.032,2,0.0275305
0.850000,125.000000,1.01,0,1,1,1,0,0,0,0,1,0.064,2,0.0288172
0.850000,125.000000,1.01,0,1,1,1,0,0,0,0,1,0.128,2,0.0304773
0.850000,125.000000,1.01,0,1,1,1,0,0,0,0,1,0.256,2,0.0346886
0.850000,125.000000,1.01,0,1,1,1,0,0,0,0,1,0.512,2,0.0435497
0.850000,125.000000,1.01,0,1,1,1,0,0,0,0,1,1.024,2,0.0641608
0.850000,125.000000,1.01,0,1,1,1,0,0,0,0,1,0.016,4, 0.0362913
0.850000,125.000000,1.01,0,1,1,1,0,0,0,0,1,0.032,4,0.0366806
0.850000,125.000000,1.01,0,1,1,1,0,0,0,0,1,0.064,4,0.0372779
0.850000,125.000000,1.01,0,1,1,1,0,0,0,0,1,0.128,4,0.0393054
0.850000,125.000000,1.01,0,1,1,1,0,0,0,0,1,0.256,4,0.0432681
0.850000,125.000000,1.01,0,1,1,1,0,0,0,0,1,0.512,4,0.0521651
0.850000,125.000000,1.01,0,1,1,1,0,0,0,0,1,1.024,4,0.0709184
0.850000,125.000000,1.01,0,1,1,1,0,0,0,0,1,0.016,8, 0.0539339
0.850000,125.000000,1.01,0,1,1,1,0,0,0,0,1,0.032,8,0.0546428
0.850000,125.000000,1.01,0,1,1,1,0,0,0,0,1,0.064,8,0.0551923
0.850000,125.000000,1.01,0,1,1,1,0,0,0,0,1,0.128,8,0.0568699
0.850000,125.000000,1.01,0,1,1,1,0,0,0,0,1,0.256,8,0.0618715
0.850000,125.000000,1.01,0,1,1,1,0,0,0,0,1,0.512,8,0.0698371
0.850000,125.000000,1.01,0,1,1,1,0,0,0,0,1,1.024,8,0.0864043
0.850000,125.000000,1.01,0,1,1,1,0,0,0,0,1,0.016,16, 0.0882740
0.850000,125.000000,1.01,0,1,1,1,0,0,0,0,1,0.032,16,0.0886284
0.850000,125.000000,1.01,0,1,1,1,0,0,0,0,1,0.064,16,0.0892734
0.850000,125.000000,1.01,0,1,1,1,0,0,0,0,1,0.128,16,0.0906753
0.850000,125.000000,1.01,0,1,1,1,0,0,0,0,1,0.256,16,0.0951149
0.850000,125.000000,1.01,0,1,1,1,0,0,0,0,1,0.512,16,0.1017869
0.850000,125.000000,1.01,0,1,1,1,0,0,0,0,1,1.024,16,0.1190720
0.750000,-40.000000,0.99,1,0,1,1,0,1,0,0,0,0.016,0.1,0.3369600
0.750000,-40.000000,0.99,1,0,1,1,0,1,0,0,0,0.032,0.1,0.3435086
0.750000,-40.000000,0.99,1,0,1,1,0,1,0,0,0,0.064,0.1,0.3504898
0.750000,-40.000000,0.99,1,0,1,1,0,1,0,0,0,0.128,0.1,0.3622145
0.750000,-40.000000,0.99,1,0,1,1,0,1,0,0,0,0.256,0.1,0.3814162
0.750000,-40.000000,0.99,1,0,1,1,0,1,0,0,0,0.512,0.1,0.4134240
0.750000,-40.000000,0.99,1,0,1,1,0,1,0,0,0,1.024,0.1,0.4701082
0.750000,-40.000000,0.99,1,0,1,1,0,1,0,0,0,0.016,0.5, 0.3483111
0.750000,-40.000000,0.99,1,0,1,1,0,1,0,0,0,0.032,0.5,0.3549181
0.750000,-40.000000,0.99,1,0,1,1,0,1,0,0,0,0.064,0.5,0.3618854
0.750000,-40.000000,0.99,1,0,1,1,0,1,0,0,0,0.128,0.5,0.3734830
0.750000,-40.000000,0.99,1,0,1,1,0,1,0,0,0,0.256,0.5,0.3927683
0.750000,-40.000000,0.99,1,0,1,1,0,1,0,0,0,0.512,0.5,0.4246876
0.750000,-40.000000,0.99,1,0,1,1,0,1,0,0,0,1.024,0.5,0.4814045
0.750000,-40.000000,0.99,1,0,1,1,0,1,0,0,0,0.016,1, 0.3709147
0.750000,-40.000000,0.99,1,0,1,1,0,1,0,0,0,0.032,1,0.3773280
0.750000,-40.000000,0.99,1,0,1,1,0,1,0,0,0,0.064,1,0.3842587
0.750000,-40.000000,0.99,1,0,1,1,0,1,0,0,0,0.128,1,0.3959550
0.750000,-40.000000,0.99,1,0,1,1,0,1,0,0,0,0.256,1,0.4153114
0.750000,-40.000000,0.99,1,0,1,1,0,1,0,0,0,0.512,1,0.4472527
0.750000,-40.000000,0.99,1,0,1,1,0,1,0,0,0,1.024,1,0.5037256
0.750000,-40.000000,0.99,1,0,1,1,0,1,0,0,0,0.016,2, 0.4165439
0.750000,-40.000000,0.99,1,0,1,1,0,1,0,0,0,0.032,2,0.4230217
0.750000,-40.000000,0.99,1,0,1,1,0,1,0,0,0,0.064,2,0.4300664
0.750000,-40.000000,0.99,1,0,1,1,0,1,0,0,0,0.128,2,0.4417802
0.750000,-40.000000,0.99,1,0,1,1,0,1,0,0,0,0.256,2,0.4609967
0.750000,-40.000000,0.99,1,0,1,1,0,1,0,0,0,0.512,2,0.4929644
0.750000,-40.000000,0.99,1,0,1,1,0,1,0,0,0,1.024,2,0.5496532
0.750000,-40.000000,0.99,1,0,1,1,0,1,0,0,0,0.016,4, 0.5104061
0.750000,-40.000000,0.99,1,0,1,1,0,1,0,0,0,0.032,4,0.5169106
0.750000,-40.000000,0.99,1,0,1,1,0,1,0,0,0,0.064,4,0.5238328
0.750000,-40.000000,0.99,1,0,1,1,0,1,0,0,0,0.128,4,0.5356374
0.750000,-40.000000,0.99,1,0,1,1,0,1,0,0,0,0.256,4,0.5549483
0.750000,-40.000000,0.99,1,0,1,1,0,1,0,0,0,0.512,4,0.5871513
0.750000,-40.000000,0.99,1,0,1,1,0,1,0,0,0,1.024,4,0.6434636
0.750000,-40.000000,0.99,1,0,1,1,0,1,0,0,0,0.016,8, 0.7033593
0.750000,-40.000000,0.99,1,0,1,1,0,1,0,0,0,0.032,8,0.7098894
0.750000,-40.000000,0.99,1,0,1,1,0,1,0,0,0,0.064,8,0.7168466
0.750000,-40.000000,0.99,1,0,1,1,0,1,0,0,0,0.128,8,0.7284480
0.750000,-40.000000,0.99,1,0,1,1,0,1,0,0,0,0.256,8,0.7478086
0.750000,-40.000000,0.99,1,0,1,1,0,1,0,0,0,0.512,8,0.7797396
0.750000,-40.000000,0.99,1,0,1,1,0,1,0,0,0,1.024,8,0.8365015
0.750000,-40.000000,0.99,1,0,1,1,0,1,0,0,0,0.016,16, 1.0699022
0.750000,-40.000000,0.99,1,0,1,1,0,1,0,0,0,0.032,16,1.0764919
0.750000,-40.000000,0.99,1,0,1,1,0,1,0,0,0,0.064,16,1.0837454
0.750000,-40.000000,0.99,1,0,1,1,0,1,0,0,0,0.128,16,1.0960916
0.750000,-40.000000,0.99,1,0,1,1,0,1,0,0,0,0.256,16,1.1157086
0.750000,-40.000000,0.99,1,0,1,1,0,1,0,0,0,0.512,16,1.1484566
0.750000,-40.000000,0.99,1,0,1,1,0,1,0,0,0,1.024,16,1.2050863
0.750000,-40.000000,0.99,1,0,1,1,0,0,1,0,0,0.016,0.1,0.0646411
0.750000,-40.000000,0.99,1,0,1,1,0,0,1,0,0,0.032,0.1,0.0696606
0.750000,-40.000000,0.99,1,0,1,1,0,0,1,0,0,0.064,0.1,0.0755793
0.750000,-40.000000,0.99,1,0,1,1,0,0,1,0,0,0.128,0.1,0.0869973
0.750000,-40.000000,0.99,1,0,1,1,0,0,1,0,0,0.256,0.1,0.1097796
0.750000,-40.000000,0.99,1,0,1,1,0,0,1,0,0,0.512,0.1,0.1558784
0.750000,-40.000000,0.99,1,0,1,1,0,0,1,0,0,1.024,0.1,0.2523770
0.750000,-40.000000,0.99,1,0,1,1,0,0,1,0,0,0.016,0.5, 0.0646089
0.750000,-40.000000,0.99,1,0,1,1,0,0,1,0,0,0.032,0.5,0.0695212
0.750000,-40.000000,0.99,1,0,1,1,0,0,1,0,0,0.064,0.5,0.0755988
0.750000,-40.000000,0.99,1,0,1,1,0,0,1,0,0,0.128,0.5,0.0871703
0.750000,-40.000000,0.99,1,0,1,1,0,0,1,0,0,0.256,0.5,0.1096139
0.750000,-40.000000,0.99,1,0,1,1,0,0,1,0,0,0.512,0.5,0.1557113
0.750000,-40.000000,0.99,1,0,1,1,0,0,1,0,0,1.024,0.5,0.2525391
0.750000,-40.000000,0.99,1,0,1,1,0,0,1,0,0,0.016,1, 0.0645782
0.750000,-40.000000,0.99,1,0,1,1,0,0,1,0,0,0.032,1,0.0695907
0.750000,-40.000000,0.99,1,0,1,1,0,0,1,0,0,0.064,1,0.0755321
0.750000,-40.000000,0.99,1,0,1,1,0,0,1,0,0,0.128,1,0.0874300
0.750000,-40.000000,0.99,1,0,1,1,0,0,1,0,0,0.256,1,0.1096382
0.750000,-40.000000,0.99,1,0,1,1,0,0,1,0,0,0.512,1,0.1558978
0.750000,-40.000000,0.99,1,0,1,1,0,0,1,0,0,1.024,1,0.2528611
0.750000,-40.000000,0.99,1,0,1,1,0,0,1,0,0,0.016,2, 0.0645827
0.750000,-40.000000,0.99,1,0,1,1,0,0,1,0,0,0.032,2,0.0695361
0.750000,-40.000000,0.99,1,0,1,1,0,0,1,0,0,0.064,2,0.0755376
0.750000,-40.000000,0.99,1,0,1,1,0,0,1,0,0,0.128,2,0.0869711
0.750000,-40.000000,0.99,1,0,1,1,0,0,1,0,0,0.256,2,0.1097677
0.750000,-40.000000,0.99,1,0,1,1,0,0,1,0,0,0.512,2,0.1558161
0.750000,-40.000000,0.99,1,0,1,1,0,0,1,0,0,1.024,2,0.2523452
0.750000,-40.000000,0.99,1,0,1,1,0,0,1,0,0,0.016,4, 0.0645023
0.750000,-40.000000,0.99,1,0,1,1,0,0,1,0,0,0.032,4,0.0695881
0.750000,-40.000000,0.99,1,0,1,1,0,0,1,0,0,0.064,4,0.0757911
0.750000,-40.000000,0.99,1,0,1,1,0,0,1,0,0,0.128,4,0.0868030
0.750000,-40.000000,0.99,1,0,1,1,0,0,1,0,0,0.256,4,0.1097158
0.750000,-40.000000,0.99,1,0,1,1,0,0,1,0,0,0.512,4,0.1557261
0.750000,-40.000000,0.99,1,0,1,1,0,0,1,0,0,1.024,4,0.2527206
0.750000,-40.000000,0.99,1,0,1,1,0,0,1,0,0,0.016,8, 0.0646813
0.750000,-40.000000,0.99,1,0,1,1,0,0,1,0,0,0.032,8,0.0696517
0.750000,-40.000000,0.99,1,0,1,1,0,0,1,0,0,0.064,8,0.0757044
0.750000,-40.000000,0.99,1,0,1,1,0,0,1,0,0,0.128,8,0.0871663
0.750000,-40.000000,0.99,1,0,1,1,0,0,1,0,0,0.256,8,0.1098424
0.750000,-40.000000,0.99,1,0,1,1,0,0,1,0,0,0.512,8,0.1560084
0.750000,-40.000000,0.99,1,0,1,1,0,0,1,0,0,1.024,8,0.2526712
0.750000,-40.000000,0.99,1,0,1,1,0,0,1,0,0,0.016,16, 0.0715253
0.750000,-40.000000,0.99,1,0,1,1,0,0,1,0,0,0.032,16,0.0762071
0.750000,-40.000000,0.99,1,0,1,1,0,0,1,0,0,0.064,16,0.0817786
0.750000,-40.000000,0.99,1,0,1,1,0,0,1,0,0,0.128,16,0.0930362
0.750000,-40.000000,0.99,1,0,1,1,0,0,1,0,0,0.256,16,0.1144816
0.750000,-40.000000,0.99,1,0,1,1,0,0,1,0,0,0.512,16,0.1590674
0.750000,-40.000000,0.99,1,0,1,1,0,0,1,0,0,1.024,16,0.2546935
0.750000,-40.000000,0.99,1,0,1,1,0,0,0,1,0,0.016,0.1,0.3101491
0.750000,-40.000000,0.99,1,0,1,1,0,0,0,1,0,0.032,0.1,0.3185980
0.750000,-40.000000,0.99,1,0,1,1,0,0,0,1,0,0.064,0.1,0.3273240
0.750000,-40.000000,0.99,1,0,1,1,0,0,0,1,0,0.128,0.1,0.3409898
0.750000,-40.000000,0.99,1,0,1,1,0,0,0,1,0,0.256,0.1,0.3613715
0.750000,-40.000000,0.99,1,0,1,1,0,0,0,1,0,0.512,0.1,0.3908409
0.750000,-40.000000,0.99,1,0,1,1,0,0,0,1,0,1.024,0.1,0.4354601
0.750000,-40.000000,0.99,1,0,1,1,0,0,0,1,0,0.016,0.5, 0.3204006
0.750000,-40.000000,0.99,1,0,1,1,0,0,0,1,0,0.032,0.5,0.3288499
0.750000,-40.000000,0.99,1,0,1,1,0,0,0,1,0,0.064,0.5,0.3375547
0.750000,-40.000000,0.99,1,0,1,1,0,0,0,1,0,0.128,0.5,0.3512341
0.750000,-40.000000,0.99,1,0,1,1,0,0,0,1,0,0.256,0.5,0.3715921
0.750000,-40.000000,0.99,1,0,1,1,0,0,0,1,0,0.512,0.5,0.4011785
0.750000,-40.000000,0.99,1,0,1,1,0,0,0,1,0,1.024,0.5,0.4456946
0.750000,-40.000000,0.99,1,0,1,1,0,0,0,1,0,0.016,1, 0.3402950
0.750000,-40.000000,0.99,1,0,1,1,0,0,0,1,0,0.032,1,0.3487333
0.750000,-40.000000,0.99,1,0,1,1,0,0,0,1,0,0.064,1,0.3573544
0.750000,-40.000000,0.99,1,0,1,1,0,0,0,1,0,0.128,1,0.3711517
0.750000,-40.000000,0.99,1,0,1,1,0,0,0,1,0,0.256,1,0.3913911
0.750000,-40.000000,0.99,1,0,1,1,0,0,0,1,0,0.512,1,0.4210808
0.750000,-40.000000,0.99,1,0,1,1,0,0,0,1,0,1.024,1,0.4656122
0.750000,-40.000000,0.99,1,0,1,1,0,0,0,1,0,0.016,2, 0.3792164
0.750000,-40.000000,0.99,1,0,1,1,0,0,0,1,0,0.032,2,0.3877355
0.750000,-40.000000,0.99,1,0,1,1,0,0,0,1,0,0.064,2,0.3962545
0.750000,-40.000000,0.99,1,0,1,1,0,0,0,1,0,0.128,2,0.4100381
0.750000,-40.000000,0.99,1,0,1,1,0,0,0,1,0,0.256,2,0.4304669
0.750000,-40.000000,0.99,1,0,1,1,0,0,0,1,0,0.512,2,0.4598676
0.750000,-40.000000,0.99,1,0,1,1,0,0,0,1,0,1.024,2,0.5044559
0.750000,-40.000000,0.99,1,0,1,1,0,0,0,1,0,0.016,4, 0.4538426
0.750000,-40.000000,0.99,1,0,1,1,0,0,0,1,0,0.032,4,0.4622965
0.750000,-40.000000,0.99,1,0,1,1,0,0,0,1,0,0.064,4,0.4710149
0.750000,-40.000000,0.99,1,0,1,1,0,0,0,1,0,0.128,4,0.4847187
0.750000,-40.000000,0.99,1,0,1,1,0,0,0,1,0,0.256,4,0.5051275
0.750000,-40.000000,0.99,1,0,1,1,0,0,0,1,0,0.512,4,0.5345857
0.750000,-40.000000,0.99,1,0,1,1,0,0,0,1,0,1.024,4,0.5791962
0.750000,-40.000000,0.99,1,0,1,1,0,0,0,1,0,0.016,8, 0.5895872
0.750000,-40.000000,0.99,1,0,1,1,0,0,0,1,0,0.032,8,0.5982135
0.750000,-40.000000,0.99,1,0,1,1,0,0,0,1,0,0.064,8,0.6069332
0.750000,-40.000000,0.99,1,0,1,1,0,0,0,1,0,0.128,8,0.6207885
0.750000,-40.000000,0.99,1,0,1,1,0,0,0,1,0,0.256,8,0.6414250
0.750000,-40.000000,0.99,1,0,1,1,0,0,0,1,0,0.512,8,0.6712978
0.750000,-40.000000,0.99,1,0,1,1,0,0,0,1,0,1.024,8,0.7159478
0.750000,-40.000000,0.99,1,0,1,1,0,0,0,1,0,0.016,16, 0.8051235
0.750000,-40.000000,0.99,1,0,1,1,0,0,0,1,0,0.032,16,0.8145574
0.750000,-40.000000,0.99,1,0,1,1,0,0,0,1,0,0.064,16,0.8241463
0.750000,-40.000000,0.99,1,0,1,1,0,0,0,1,0,0.128,16,0.8393446
0.750000,-40.000000,0.99,1,0,1,1,0,0,0,1,0,0.256,16,0.8615043
0.750000,-40.000000,0.99,1,0,1,1,0,0,0,1,0,0.512,16,0.8929610
0.750000,-40.000000,0.99,1,0,1,1,0,0,0,1,0,1.024,16,0.9388766
0.750000,-40.000000,0.99,1,0,1,1,0,0,0,0,1,0.016,0.1,0.0738551
0.750000,-40.000000,0.99,1,0,1,1,0,0,0,0,1,0.032,0.1,0.0782978
0.750000,-40.000000,0.99,1,0,1,1,0,0,0,0,1,0.064,0.1,0.0829338
0.750000,-40.000000,0.99,1,0,1,1,0,0,0,0,1,0.128,0.1,0.0913847
0.750000,-40.000000,0.99,1,0,1,1,0,0,0,0,1,0.256,0.1,0.1052067
0.750000,-40.000000,0.99,1,0,1,1,0,0,0,0,1,0.512,0.1,0.1292141
0.750000,-40.000000,0.99,1,0,1,1,0,0,0,0,1,1.024,0.1,0.1792876
0.750000,-40.000000,0.99,1,0,1,1,0,0,0,0,1,0.016,0.5, 0.0737918
0.750000,-40.000000,0.99,1,0,1,1,0,0,0,0,1,0.032,0.5,0.0782654
0.750000,-40.000000,0.99,1,0,1,1,0,0,0,0,1,0.064,0.5,0.0829829
0.750000,-40.000000,0.99,1,0,1,1,0,0,0,0,1,0.128,0.5,0.0914220
0.750000,-40.000000,0.99,1,0,1,1,0,0,0,0,1,0.256,0.5,0.1051661
0.750000,-40.000000,0.99,1,0,1,1,0,0,0,0,1,0.512,0.5,0.1292658
0.750000,-40.000000,0.99,1,0,1,1,0,0,0,0,1,1.024,0.5,0.1793192
0.750000,-40.000000,0.99,1,0,1,1,0,0,0,0,1,0.016,1, 0.0739399
0.750000,-40.000000,0.99,1,0,1,1,0,0,0,0,1,0.032,1,0.0784250
0.750000,-40.000000,0.99,1,0,1,1,0,0,0,0,1,0.064,1,0.0831582
0.750000,-40.000000,0.99,1,0,1,1,0,0,0,0,1,0.128,1,0.0910059
0.750000,-40.000000,0.99,1,0,1,1,0,0,0,0,1,0.256,1,0.1050265
0.750000,-40.000000,0.99,1,0,1,1,0,0,0,0,1,0.512,1,0.1290773
0.750000,-40.000000,0.99,1,0,1,1,0,0,0,0,1,1.024,1,0.1788225
0.750000,-40.000000,0.99,1,0,1,1,0,0,0,0,1,0.016,2, 0.0739682
0.750000,-40.000000,0.99,1,0,1,1,0,0,0,0,1,0.032,2,0.0783974
0.750000,-40.000000,0.99,1,0,1,1,0,0,0,0,1,0.064,2,0.0833243
0.750000,-40.000000,0.99,1,0,1,1,0,0,0,0,1,0.128,2,0.0913246
0.750000,-40.000000,0.99,1,0,1,1,0,0,0,0,1,0.256,2,0.1049600
0.750000,-40.000000,0.99,1,0,1,1,0,0,0,0,1,0.512,2,0.1292273
0.750000,-40.000000,0.99,1,0,1,1,0,0,0,0,1,1.024,2,0.1787244
0.750000,-40.000000,0.99,1,0,1,1,0,0,0,0,1,0.016,4, 0.0738670
0.750000,-40.000000,0.99,1,0,1,1,0,0,0,0,1,0.032,4,0.0784724
0.750000,-40.000000,0.99,1,0,1,1,0,0,0,0,1,0.064,4,0.0829622
0.750000,-40.000000,0.99,1,0,1,1,0,0,0,0,1,0.128,4,0.0914185
0.750000,-40.000000,0.99,1,0,1,1,0,0,0,0,1,0.256,4,0.1050674
0.750000,-40.000000,0.99,1,0,1,1,0,0,0,0,1,0.512,4,0.1296237
0.750000,-40.000000,0.99,1,0,1,1,0,0,0,0,1,1.024,4,0.1791544
0.750000,-40.000000,0.99,1,0,1,1,0,0,0,0,1,0.016,8, 0.0761230
0.750000,-40.000000,0.99,1,0,1,1,0,0,0,0,1,0.032,8,0.0808619
0.750000,-40.000000,0.99,1,0,1,1,0,0,0,0,1,0.064,8,0.0854683
0.750000,-40.000000,0.99,1,0,1,1,0,0,0,0,1,0.128,8,0.0937247
0.750000,-40.000000,0.99,1,0,1,1,0,0,0,0,1,0.256,8,0.1064341
0.750000,-40.000000,0.99,1,0,1,1,0,0,0,0,1,0.512,8,0.1301432
0.750000,-40.000000,0.99,1,0,1,1,0,0,0,0,1,1.024,8,0.1798213
0.750000,-40.000000,0.99,1,0,1,1,0,0,0,0,1,0.016,16, 0.0866191
0.750000,-40.000000,0.99,1,0,1,1,0,0,0,0,1,0.032,16,0.0906389
0.750000,-40.000000,0.99,1,0,1,1,0,0,0,0,1,0.064,16,0.0955757
0.750000,-40.000000,0.99,1,0,1,1,0,0,0,0,1,0.128,16,0.1032135
0.750000,-40.000000,0.99,1,0,1,1,0,0,0,0,1,0.256,16,0.1155266
0.750000,-40.000000,0.99,1,0,1,1,0,0,0,0,1,0.512,16,0.1379980
0.750000,-40.000000,0.99,1,0,1,1,0,0,0,0,1,1.024,16,0.1850127
0.750000,-40.000000,0.99,0,1,1,0,1,1,0,0,0,0.016,0.1,0.1278213
0.750000,-40.000000,0.99,0,1,1,0,1,1,0,0,0,0.032,0.1,0.1340952
0.750000,-40.000000,0.99,0,1,1,0,1,1,0,0,0,0.064,0.1,0.1408055
0.750000,-40.000000,0.99,0,1,1,0,1,1,0,0,0,0.128,0.1,0.1522849
0.750000,-40.000000,0.99,0,1,1,0,1,1,0,0,0,0.256,0.1,0.1710417
0.750000,-40.000000,0.99,0,1,1,0,1,1,0,0,0,0.512,0.1,0.2031024
0.750000,-40.000000,0.99,0,1,1,0,1,1,0,0,0,1.024,0.1,0.2593625
0.750000,-40.000000,0.99,0,1,1,0,1,1,0,0,0,0.016,0.5, 0.1358509
0.750000,-40.000000,0.99,0,1,1,0,1,1,0,0,0,0.032,0.5,0.1421310
0.750000,-40.000000,0.99,0,1,1,0,1,1,0,0,0,0.064,0.5,0.1487910
0.750000,-40.000000,0.99,0,1,1,0,1,1,0,0,0,0.128,0.5,0.1602247
0.750000,-40.000000,0.99,0,1,1,0,1,1,0,0,0,0.256,0.5,0.1791071
0.750000,-40.000000,0.99,0,1,1,0,1,1,0,0,0,0.512,0.5,0.2110505
0.750000,-40.000000,0.99,0,1,1,0,1,1,0,0,0,1.024,0.5,0.2674505
0.750000,-40.000000,0.99,0,1,1,0,1,1,0,0,0,0.016,1, 0.1516426
0.750000,-40.000000,0.99,0,1,1,0,1,1,0,0,0,0.032,1,0.1578838
0.750000,-40.000000,0.99,0,1,1,0,1,1,0,0,0,0.064,1,0.1646737
0.750000,-40.000000,0.99,0,1,1,0,1,1,0,0,0,0.128,1,0.1761466
0.750000,-40.000000,0.99,0,1,1,0,1,1,0,0,0,0.256,1,0.1951616
0.750000,-40.000000,0.99,0,1,1,0,1,1,0,0,0,0.512,1,0.2267795
0.750000,-40.000000,0.99,0,1,1,0,1,1,0,0,0,1.024,1,0.2832916
0.750000,-40.000000,0.99,0,1,1,0,1,1,0,0,0,0.016,2, 0.1839413
0.750000,-40.000000,0.99,0,1,1,0,1,1,0,0,0,0.032,2,0.1902479
0.750000,-40.000000,0.99,0,1,1,0,1,1,0,0,0,0.064,2,0.1968189
0.750000,-40.000000,0.99,0,1,1,0,1,1,0,0,0,0.128,2,0.2083685
0.750000,-40.000000,0.99,0,1,1,0,1,1,0,0,0,0.256,2,0.2271808
0.750000,-40.000000,0.99,0,1,1,0,1,1,0,0,0,0.512,2,0.2589388
0.750000,-40.000000,0.99,0,1,1,0,1,1,0,0,0,1.024,2,0.3153845
0.750000,-40.000000,0.99,0,1,1,0,1,1,0,0,0,0.016,4, 0.2474319
0.750000,-40.000000,0.99,0,1,1,0,1,1,0,0,0,0.032,4,0.2540118
0.750000,-40.000000,0.99,0,1,1,0,1,1,0,0,0,0.064,4,0.2610584
0.750000,-40.000000,0.99,0,1,1,0,1,1,0,0,0,0.128,4,0.2729063
0.750000,-40.000000,0.99,0,1,1,0,1,1,0,0,0,0.256,4,0.2922550
0.750000,-40.000000,0.99,0,1,1,0,1,1,0,0,0,0.512,4,0.3238482
0.750000,-40.000000,0.99,0,1,1,0,1,1,0,0,0,1.024,4,0.3804083
0.750000,-40.000000,0.99,0,1,1,0,1,1,0,0,0,0.016,8, 0.3390125
0.750000,-40.000000,0.99,0,1,1,0,1,1,0,0,0,0.032,8,0.3478279
0.750000,-40.000000,0.99,0,1,1,0,1,1,0,0,0,0.064,8,0.3569815
0.750000,-40.000000,0.99,0,1,1,0,1,1,0,0,0,0.128,8,0.3712732
0.750000,-40.000000,0.99,0,1,1,0,1,1,0,0,0,0.256,8,0.3935640
0.750000,-40.000000,0.99,0,1,1,0,1,1,0,0,0,0.512,8,0.4285730
0.750000,-40.000000,0.99,0,1,1,0,1,1,0,0,0,1.024,8,0.4868002
0.750000,-40.000000,0.99,0,1,1,0,1,1,0,0,0,0.016,16, 0.4577896
0.750000,-40.000000,0.99,0,1,1,0,1,1,0,0,0,0.032,16,0.4712075
0.750000,-40.000000,0.99,0,1,1,0,1,1,0,0,0,0.064,16,0.4845169
0.750000,-40.000000,0.99,0,1,1,0,1,1,0,0,0,0.128,16,0.5053780
0.750000,-40.000000,0.99,0,1,1,0,1,1,0,0,0,0.256,16,0.5351667
0.750000,-40.000000,0.99,0,1,1,0,1,1,0,0,0,0.512,16,0.5778483
0.750000,-40.000000,0.99,0,1,1,0,1,1,0,0,0,1.024,16,0.6416926
0.750000,-40.000000,0.99,0,1,1,0,1,0,1,0,0,0.016,0.1,0.0600050
0.750000,-40.000000,0.99,0,1,1,0,1,0,1,0,0,0.032,0.1,0.0653093
0.750000,-40.000000,0.99,0,1,1,0,1,0,1,0,0,0.064,0.1,0.0715017
0.750000,-40.000000,0.99,0,1,1,0,1,0,1,0,0,0.128,0.1,0.0836584
0.750000,-40.000000,0.99,0,1,1,0,1,0,1,0,0,0.256,0.1,0.1069530
0.750000,-40.000000,0.99,0,1,1,0,1,0,1,0,0,0.512,0.1,0.1538559
0.750000,-40.000000,0.99,0,1,1,0,1,0,1,0,0,1.024,0.1,0.2517917
0.750000,-40.000000,0.99,0,1,1,0,1,0,1,0,0,0.016,0.5, 0.0603807
0.750000,-40.000000,0.99,0,1,1,0,1,0,1,0,0,0.032,0.5,0.0655348
0.750000,-40.000000,0.99,0,1,1,0,1,0,1,0,0,0.064,0.5,0.0718542
0.750000,-40.000000,0.99,0,1,1,0,1,0,1,0,0,0.128,0.5,0.0838804
0.750000,-40.000000,0.99,0,1,1,0,1,0,1,0,0,0.256,0.5,0.1071625
0.750000,-40.000000,0.99,0,1,1,0,1,0,1,0,0,0.512,0.5,0.1542171
0.750000,-40.000000,0.99,0,1,1,0,1,0,1,0,0,1.024,0.5,0.2516853
0.750000,-40.000000,0.99,0,1,1,0,1,0,1,0,0,0.016,1, 0.0604901
0.750000,-40.000000,0.99,0,1,1,0,1,0,1,0,0,0.032,1,0.0657052
0.750000,-40.000000,0.99,0,1,1,0,1,0,1,0,0,0.064,1,0.0716247
0.750000,-40.000000,0.99,0,1,1,0,1,0,1,0,0,0.128,1,0.0837561
0.750000,-40.000000,0.99,0,1,1,0,1,0,1,0,0,0.256,1,0.1071098
0.750000,-40.000000,0.99,0,1,1,0,1,0,1,0,0,0.512,1,0.1536650
0.750000,-40.000000,0.99,0,1,1,0,1,0,1,0,0,1.024,1,0.2514503
0.750000,-40.000000,0.99,0,1,1,0,1,0,1,0,0,0.016,2, 0.0601049
0.750000,-40.000000,0.99,0,1,1,0,1,0,1,0,0,0.032,2,0.0656291
0.750000,-40.000000,0.99,0,1,1,0,1,0,1,0,0,0.064,2,0.0717208
0.750000,-40.000000,0.99,0,1,1,0,1,0,1,0,0,0.128,2,0.0838274
0.750000,-40.000000,0.99,0,1,1,0,1,0,1,0,0,0.256,2,0.1072757
0.750000,-40.000000,0.99,0,1,1,0,1,0,1,0,0,0.512,2,0.1543660
0.750000,-40.000000,0.99,0,1,1,0,1,0,1,0,0,1.024,2,0.2518071
0.750000,-40.000000,0.99,0,1,1,0,1,0,1,0,0,0.016,4, 0.0710718
0.750000,-40.000000,0.99,0,1,1,0,1,0,1,0,0,0.032,4,0.0754767
0.750000,-40.000000,0.99,0,1,1,0,1,0,1,0,0,0.064,4,0.0806055
0.750000,-40.000000,0.99,0,1,1,0,1,0,1,0,0,0.128,4,0.0911277
0.750000,-40.000000,0.99,0,1,1,0,1,0,1,0,0,0.256,4,0.1123769
0.750000,-40.000000,0.99,0,1,1,0,1,0,1,0,0,0.512,4,0.1574860
0.750000,-40.000000,0.99,0,1,1,0,1,0,1,0,0,1.024,4,0.2533536
0.750000,-40.000000,0.99,0,1,1,0,1,0,1,0,0,0.016,8, 0.1064172
0.750000,-40.000000,0.99,0,1,1,0,1,0,1,0,0,0.032,8,0.1093097
0.750000,-40.000000,0.99,0,1,1,0,1,0,1,0,0,0.064,8,0.1133580
0.750000,-40.000000,0.99,0,1,1,0,1,0,1,0,0,0.128,8,0.1226537
0.750000,-40.000000,0.99,0,1,1,0,1,0,1,0,0,0.256,8,0.1408030
0.750000,-40.000000,0.99,0,1,1,0,1,0,1,0,0,0.512,8,0.1802045
0.750000,-40.000000,0.99,0,1,1,0,1,0,1,0,0,1.024,8,0.2688914
0.750000,-40.000000,0.99,0,1,1,0,1,0,1,0,0,0.016,16, 0.1724477
0.750000,-40.000000,0.99,0,1,1,0,1,0,1,0,0,0.032,16,0.1759218
0.750000,-40.000000,0.99,0,1,1,0,1,0,1,0,0,0.064,16,0.1797437
0.750000,-40.000000,0.99,0,1,1,0,1,0,1,0,0,0.128,16,0.1859226
0.750000,-40.000000,0.99,0,1,1,0,1,0,1,0,0,0.256,16,0.2011003
0.750000,-40.000000,0.99,0,1,1,0,1,0,1,0,0,0.512,16,0.2345860
0.750000,-40.000000,0.99,0,1,1,0,1,0,1,0,0,1.024,16,0.3095014
0.750000,-40.000000,0.99,0,1,1,0,1,0,0,1,0,0.016,0.1,0.2903505
0.750000,-40.000000,0.99,0,1,1,0,1,0,0,1,0,0.032,0.1,0.3025021
0.750000,-40.000000,0.99,0,1,1,0,1,0,0,1,0,0.064,0.1,0.3149244
0.750000,-40.000000,0.99,0,1,1,0,1,0,0,1,0,0.128,0.1,0.3346143
0.750000,-40.000000,0.99,0,1,1,0,1,0,0,1,0,0.256,0.1,0.3632931
0.750000,-40.000000,0.99,0,1,1,0,1,0,0,1,0,0.512,0.1,0.4033283
0.750000,-40.000000,0.99,0,1,1,0,1,0,0,1,0,1.024,0.1,0.4595422
0.750000,-40.000000,0.99,0,1,1,0,1,0,0,1,0,0.016,0.5, 0.2975949
0.750000,-40.000000,0.99,0,1,1,0,1,0,0,1,0,0.032,0.5,0.3097846
0.750000,-40.000000,0.99,0,1,1,0,1,0,0,1,0,0.064,0.5,0.3221610
0.750000,-40.000000,0.99,0,1,1,0,1,0,0,1,0,0.128,0.5,0.3416792
0.750000,-40.000000,0.99,0,1,1,0,1,0,0,1,0,0.256,0.5,0.3704345
0.750000,-40.000000,0.99,0,1,1,0,1,0,0,1,0,0.512,0.5,0.4107692
0.750000,-40.000000,0.99,0,1,1,0,1,0,0,1,0,1.024,0.5,0.4668433
0.750000,-40.000000,0.99,0,1,1,0,1,0,0,1,0,0.016,1, 0.3129284
0.750000,-40.000000,0.99,0,1,1,0,1,0,0,1,0,0.032,1,0.3251123
0.750000,-40.000000,0.99,0,1,1,0,1,0,0,1,0,0.064,1,0.3375258
0.750000,-40.000000,0.99,0,1,1,0,1,0,0,1,0,0.128,1,0.3570829
0.750000,-40.000000,0.99,0,1,1,0,1,0,0,1,0,0.256,1,0.3857852
0.750000,-40.000000,0.99,0,1,1,0,1,0,0,1,0,0.512,1,0.4263199
0.750000,-40.000000,0.99,0,1,1,0,1,0,0,1,0,1.024,1,0.4826973
0.750000,-40.000000,0.99,0,1,1,0,1,0,0,1,0,0.016,2, 0.3451793
0.750000,-40.000000,0.99,0,1,1,0,1,0,0,1,0,0.032,2,0.3573424
0.750000,-40.000000,0.99,0,1,1,0,1,0,0,1,0,0.064,2,0.3698057
0.750000,-40.000000,0.99,0,1,1,0,1,0,0,1,0,0.128,2,0.3893575
0.750000,-40.000000,0.99,0,1,1,0,1,0,0,1,0,0.256,2,0.4179677
0.750000,-40.000000,0.99,0,1,1,0,1,0,0,1,0,0.512,2,0.4579845
0.750000,-40.000000,0.99,0,1,1,0,1,0,0,1,0,1.024,2,0.5148721
0.750000,-40.000000,0.99,0,1,1,0,1,0,0,1,0,0.016,4, 0.4140329
0.750000,-40.000000,0.99,0,1,1,0,1,0,0,1,0,0.032,4,0.4262100
0.750000,-40.000000,0.99,0,1,1,0,1,0,0,1,0,0.064,4,0.4385493
0.750000,-40.000000,0.99,0,1,1,0,1,0,0,1,0,0.128,4,0.4580814
0.750000,-40.000000,0.99,0,1,1,0,1,0,0,1,0,0.256,4,0.4867539
0.750000,-40.000000,0.99,0,1,1,0,1,0,0,1,0,0.512,4,0.5271283
0.750000,-40.000000,0.99,0,1,1,0,1,0,0,1,0,1.024,4,0.5836448
0.750000,-40.000000,0.99,0,1,1,0,1,0,0,1,0,0.016,8, 0.5625682
0.750000,-40.000000,0.99,0,1,1,0,1,0,0,1,0,0.032,8,0.5750851
0.750000,-40.000000,0.99,0,1,1,0,1,0,0,1,0,0.064,8,0.5877446
0.750000,-40.000000,0.99,0,1,1,0,1,0,0,1,0,0.128,8,0.6076749
0.750000,-40.000000,0.99,0,1,1,0,1,0,0,1,0,0.256,8,0.6367528
0.750000,-40.000000,0.99,0,1,1,0,1,0,0,1,0,0.512,8,0.6772196
0.750000,-40.000000,0.99,0,1,1,0,1,0,0,1,0,1.024,8,0.7334576
0.750000,-40.000000,0.99,0,1,1,0,1,0,0,1,0,0.016,16, 0.8310950
0.750000,-40.000000,0.99,0,1,1,0,1,0,0,1,0,0.032,16,0.8491138
0.750000,-40.000000,0.99,0,1,1,0,1,0,0,1,0,0.064,16,0.8670636
0.750000,-40.000000,0.99,0,1,1,0,1,0,0,1,0,0.128,16,0.8955978
0.750000,-40.000000,0.99,0,1,1,0,1,0,0,1,0,0.256,16,0.9332506
0.750000,-40.000000,0.99,0,1,1,0,1,0,0,1,0,0.512,16,0.9881969
0.750000,-40.000000,0.99,0,1,1,0,1,0,0,1,0,1.024,16,1.0560410
0.750000,-40.000000,0.99,0,1,1,0,1,0,0,0,1,0.016,0.1,0.1275959
0.750000,-40.000000,0.99,0,1,1,0,1,0,0,0,1,0.032,0.1,0.1331005
0.750000,-40.000000,0.99,0,1,1,0,1,0,0,0,1,0.064,0.1,0.1401939
0.750000,-40.000000,0.99,0,1,1,0,1,0,0,0,1,0.128,0.1,0.1495640
0.750000,-40.000000,0.99,0,1,1,0,1,0,0,0,1,0.256,0.1,0.1653968
0.750000,-40.000000,0.99,0,1,1,0,1,0,0,0,1,0.512,0.1,0.1912482
0.750000,-40.000000,0.99,0,1,1,0,1,0,0,0,1,1.024,0.1,0.2369634
0.750000,-40.000000,0.99,0,1,1,0,1,0,0,0,1,0.016,0.5, 0.1274612
0.750000,-40.000000,0.99,0,1,1,0,1,0,0,0,1,0.032,0.5,0.1329729
0.750000,-40.000000,0.99,0,1,1,0,1,0,0,0,1,0.064,0.5,0.1390898
0.750000,-40.000000,0.99,0,1,1,0,1,0,0,0,1,0.128,0.5,0.1495796
0.750000,-40.000000,0.99,0,1,1,0,1,0,0,0,1,0.256,0.5,0.1652802
0.750000,-40.000000,0.99,0,1,1,0,1,0,0,0,1,0.512,0.5,0.1910358
0.750000,-40.000000,0.99,0,1,1,0,1,0,0,0,1,1.024,0.5,0.2371663
0.750000,-40.000000,0.99,0,1,1,0,1,0,0,0,1,0.016,1, 0.1286148
0.750000,-40.000000,0.99,0,1,1,0,1,0,0,0,1,0.032,1,0.1332440
0.750000,-40.000000,0.99,0,1,1,0,1,0,0,0,1,0.064,1,0.1391743
0.750000,-40.000000,0.99,0,1,1,0,1,0,0,0,1,0.128,1,0.1494645
0.750000,-40.000000,0.99,0,1,1,0,1,0,0,0,1,0.256,1,0.1658107
0.750000,-40.000000,0.99,0,1,1,0,1,0,0,0,1,0.512,1,0.1909758
0.750000,-40.000000,0.99,0,1,1,0,1,0,0,0,1,1.024,1,0.2368441
0.750000,-40.000000,0.99,0,1,1,0,1,0,0,0,1,0.016,2, 0.1288270
0.750000,-40.000000,0.99,0,1,1,0,1,0,0,0,1,0.032,2,0.1343007
0.750000,-40.000000,0.99,0,1,1,0,1,0,0,0,1,0.064,2,0.1391098
0.750000,-40.000000,0.99,0,1,1,0,1,0,0,0,1,0.128,2,0.1492260
0.750000,-40.000000,0.99,0,1,1,0,1,0,0,0,1,0.256,2,0.1655746
0.750000,-40.000000,0.99,0,1,1,0,1,0,0,0,1,0.512,2,0.1911907
0.750000,-40.000000,0.99,0,1,1,0,1,0,0,0,1,1.024,2,0.2361017
0.750000,-40.000000,0.99,0,1,1,0,1,0,0,0,1,0.016,4, 0.1279594
0.750000,-40.000000,0.99,0,1,1,0,1,0,0,0,1,0.032,4,0.1341603
0.750000,-40.000000,0.99,0,1,1,0,1,0,0,0,1,0.064,4,0.1402363
0.750000,-40.000000,0.99,0,1,1,0,1,0,0,0,1,0.128,4,0.1502073
0.750000,-40.000000,0.99,0,1,1,0,1,0,0,0,1,0.256,4,0.1659444
0.750000,-40.000000,0.99,0,1,1,0,1,0,0,0,1,0.512,4,0.1915502
0.750000,-40.000000,0.99,0,1,1,0,1,0,0,0,1,1.024,4,0.2382649
0.750000,-40.000000,0.99,0,1,1,0,1,0,0,0,1,0.016,8, 0.1404672
0.750000,-40.000000,0.99,0,1,1,0,1,0,0,0,1,0.032,8,0.1441036
0.750000,-40.000000,0.99,0,1,1,0,1,0,0,0,1,0.064,8,0.1493463
0.750000,-40.000000,0.99,0,1,1,0,1,0,0,0,1,0.128,8,0.1573303
0.750000,-40.000000,0.99,0,1,1,0,1,0,0,0,1,0.256,8,0.1707936
0.750000,-40.000000,0.99,0,1,1,0,1,0,0,0,1,0.512,8,0.1952449
0.750000,-40.000000,0.99,0,1,1,0,1,0,0,0,1,1.024,8,0.2400693
0.750000,-40.000000,0.99,0,1,1,0,1,0,0,0,1,0.016,16, 0.2128658
0.750000,-40.000000,0.99,0,1,1,0,1,0,0,0,1,0.032,16,0.2168537
0.750000,-40.000000,0.99,0,1,1,0,1,0,0,0,1,0.064,16,0.2211453
0.750000,-40.000000,0.99,0,1,1,0,1,0,0,0,1,0.128,16,0.2289828
0.750000,-40.000000,0.99,0,1,1,0,1,0,0,0,1,0.256,16,0.2393178
0.750000,-40.000000,0.99,0,1,1,0,1,0,0,0,1,0.512,16,0.2580247
0.750000,-40.000000,0.99,0,1,1,0,1,0,0,0,1,1.024,16,0.2894772
0.750000,-40.000000,0.99,0,1,1,1,0,1,0,0,0,0.016,0.1,0.3288401
0.750000,-40.000000,0.99,0,1,1,1,0,1,0,0,0,0.032,0.1,0.3355085
0.750000,-40.000000,0.99,0,1,1,1,0,1,0,0,0,0.064,0.1,0.3425280
0.750000,-40.000000,0.99,0,1,1,1,0,1,0,0,0,0.128,0.1,0.3545819
0.750000,-40.000000,0.99,0,1,1,1,0,1,0,0,0,0.256,0.1,0.3743289
0.750000,-40.000000,0.99,0,1,1,1,0,1,0,0,0,0.512,0.1,0.4068869
0.750000,-40.000000,0.99,0,1,1,1,0,1,0,0,0,1.024,0.1,0.4638899
0.750000,-40.000000,0.99,0,1,1,1,0,1,0,0,0,0.016,0.5, 0.3404964
0.750000,-40.000000,0.99,0,1,1,1,0,1,0,0,0,0.032,0.5,0.3470684
0.750000,-40.000000,0.99,0,1,1,1,0,1,0,0,0,0.064,0.5,0.3543092
0.750000,-40.000000,0.99,0,1,1,1,0,1,0,0,0,0.128,0.5,0.3662773
0.750000,-40.000000,0.99,0,1,1,1,0,1,0,0,0,0.256,0.5,0.3858217
0.750000,-40.000000,0.99,0,1,1,1,0,1,0,0,0,0.512,0.5,0.4183691
0.750000,-40.000000,0.99,0,1,1,1,0,1,0,0,0,1.024,0.5,0.4754893
0.750000,-40.000000,0.99,0,1,1,1,0,1,0,0,0,0.016,1, 0.3630884
0.750000,-40.000000,0.99,0,1,1,1,0,1,0,0,0,0.032,1,0.3697452
0.750000,-40.000000,0.99,0,1,1,1,0,1,0,0,0,0.064,1,0.3768251
0.750000,-40.000000,0.99,0,1,1,1,0,1,0,0,0,0.128,1,0.3887921
0.750000,-40.000000,0.99,0,1,1,1,0,1,0,0,0,0.256,1,0.4082782
0.750000,-40.000000,0.99,0,1,1,1,0,1,0,0,0,0.512,1,0.4411259
0.750000,-40.000000,0.99,0,1,1,1,0,1,0,0,0,1.024,1,0.4981314
0.750000,-40.000000,0.99,0,1,1,1,0,1,0,0,0,0.016,2, 0.4091127
0.750000,-40.000000,0.99,0,1,1,1,0,1,0,0,0,0.032,2,0.4157439
0.750000,-40.000000,0.99,0,1,1,1,0,1,0,0,0,0.064,2,0.4227990
0.750000,-40.000000,0.99,0,1,1,1,0,1,0,0,0,0.128,2,0.4347976
0.750000,-40.000000,0.99,0,1,1,1,0,1,0,0,0,0.256,2,0.4542984
0.750000,-40.000000,0.99,0,1,1,1,0,1,0,0,0,0.512,2,0.4866719
0.750000,-40.000000,0.99,0,1,1,1,0,1,0,0,0,1.024,2,0.5444149
0.750000,-40.000000,0.99,0,1,1,1,0,1,0,0,0,0.016,4, 0.5042861
0.750000,-40.000000,0.99,0,1,1,1,0,1,0,0,0,0.032,4,0.5102579
0.750000,-40.000000,0.99,0,1,1,1,0,1,0,0,0,0.064,4,0.5173938
0.750000,-40.000000,0.99,0,1,1,1,0,1,0,0,0,0.128,4,0.5293315
0.750000,-40.000000,0.99,0,1,1,1,0,1,0,0,0,0.256,4,0.5489668
0.750000,-40.000000,0.99,0,1,1,1,0,1,0,0,0,0.512,4,0.5818365
0.750000,-40.000000,0.99,0,1,1,1,0,1,0,0,0,1.024,4,0.6388224
0.750000,-40.000000,0.99,0,1,1,1,0,1,0,0,0,0.016,8, 0.6960622
0.750000,-40.000000,0.99,0,1,1,1,0,1,0,0,0,0.032,8,0.7027806
0.750000,-40.000000,0.99,0,1,1,1,0,1,0,0,0,0.064,8,0.7099152
0.750000,-40.000000,0.99,0,1,1,1,0,1,0,0,0,0.128,8,0.7216920
0.750000,-40.000000,0.99,0,1,1,1,0,1,0,0,0,0.256,8,0.7413978
0.750000,-40.000000,0.99,0,1,1,1,0,1,0,0,0,0.512,8,0.7738458
0.750000,-40.000000,0.99,0,1,1,1,0,1,0,0,0,1.024,8,0.8310805
0.750000,-40.000000,0.99,0,1,1,1,0,1,0,0,0,0.016,16, 1.0593281
0.750000,-40.000000,0.99,0,1,1,1,0,1,0,0,0,0.032,16,1.0663043
0.750000,-40.000000,0.99,0,1,1,1,0,1,0,0,0,0.064,16,1.0737270
0.750000,-40.000000,0.99,0,1,1,1,0,1,0,0,0,0.128,16,1.0866416
0.750000,-40.000000,0.99,0,1,1,1,0,1,0,0,0,0.256,16,1.1066167
0.750000,-40.000000,0.99,0,1,1,1,0,1,0,0,0,0.512,16,1.1400467
0.750000,-40.000000,0.99,0,1,1,1,0,1,0,0,0,1.024,16,1.1971014
0.750000,-40.000000,0.99,0,1,1,1,0,0,1,0,0,0.016,0.1,0.0660476
0.750000,-40.000000,0.99,0,1,1,1,0,0,1,0,0,0.032,0.1,0.0710971
0.750000,-40.000000,0.99,0,1,1,1,0,0,1,0,0,0.064,0.1,0.0773740
0.750000,-40.000000,0.99,0,1,1,1,0,0,1,0,0,0.128,0.1,0.0887557
0.750000,-40.000000,0.99,0,1,1,1,0,0,1,0,0,0.256,0.1,0.1120355
0.750000,-40.000000,0.99,0,1,1,1,0,0,1,0,0,0.512,0.1,0.1581994
0.750000,-40.000000,0.99,0,1,1,1,0,0,1,0,0,1.024,0.1,0.2554809
0.750000,-40.000000,0.99,0,1,1,1,0,0,1,0,0,0.016,0.5, 0.0661695
0.750000,-40.000000,0.99,0,1,1,1,0,0,1,0,0,0.032,0.5,0.0712551
0.750000,-40.000000,0.99,0,1,1,1,0,0,1,0,0,0.064,0.5,0.0768637
0.750000,-40.000000,0.99,0,1,1,1,0,0,1,0,0,0.128,0.5,0.0888838
0.750000,-40.000000,0.99,0,1,1,1,0,0,1,0,0,0.256,0.5,0.1120796
0.750000,-40.000000,0.99,0,1,1,1,0,0,1,0,0,0.512,0.5,0.1586288
0.750000,-40.000000,0.99,0,1,1,1,0,0,1,0,0,1.024,0.5,0.2550266
0.750000,-40.000000,0.99,0,1,1,1,0,0,1,0,0,0.016,1, 0.0659041
0.750000,-40.000000,0.99,0,1,1,1,0,0,1,0,0,0.032,1,0.0710143
0.750000,-40.000000,0.99,0,1,1,1,0,0,1,0,0,0.064,1,0.0774097
0.750000,-40.000000,0.99,0,1,1,1,0,0,1,0,0,0.128,1,0.0887391
0.750000,-40.000000,0.99,0,1,1,1,0,0,1,0,0,0.256,1,0.1120360
0.750000,-40.000000,0.99,0,1,1,1,0,0,1,0,0,0.512,1,0.1581804
0.750000,-40.000000,0.99,0,1,1,1,0,0,1,0,0,1.024,1,0.2554451
0.750000,-40.000000,0.99,0,1,1,1,0,0,1,0,0,0.016,2, 0.0656713
0.750000,-40.000000,0.99,0,1,1,1,0,0,1,0,0,0.032,2,0.0708310
0.750000,-40.000000,0.99,0,1,1,1,0,0,1,0,0,0.064,2,0.0771313
0.750000,-40.000000,0.99,0,1,1,1,0,0,1,0,0,0.128,2,0.0887398
0.750000,-40.000000,0.99,0,1,1,1,0,0,1,0,0,0.256,2,0.1119050
0.750000,-40.000000,0.99,0,1,1,1,0,0,1,0,0,0.512,2,0.1584387
0.750000,-40.000000,0.99,0,1,1,1,0,0,1,0,0,1.024,2,0.2556605
0.750000,-40.000000,0.99,0,1,1,1,0,0,1,0,0,0.016,4, 0.0658951
0.750000,-40.000000,0.99,0,1,1,1,0,0,1,0,0,0.032,4,0.0710583
0.750000,-40.000000,0.99,0,1,1,1,0,0,1,0,0,0.064,4,0.0772208
0.750000,-40.000000,0.99,0,1,1,1,0,0,1,0,0,0.128,4,0.0890994
0.750000,-40.000000,0.99,0,1,1,1,0,0,1,0,0,0.256,4,0.1121062
0.750000,-40.000000,0.99,0,1,1,1,0,0,1,0,0,0.512,4,0.1584129
0.750000,-40.000000,0.99,0,1,1,1,0,0,1,0,0,1.024,4,0.2557642
0.750000,-40.000000,0.99,0,1,1,1,0,0,1,0,0,0.016,8, 0.0660753
0.750000,-40.000000,0.99,0,1,1,1,0,0,1,0,0,0.032,8,0.0711761
0.750000,-40.000000,0.99,0,1,1,1,0,0,1,0,0,0.064,8,0.0773167
0.750000,-40.000000,0.99,0,1,1,1,0,0,1,0,0,0.128,8,0.0894746
0.750000,-40.000000,0.99,0,1,1,1,0,0,1,0,0,0.256,8,0.1123264
0.750000,-40.000000,0.99,0,1,1,1,0,0,1,0,0,0.512,8,0.1587428
0.750000,-40.000000,0.99,0,1,1,1,0,0,1,0,0,1.024,8,0.2553982
0.750000,-40.000000,0.99,0,1,1,1,0,0,1,0,0,0.016,16, 0.0737891
0.750000,-40.000000,0.99,0,1,1,1,0,0,1,0,0,0.032,16,0.0781910
0.750000,-40.000000,0.99,0,1,1,1,0,0,1,0,0,0.064,16,0.0840174
0.750000,-40.000000,0.99,0,1,1,1,0,0,1,0,0,0.128,16,0.0953410
0.750000,-40.000000,0.99,0,1,1,1,0,0,1,0,0,0.256,16,0.1172302
0.750000,-40.000000,0.99,0,1,1,1,0,0,1,0,0,0.512,16,0.1623713
0.750000,-40.000000,0.99,0,1,1,1,0,0,1,0,0,1.024,16,0.2574886
0.750000,-40.000000,0.99,0,1,1,1,0,0,0,1,0,0.016,0.1,0.3034674
0.750000,-40.000000,0.99,0,1,1,1,0,0,0,1,0,0.032,0.1,0.3118907
0.750000,-40.000000,0.99,0,1,1,1,0,0,0,1,0,0.064,0.1,0.3205354
0.750000,-40.000000,0.99,0,1,1,1,0,0,0,1,0,0.128,0.1,0.3343356
0.750000,-40.000000,0.99,0,1,1,1,0,0,0,1,0,0.256,0.1,0.3547810
0.750000,-40.000000,0.99,0,1,1,1,0,0,0,1,0,0.512,0.1,0.3841850
0.750000,-40.000000,0.99,0,1,1,1,0,0,0,1,0,1.024,0.1,0.4287518
0.750000,-40.000000,0.99,0,1,1,1,0,0,0,1,0,0.016,0.5, 0.3106016
0.750000,-40.000000,0.99,0,1,1,1,0,0,0,1,0,0.032,0.5,0.3190649
0.750000,-40.000000,0.99,0,1,1,1,0,0,0,1,0,0.064,0.5,0.3277089
0.750000,-40.000000,0.99,0,1,1,1,0,0,0,1,0,0.128,0.5,0.3415328
0.750000,-40.000000,0.99,0,1,1,1,0,0,0,1,0,0.256,0.5,0.3617954
0.750000,-40.000000,0.99,0,1,1,1,0,0,0,1,0,0.512,0.5,0.3913798
0.750000,-40.000000,0.99,0,1,1,1,0,0,0,1,0,1.024,0.5,0.4360484
0.750000,-40.000000,0.99,0,1,1,1,0,0,0,1,0,0.016,1, 0.3256125
0.750000,-40.000000,0.99,0,1,1,1,0,0,0,1,0,0.032,1,0.3340799
0.750000,-40.000000,0.99,0,1,1,1,0,0,0,1,0,0.064,1,0.3428066
0.750000,-40.000000,0.99,0,1,1,1,0,0,0,1,0,0.128,1,0.3565047
0.750000,-40.000000,0.99,0,1,1,1,0,0,0,1,0,0.256,1,0.3768985
0.750000,-40.000000,0.99,0,1,1,1,0,0,0,1,0,0.512,1,0.4065037
0.750000,-40.000000,0.99,0,1,1,1,0,0,0,1,0,1.024,1,0.4510441
0.750000,-40.000000,0.99,0,1,1,1,0,0,0,1,0,0.016,2, 0.3573308
0.750000,-40.000000,0.99,0,1,1,1,0,0,0,1,0,0.032,2,0.3657999
0.750000,-40.000000,0.99,0,1,1,1,0,0,0,1,0,0.064,2,0.3744677
0.750000,-40.000000,0.99,0,1,1,1,0,0,0,1,0,0.128,2,0.3881936
0.750000,-40.000000,0.99,0,1,1,1,0,0,0,1,0,0.256,2,0.4086283
0.750000,-40.000000,0.99,0,1,1,1,0,0,0,1,0,0.512,2,0.4381264
0.750000,-40.000000,0.99,0,1,1,1,0,0,0,1,0,1.024,2,0.4824806
0.750000,-40.000000,0.99,0,1,1,1,0,0,0,1,0,0.016,4, 0.4240601
0.750000,-40.000000,0.99,0,1,1,1,0,0,0,1,0,0.032,4,0.4325356
0.750000,-40.000000,0.99,0,1,1,1,0,0,0,1,0,0.064,4,0.4412139
0.750000,-40.000000,0.99,0,1,1,1,0,0,0,1,0,0.128,4,0.4549737
0.750000,-40.000000,0.99,0,1,1,1,0,0,0,1,0,0.256,4,0.4754286
0.750000,-40.000000,0.99,0,1,1,1,0,0,0,1,0,0.512,4,0.5050737
0.750000,-40.000000,0.99,0,1,1,1,0,0,0,1,0,1.024,4,0.5496397
0.750000,-40.000000,0.99,0,1,1,1,0,0,0,1,0,0.016,8, 0.5436175
0.750000,-40.000000,0.99,0,1,1,1,0,0,0,1,0,0.032,8,0.5524703
0.750000,-40.000000,0.99,0,1,1,1,0,0,0,1,0,0.064,8,0.5614607
0.750000,-40.000000,0.99,0,1,1,1,0,0,0,1,0,0.128,8,0.5756448
0.750000,-40.000000,0.99,0,1,1,1,0,0,0,1,0,0.256,8,0.5967972
0.750000,-40.000000,0.99,0,1,1,1,0,0,0,1,0,0.512,8,0.6271129
0.750000,-40.000000,0.99,0,1,1,1,0,0,0,1,0,1.024,8,0.6723249
0.750000,-40.000000,0.99,0,1,1,1,0,0,0,1,0,0.016,16, 0.7260754
0.750000,-40.000000,0.99,0,1,1,1,0,0,0,1,0,0.032,16,0.7362417
0.750000,-40.000000,0.99,0,1,1,1,0,0,0,1,0,0.064,16,0.7465836
0.750000,-40.000000,0.99,0,1,1,1,0,0,0,1,0,0.128,16,0.7626484
0.750000,-40.000000,0.99,0,1,1,1,0,0,0,1,0,0.256,16,0.7861661
0.750000,-40.000000,0.99,0,1,1,1,0,0,0,1,0,0.512,16,0.8184486
0.750000,-40.000000,0.99,0,1,1,1,0,0,0,1,0,1.024,16,0.8652483
0.750000,-40.000000,0.99,0,1,1,1,0,0,0,0,1,0.016,0.1,0.0740658
0.750000,-40.000000,0.99,0,1,1,1,0,0,0,0,1,0.032,0.1,0.0786356
0.750000,-40.000000,0.99,0,1,1,1,0,0,0,0,1,0.064,0.1,0.0834598
0.750000,-40.000000,0.99,0,1,1,1,0,0,0,0,1,0.128,0.1,0.0914023
0.750000,-40.000000,0.99,0,1,1,1,0,0,0,0,1,0.256,0.1,0.1051094
0.750000,-40.000000,0.99,0,1,1,1,0,0,0,0,1,0.512,0.1,0.1293180
0.750000,-40.000000,0.99,0,1,1,1,0,0,0,0,1,1.024,0.1,0.1789117
0.750000,-40.000000,0.99,0,1,1,1,0,0,0,0,1,0.016,0.5, 0.0741659
0.750000,-40.000000,0.99,0,1,1,1,0,0,0,0,1,0.032,0.5,0.0786341
0.750000,-40.000000,0.99,0,1,1,1,0,0,0,0,1,0.064,0.5,0.0834323
0.750000,-40.000000,0.99,0,1,1,1,0,0,0,0,1,0.128,0.5,0.0911716
0.750000,-40.000000,0.99,0,1,1,1,0,0,0,0,1,0.256,0.5,0.1052111
0.750000,-40.000000,0.99,0,1,1,1,0,0,0,0,1,0.512,0.5,0.1292122
0.750000,-40.000000,0.99,0,1,1,1,0,0,0,0,1,1.024,0.5,0.1789002
0.750000,-40.000000,0.99,0,1,1,1,0,0,0,0,1,0.016,1, 0.0740399
0.750000,-40.000000,0.99,0,1,1,1,0,0,0,0,1,0.032,1,0.0784934
0.750000,-40.000000,0.99,0,1,1,1,0,0,0,0,1,0.064,1,0.0831880
0.750000,-40.000000,0.99,0,1,1,1,0,0,0,0,1,0.128,1,0.0916231
0.750000,-40.000000,0.99,0,1,1,1,0,0,0,0,1,0.256,1,0.1053852
0.750000,-40.000000,0.99,0,1,1,1,0,0,0,0,1,0.512,1,0.1294376
0.750000,-40.000000,0.99,0,1,1,1,0,0,0,0,1,1.024,1,0.1794493
0.750000,-40.000000,0.99,0,1,1,1,0,0,0,0,1,0.016,2, 0.0747477
0.750000,-40.000000,0.99,0,1,1,1,0,0,0,0,1,0.032,2,0.0786711
0.750000,-40.000000,0.99,0,1,1,1,0,0,0,0,1,0.064,2,0.0835729
0.750000,-40.000000,0.99,0,1,1,1,0,0,0,0,1,0.128,2,0.0917579
0.750000,-40.000000,0.99,0,1,1,1,0,0,0,0,1,0.256,2,0.1050797
0.750000,-40.000000,0.99,0,1,1,1,0,0,0,0,1,0.512,2,0.1287904
0.750000,-40.000000,0.99,0,1,1,1,0,0,0,0,1,1.024,2,0.1791165
0.750000,-40.000000,0.99,0,1,1,1,0,0,0,0,1,0.016,4, 0.0746109
0.750000,-40.000000,0.99,0,1,1,1,0,0,0,0,1,0.032,4,0.0792970
0.750000,-40.000000,0.99,0,1,1,1,0,0,0,0,1,0.064,4,0.0839122
0.750000,-40.000000,0.99,0,1,1,1,0,0,0,0,1,0.128,4,0.0921011
0.750000,-40.000000,0.99,0,1,1,1,0,0,0,0,1,0.256,4,0.1052356
0.750000,-40.000000,0.99,0,1,1,1,0,0,0,0,1,0.512,4,0.1296947
0.750000,-40.000000,0.99,0,1,1,1,0,0,0,0,1,1.024,4,0.1795816
0.750000,-40.000000,0.99,0,1,1,1,0,0,0,0,1,0.016,8, 0.0788171
0.750000,-40.000000,0.99,0,1,1,1,0,0,0,0,1,0.032,8,0.0831792
0.750000,-40.000000,0.99,0,1,1,1,0,0,0,0,1,0.064,8,0.0886859
0.750000,-40.000000,0.99,0,1,1,1,0,0,0,0,1,0.128,8,0.0964008
0.750000,-40.000000,0.99,0,1,1,1,0,0,0,0,1,0.256,8,0.1092364
0.750000,-40.000000,0.99,0,1,1,1,0,0,0,0,1,0.512,8,0.1326923
0.750000,-40.000000,0.99,0,1,1,1,0,0,0,0,1,1.024,8,0.1813977
0.750000,-40.000000,0.99,0,1,1,1,0,0,0,0,1,0.016,16, 0.0946552
0.750000,-40.000000,0.99,0,1,1,1,0,0,0,0,1,0.032,16,0.0986901
0.750000,-40.000000,0.99,0,1,1,1,0,0,0,0,1,0.064,16,0.1028882
0.750000,-40.000000,0.99,0,1,1,1,0,0,0,0,1,0.128,16,0.1109006
0.750000,-40.000000,0.99,0,1,1,1,0,0,0,0,1,0.256,16,0.1228502
0.750000,-40.000000,0.99,0,1,1,1,0,0,0,0,1,0.512,16,0.1434116
0.750000,-40.000000,0.99,0,1,1,1,0,0,0,0,1,1.024,16,0.1887839
