nom_voltage,nom_temperature,nom_process,related_pin A,timing_sense negative_unate,cell_rise,rise_transition,cell_fall,fall_transition,output_load,input_slope,value
0.850000,125.000000,1.01,1,1,1,0,0,0,0.016,0.1,0.0352419
0.850000,125.000000,1.01,1,1,1,0,0,0,0.032,0.1,0.0362865
0.850000,125.000000,1.01,1,1,1,0,0,0,0.064,0.1,0.0373870
0.850000,125.000000,1.01,1,1,1,0,0,0,0.128,0.1,0.0394979
0.850000,125.000000,1.01,1,1,1,0,0,0,0.256,0.1,0.0433650
0.850000,125.000000,1.01,1,1,1,0,0,0,0.512,0.1,0.0504185
0.850000,125.000000,1.01,1,1,1,0,0,0,1.024,0.1,0.0636425
0.850000,125.000000,1.01,1,1,1,0,0,0,0.016,1,  0.0400543
0.850000,125.000000,1.01,1,1,1,0,0,0,0.032,1,0.0410891
0.850000,125.000000,1.01,1,1,1,0,0,0,0.064,1,0.0421967
0.850000,125.000000,1.01,1,1,1,0,0,0,0.128,1,0.0442475
0.850000,125.000000,1.01,1,1,1,0,0,0,0.256,1,0.0480484
0.850000,125.000000,1.01,1,1,1,0,0,0,0.512,1,0.0550726
0.850000,125.000000,1.01,1,1,1,0,0,0,1.024,1,0.0682154
0.850000,125.000000,1.01,1,1,1,0,0,0,0.016,2,  0.0476690
0.850000,125.000000,1.01,1,1,1,0,0,0,0.032,2,0.0487303
0.850000,125.000000,1.01,1,1,1,0,0,0,0.064,2,0.0498401
0.850000,125.000000,1.01,1,1,1,0,0,0,0.128,2,0.0519276
0.850000,125.000000,1.01,1,1,1,0,0,0,0.256,2,0.0557394
0.850000,125.000000,1.01,1,1,1,0,0,0,0.512,2,0.0626883
0.850000,125.000000,1.01,1,1,1,0,0,0,1.024,2,0.0756704
0.850000,125.000000,1.01,1,1,1,0,0,0,0.016,4,  0.0592076
0.850000,125.000000,1.01,1,1,1,0,0,0,0.032,4,0.0603107
0.850000,125.000000,1.01,1,1,1,0,0,0,0.064,4,0.0614814
0.850000,125.000000,1.01,1,1,1,0,0,0,0.128,4,0.0636892
0.850000,125.000000,1.01,1,1,1,0,0,0,0.256,4,0.0677492
0.850000,125.000000,1.01,1,1,1,0,0,0,0.512,4,0.0748188
0.850000,125.000000,1.01,1,1,1,0,0,0,1.024,4,0.0878939
0.850000,125.000000,1.01,1,1,1,0,0,0,0.016,8,  0.0763263
0.850000,125.000000,1.01,1,1,1,0,0,0,0.032,8,0.0775549
0.850000,125.000000,1.01,1,1,1,0,0,0,0.064,8,0.0788647
0.850000,125.000000,1.01,1,1,1,0,0,0,0.128,8,0.0813409
0.850000,125.000000,1.01,1,1,1,0,0,0,0.256,8,0.0858746
0.850000,125.000000,1.01,1,1,1,0,0,0,0.512,8,0.0939371
0.850000,125.000000,1.01,1,1,1,0,0,0,1.024,8,0.1077401
0.850000,125.000000,1.01,1,1,1,0,0,0,0.016,16,  0.1031342
0.850000,125.000000,1.01,1,1,1,0,0,0,0.032,16,0.1045534
0.850000,125.000000,1.01,1,1,1,0,0,0,0.064,16,0.1060859
0.850000,125.000000,1.01,1,1,1,0,0,0,0.128,16,0.1089830
0.850000,125.000000,1.01,1,1,1,0,0,0,0.256,16,0.1143494
0.850000,125.000000,1.01,1,1,1,0,0,0,0.512,16,0.1237093
0.850000,125.000000,1.01,1,1,1,0,0,0,1.024,16,0.1401286
0.850000,125.000000,1.01,1,1,1,0,0,0,0.016,32,  0.1486310
0.850000,125.000000,1.01,1,1,1,0,0,0,0.032,32,0.1502506
0.850000,125.000000,1.01,1,1,1,0,0,0,0.064,32,0.1519912
0.850000,125.000000,1.01,1,1,1,0,0,0,0.128,32,0.1553853
0.850000,125.000000,1.01,1,1,1,0,0,0,0.256,32,0.1618269
0.850000,125.000000,1.01,1,1,1,0,0,0,0.512,32,0.1738371
0.850000,125.000000,1.01,1,1,1,0,0,0,1.024,32,0.1933468
0.850000,125.000000,1.01,1,1,0,1,0,0,0.016,0.1,0.0150596
0.850000,125.000000,1.01,1,1,0,1,0,0,0.032,0.1,0.0158215
0.850000,125.000000,1.01,1,1,0,1,0,0,0.064,0.1,0.0167080
0.850000,125.000000,1.01,1,1,0,1,0,0,0.128,0.1,0.0185682
0.850000,125.000000,1.01,1,1,0,1,0,0,0.256,0.1,0.0226427
0.850000,125.000000,1.01,1,1,0,1,0,0,0.512,0.1,0.0315357
0.850000,125.000000,1.01,1,1,0,1,0,0,1.024,0.1,0.0504933
0.850000,125.000000,1.01,1,1,0,1,0,0,0.016,1,  0.0156537
0.850000,125.000000,1.01,1,1,0,1,0,0,0.032,1,0.0163569
0.850000,125.000000,1.01,1,1,0,1,0,0,0.064,1,0.0172319
0.850000,125.000000,1.01,1,1,0,1,0,0,0.128,1,0.0191286
0.850000,125.000000,1.01,1,1,0,1,0,0,0.256,1,0.0231123
0.850000,125.000000,1.01,1,1,0,1,0,0,0.512,1,0.0318087
0.850000,125.000000,1.01,1,1,0,1,0,0,1.024,1,0.0506617
0.850000,125.000000,1.01,1,1,0,1,0,0,0.016,2,  0.0180506
0.850000,125.000000,1.01,1,1,0,1,0,0,0.032,2,0.0187464
0.850000,125.000000,1.01,1,1,0,1,0,0,0.064,2,0.0195011
0.850000,125.000000,1.01,1,1,0,1,0,0,0.128,2,0.0212125
0.850000,125.000000,1.01,1,1,0,1,0,0,0.256,2,0.0248586
0.850000,125.000000,1.01,1,1,0,1,0,0,0.512,2,0.0330101
0.850000,125.000000,1.01,1,1,0,1,0,0,1.024,2,0.0513169
0.850000,125.000000,1.01,1,1,0,1,0,0,0.016,4,  0.0240082
0.850000,125.000000,1.01,1,1,0,1,0,0,0.032,4,0.0245177
0.850000,125.000000,1.01,1,1,0,1,0,0,0.064,4,0.0251021
0.850000,125.000000,1.01,1,1,0,1,0,0,0.128,4,0.0264506
0.850000,125.000000,1.01,1,1,0,1,0,0,0.256,4,0.0297358
0.850000,125.000000,1.01,1,1,0,1,0,0,0.512,4,0.0370981
0.850000,125.000000,1.01,1,1,0,1,0,0,1.024,4,0.0538758
0.850000,125.000000,1.01,1,1,0,1,0,0,0.016,8,  0.0349363
0.850000,125.000000,1.01,1,1,0,1,0,0,0.032,8,0.0355159
0.850000,125.000000,1.01,1,1,0,1,0,0,0.064,8,0.0361563
0.850000,125.000000,1.01,1,1,0,1,0,0,0.128,8,0.0372714
0.850000,125.000000,1.01,1,1,0,1,0,0,0.256,8,0.0403482
0.850000,125.000000,1.01,1,1,0,1,0,0,0.512,8,0.0468958
0.850000,125.000000,1.01,1,1,0,1,0,0,1.024,8,0.0617260
0.850000,125.000000,1.01,1,1,0,1,0,0,0.016,16,  0.0545967
0.850000,125.000000,1.01,1,1,0,1,0,0,0.032,16,0.0553132
0.850000,125.000000,1.01,1,1,0,1,0,0,0.064,16,0.0561060
0.850000,125.000000,1.01,1,1,0,1,0,0,0.128,16,0.0581094
0.850000,125.000000,1.01,1,1,0,1,0,0,0.256,16,0.0612395
0.850000,125.000000,1.01,1,1,0,1,0,0,0.512,16,0.0673224
0.850000,125.000000,1.01,1,1,0,1,0,0,1.024,16,0.0813646
0.850000,125.000000,1.01,1,1,0,1,0,0,0.016,32,  0.0945984
0.850000,125.000000,1.01,1,1,0,1,0,0,0.032,32,0.0952205
0.850000,125.000000,1.01,1,1,0,1,0,0,0.064,32,0.0963671
0.850000,125.000000,1.01,1,1,0,1,0,0,0.128,32,0.0978863
0.850000,125.000000,1.01,1,1,0,1,0,0,0.256,32,0.1008019
0.850000,125.000000,1.01,1,1,0,1,0,0,0.512,32,0.1079991
0.850000,125.000000,1.01,1,1,0,1,0,0,1.024,32,0.1220598
0.850000,125.000000,1.01,1,1,0,0,1,0,0.016,0.1,0.0318731
0.850000,125.000000,1.01,1,1,0,0,1,0,0.032,0.1,0.0331028
0.850000,125.000000,1.01,1,1,0,0,1,0,0.064,0.1,0.0344049
0.850000,125.000000,1.01,1,1,0,0,1,0,0.128,0.1,0.0368263
0.850000,125.000000,1.01,1,1,0,0,1,0,0.256,0.1,0.0412638
0.850000,125.000000,1.01,1,1,0,0,1,0,0.512,0.1,0.0492783
0.850000,125.000000,1.01,1,1,0,0,1,0,1.024,0.1,0.0647196
0.850000,125.000000,1.01,1,1,0,0,1,0,0.016,1,  0.0339227
0.850000,125.000000,1.01,1,1,0,0,1,0,0.032,1,0.0351524
0.850000,125.000000,1.01,1,1,0,0,1,0,0.064,1,0.0364384
0.850000,125.000000,1.01,1,1,0,0,1,0,0.128,1,0.0388549
0.850000,125.000000,1.01,1,1,0,0,1,0,0.256,1,0.0432652
0.850000,125.000000,1.01,1,1,0,0,1,0,0.512,1,0.0512367
0.850000,125.000000,1.01,1,1,0,0,1,0,1.024,1,0.0666148
0.850000,125.000000,1.01,1,1,0,0,1,0,0.016,2,  0.0358871
0.850000,125.000000,1.01,1,1,0,0,1,0,0.032,2,0.0371148
0.850000,125.000000,1.01,1,1,0,0,1,0,0.064,2,0.0384205
0.850000,125.000000,1.01,1,1,0,0,1,0,0.128,2,0.0408759
0.850000,125.000000,1.01,1,1,0,0,1,0,0.256,2,0.0453563
0.850000,125.000000,1.01,1,1,0,0,1,0,0.512,2,0.0534881
0.850000,125.000000,1.01,1,1,0,0,1,0,1.024,2,0.0686753
0.850000,125.000000,1.01,1,1,0,0,1,0,0.016,4,  0.0366163
0.850000,125.000000,1.01,1,1,0,0,1,0,0.032,4,0.0379379
0.850000,125.000000,1.01,1,1,0,0,1,0,0.064,4,0.0393276
0.850000,125.000000,1.01,1,1,0,0,1,0,0.128,4,0.0418393
0.850000,125.000000,1.01,1,1,0,0,1,0,0.256,4,0.0467725
0.850000,125.000000,1.01,1,1,0,0,1,0,0.512,4,0.0551610
0.850000,125.000000,1.01,1,1,0,0,1,0,1.024,4,0.0704843
0.850000,125.000000,1.01,1,1,0,0,1,0,0.016,8,  0.0333671
0.850000,125.000000,1.01,1,1,0,0,1,0,0.032,8,0.0347995
0.850000,125.000000,1.01,1,1,0,0,1,0,0.064,8,0.0362122
0.850000,125.000000,1.01,1,1,0,0,1,0,0.128,8,0.0390443
0.850000,125.000000,1.01,1,1,0,0,1,0,0.256,8,0.0444602
0.850000,125.000000,1.01,1,1,0,0,1,0,0.512,8,0.0538631
0.850000,125.000000,1.01,1,1,0,0,1,0,1.024,8,0.0701011
0.850000,125.000000,1.01,1,1,0,0,1,0,0.016,16,  0.0204849
0.850000,125.000000,1.01,1,1,0,0,1,0,0.032,16,0.0220532
0.850000,125.000000,1.01,1,1,0,0,1,0,0.064,16,0.0236702
0.850000,125.000000,1.01,1,1,0,0,1,0,0.128,16,0.0268346
0.850000,125.000000,1.01,1,1,0,0,1,0,0.256,16,0.0330703
0.850000,125.000000,1.01,1,1,0,0,1,0,0.512,16,0.0438741
0.850000,125.000000,1.01,1,1,0,0,1,0,1.024,16,0.0627333
0.850000,125.000000,1.01,1,1,0,0,1,0,0.016,32,  -0.0125514
0.850000,125.000000,1.01,1,1,0,0,1,0,0.032,32,-0.0108409
0.850000,125.000000,1.01,1,1,0,0,1,0,0.064,32,-0.0089709
0.850000,125.000000,1.01,1,1,0,0,1,0,0.128,32,-0.0053260
0.850000,125.000000,1.01,1,1,0,0,1,0,0.256,32,0.0016091
0.850000,125.000000,1.01,1,1,0,0,1,0,0.512,32,0.0144086
0.850000,125.000000,1.01,1,1,0,0,1,0,1.024,32,0.0370787
0.850000,125.000000,1.01,1,1,0,0,0,1,0.016,0.1,0.0132630
0.850000,125.000000,1.01,1,1,0,0,0,1,0.032,0.1,0.0141378
0.850000,125.000000,1.01,1,1,0,0,0,1,0.064,0.1,0.0151923
0.850000,125.000000,1.01,1,1,0,0,0,1,0.128,0.1,0.0174555
0.850000,125.000000,1.01,1,1,0,0,0,1,0.256,0.1,0.0223169
0.850000,125.000000,1.01,1,1,0,0,0,1,0.512,0.1,0.0331449
0.850000,125.000000,1.01,1,1,0,0,0,1,1.024,0.1,0.0571028
0.850000,125.000000,1.01,1,1,0,0,0,1,0.016,1,  0.0141411
0.850000,125.000000,1.01,1,1,0,0,0,1,0.032,1,0.0150017
0.850000,125.000000,1.01,1,1,0,0,0,1,0.064,1,0.0160460
0.850000,125.000000,1.01,1,1,0,0,0,1,0.128,1,0.0181894
0.850000,125.000000,1.01,1,1,0,0,0,1,0.256,1,0.0229025
0.850000,125.000000,1.01,1,1,0,0,0,1,0.512,1,0.0334935
0.850000,125.000000,1.01,1,1,0,0,0,1,1.024,1,0.0569759
0.850000,125.000000,1.01,1,1,0,0,0,1,0.016,2,  0.0164721
0.850000,125.000000,1.01,1,1,0,0,0,1,0.032,2,0.0172126
0.850000,125.000000,1.01,1,1,0,0,0,1,0.064,2,0.0181692
0.850000,125.000000,1.01,1,1,0,0,0,1,0.128,2,0.0202045
0.850000,125.000000,1.01,1,1,0,0,0,1,0.256,2,0.0247474
0.850000,125.000000,1.01,1,1,0,0,0,1,0.512,2,0.0348365
0.850000,125.000000,1.01,1,1,0,0,0,1,1.024,2,0.0579230
0.850000,125.000000,1.01,1,1,0,0,0,1,0.016,4,  0.0215553
0.850000,125.000000,1.01,1,1,0,0,0,1,0.032,4,0.0222173
0.850000,125.000000,1.01,1,1,0,0,0,1,0.064,4,0.0231425
0.850000,125.000000,1.01,1,1,0,0,0,1,0.128,4,0.0250537
0.850000,125.000000,1.01,1,1,0,0,0,1,0.256,4,0.0292389
0.850000,125.000000,1.01,1,1,0,0,0,1,0.512,4,0.0384029
0.850000,125.000000,1.01,1,1,0,0,0,1,1.024,4,0.0599736
0.850000,125.000000,1.01,1,1,0,0,0,1,0.016,8,  0.0311999
0.850000,125.000000,1.01,1,1,0,0,0,1,0.032,8,0.0320589
0.850000,125.000000,1.01,1,1,0,0,0,1,0.064,8,0.0330712
0.850000,125.000000,1.01,1,1,0,0,0,1,0.128,8,0.0347730
0.850000,125.000000,1.01,1,1,0,0,0,1,0.256,8,0.0388810
0.850000,125.000000,1.01,1,1,0,0,0,1,0.512,8,0.0472379
0.850000,125.000000,1.01,1,1,0,0,0,1,1.024,8,0.0664475
0.850000,125.000000,1.01,1,1,0,0,0,1,0.016,16,  0.0505141
0.850000,125.000000,1.01,1,1,0,0,0,1,0.032,16,0.0513582
0.850000,125.000000,1.01,1,1,0,0,0,1,0.064,16,0.0520726
0.850000,125.000000,1.01,1,1,0,0,0,1,0.128,16,0.0538464
0.850000,125.000000,1.01,1,1,0,0,0,1,0.256,16,0.0576529
0.850000,125.000000,1.01,1,1,0,0,0,1,0.512,16,0.0658270
0.850000,125.000000,1.01,1,1,0,0,0,1,1.024,16,0.0832053
0.850000,125.000000,1.01,1,1,0,0,0,1,0.016,32,  0.0863274
0.850000,125.000000,1.01,1,1,0,0,0,1,0.032,32,0.0870504
0.850000,125.000000,1.01,1,1,0,0,0,1,0.064,32,0.0880469
0.850000,125.000000,1.01,1,1,0,0,0,1,0.128,32,0.0892940
0.850000,125.000000,1.01,1,1,0,0,0,1,0.256,32,0.0930930
0.850000,125.000000,1.01,1,1,0,0,0,1,0.512,32,0.1017966
0.850000,125.000000,1.01,1,1,0,0,0,1,1.024,32,0.1186585
0.750000,-40.000000,0.99,1,1,1,0,0,0,0.016,0.1,0.1658537
0.750000,-40.000000,0.99,1,1,1,0,0,0,0.032,0.1,0.1709186
0.750000,-40.000000,0.99,1,1,1,0,0,0,0.064,0.1,0.1760299
0.750000,-40.000000,0.99,1,1,1,0,0,0,0.128,0.1,0.1851350
0.750000,-40.000000,0.99,1,1,1,0,0,0,0.256,0.1,0.2009748
0.750000,-40.000000,0.99,1,1,1,0,0,0,0.512,0.1,0.2294568
0.750000,-40.000000,0.99,1,1,1,0,0,0,1.024,0.1,0.2826888
0.750000,-40.000000,0.99,1,1,1,0,0,0,0.016,1,  0.1771473
0.750000,-40.000000,0.99,1,1,1,0,0,0,0.032,1,0.1822750
0.750000,-40.000000,0.99,1,1,1,0,0,0,0.064,1,0.1873833
0.750000,-40.000000,0.99,1,1,1,0,0,0,0.128,1,0.1964585
0.750000,-40.000000,0.99,1,1,1,0,0,0,0.256,1,0.2124160
0.750000,-40.000000,0.99,1,1,1,0,0,0,0.512,1,0.2408420
0.750000,-40.000000,0.99,1,1,1,0,0,0,1.024,1,0.2940715
0.750000,-40.000000,0.99,1,1,1,0,0,0,0.016,2,  0.2004280
0.750000,-40.000000,0.99,1,1,1,0,0,0,0.032,2,0.2057146
0.750000,-40.000000,0.99,1,1,1,0,0,0,0.064,2,0.2106707
0.750000,-40.000000,0.99,1,1,1,0,0,0,0.128,2,0.2197226
0.750000,-40.000000,0.99,1,1,1,0,0,0,0.256,2,0.2357378
0.750000,-40.000000,0.99,1,1,1,0,0,0,0.512,2,0.2641354
0.750000,-40.000000,0.99,1,1,1,0,0,0,1.024,2,0.3173087
0.750000,-40.000000,0.99,1,1,1,0,0,0,0.016,4,  0.2486140
0.750000,-40.000000,0.99,1,1,1,0,0,0,0.032,4,0.2537079
0.750000,-40.000000,0.99,1,1,1,0,0,0,0.064,4,0.2589680
0.750000,-40.000000,0.99,1,1,1,0,0,0,0.128,4,0.2678790
0.750000,-40.000000,0.99,1,1,1,0,0,0,0.256,4,0.2838907
0.750000,-40.000000,0.99,1,1,1,0,0,0,0.512,4,0.3122594
0.750000,-40.000000,0.99,1,1,1,0,0,0,1.024,4,0.3655150
0.750000,-40.000000,0.99,1,1,1,0,0,0,0.016,8,  0.3462596
0.750000,-40.000000,0.99,1,1,1,0,0,0,0.032,8,0.3514003
0.750000,-40.000000,0.99,1,1,1,0,0,0,0.064,8,0.3565338
0.750000,-40.000000,0.99,1,1,1,0,0,0,0.128,8,0.3654875
0.750000,-40.000000,0.99,1,1,1,0,0,0,0.256,8,0.3815702
0.750000,-40.000000,0.99,1,1,1,0,0,0,0.512,8,0.4098748
0.750000,-40.000000,0.99,1,1,1,0,0,0,1.024,8,0.4631637
0.750000,-40.000000,0.99,1,1,1,0,0,0,0.016,16,  0.5281924
0.750000,-40.000000,0.99,1,1,1,0,0,0,0.032,16,0.5336494
0.750000,-40.000000,0.99,1,1,1,0,0,0,0.064,16,0.5389796
0.750000,-40.000000,0.99,1,1,1,0,0,0,0.128,16,0.5482014
0.750000,-40.000000,0.99,1,1,1,0,0,0,0.256,16,0.5645638
0.750000,-40.000000,0.99,1,1,1,0,0,0,0.512,16,0.5929270
0.750000,-40.000000,0.99,1,1,1,0,0,0,1.024,16,0.6458576
0.750000,-40.000000,0.99,1,1,1,0,0,0,0.016,32,  0.8286838
0.750000,-40.000000,0.99,1,1,1,0,0,0,0.032,32,0.8357440
0.750000,-40.000000,0.99,1,1,1,0,0,0,0.064,32,0.8424988
0.750000,-40.000000,0.99,1,1,1,0,0,0,0.128,32,0.8535208
0.750000,-40.000000,0.99,1,1,1,0,0,0,0.256,32,0.8716574
0.750000,-40.000000,0.99,1,1,1,0,0,0,0.512,32,0.9015828
0.750000,-40.000000,0.99,1,1,1,0,0,0,1.024,32,0.9543105
0.750000,-40.000000,0.99,1,1,0,1,0,0,0.016,0.1,0.0549429
0.750000,-40.000000,0.99,1,1,0,1,0,0,0.032,0.1,0.0602664
0.750000,-40.000000,0.99,1,1,0,1,0,0,0.064,0.1,0.0662152
0.750000,-40.000000,0.99,1,1,0,1,0,0,0.128,0.1,0.0775141
0.750000,-40.000000,0.99,1,1,0,1,0,0,0.256,0.1,0.1010272
0.750000,-40.000000,0.99,1,1,0,1,0,0,0.512,0.1,0.1476440
0.750000,-40.000000,0.99,1,1,0,1,0,0,1.024,0.1,0.2454746
0.750000,-40.000000,0.99,1,1,0,1,0,0,0.016,1,  0.0551302
0.750000,-40.000000,0.99,1,1,0,1,0,0,0.032,1,0.0601910
0.750000,-40.000000,0.99,1,1,0,1,0,0,0.064,1,0.0661107
0.750000,-40.000000,0.99,1,1,0,1,0,0,0.128,1,0.0777792
0.750000,-40.000000,0.99,1,1,0,1,0,0,0.256,1,0.1007178
0.750000,-40.000000,0.99,1,1,0,1,0,0,0.512,1,0.1481201
0.750000,-40.000000,0.99,1,1,0,1,0,0,1.024,1,0.2456700
0.750000,-40.000000,0.99,1,1,0,1,0,0,0.016,2,  0.0549981
0.750000,-40.000000,0.99,1,1,0,1,0,0,0.032,2,0.0601068
0.750000,-40.000000,0.99,1,1,0,1,0,0,0.064,2,0.0660524
0.750000,-40.000000,0.99,1,1,0,1,0,0,0.128,2,0.0777305
0.750000,-40.000000,0.99,1,1,0,1,0,0,0.256,2,0.1007820
0.750000,-40.000000,0.99,1,1,0,1,0,0,0.512,2,0.1480810
0.750000,-40.000000,0.99,1,1,0,1,0,0,1.024,2,0.2454916
0.750000,-40.000000,0.99,1,1,0,1,0,0,0.016,4,  0.0551513
0.750000,-40.000000,0.99,1,1,0,1,0,0,0.032,4,0.0601166
0.750000,-40.000000,0.99,1,1,0,1,0,0,0.064,4,0.0660893
0.750000,-40.000000,0.99,1,1,0,1,0,0,0.128,4,0.0777810
0.750000,-40.000000,0.99,1,1,0,1,0,0,0.256,4,0.1006687
0.750000,-40.000000,0.99,1,1,0,1,0,0,0.512,4,0.1479245
0.750000,-40.000000,0.99,1,1,0,1,0,0,1.024,4,0.2457158
0.750000,-40.000000,0.99,1,1,0,1,0,0,0.016,8,  0.0552598
0.750000,-40.000000,0.99,1,1,0,1,0,0,0.032,8,0.0606646
0.750000,-40.000000,0.99,1,1,0,1,0,0,0.064,8,0.0667151
0.750000,-40.000000,0.99,1,1,0,1,0,0,0.128,8,0.0780478
0.750000,-40.000000,0.99,1,1,0,1,0,0,0.256,8,0.1009907
0.750000,-40.000000,0.99,1,1,0,1,0,0,0.512,8,0.1479953
0.750000,-40.000000,0.99,1,1,0,1,0,0,1.024,8,0.2456888
0.750000,-40.000000,0.99,1,1,0,1,0,0,0.016,16,  0.0624353
0.750000,-40.000000,0.99,1,1,0,1,0,0,0.032,16,0.0671586
0.750000,-40.000000,0.99,1,1,0,1,0,0,0.064,16,0.0723992
0.750000,-40.000000,0.99,1,1,0,1,0,0,0.128,16,0.0832735
0.750000,-40.000000,0.99,1,1,0,1,0,0,0.256,16,0.1047510
0.750000,-40.000000,0.99,1,1,0,1,0,0,0.512,16,0.1505933
0.750000,-40.000000,0.99,1,1,0,1,0,0,1.024,16,0.2478882
0.750000,-40.000000,0.99,1,1,0,1,0,0,0.016,32,  0.0890612
0.750000,-40.000000,0.99,1,1,0,1,0,0,0.032,32,0.0925873
0.750000,-40.000000,0.99,1,1,0,1,0,0,0.064,32,0.0967975
0.750000,-40.000000,0.99,1,1,0,1,0,0,0.128,32,0.1052067
0.750000,-40.000000,0.99,1,1,0,1,0,0,0.256,32,0.1240538
0.750000,-40.000000,0.99,1,1,0,1,0,0,0.512,32,0.1640288
0.750000,-40.000000,0.99,1,1,0,1,0,0,1.024,32,0.2534926
0.750000,-40.000000,0.99,1,1,0,0,1,0,0.016,0.1,0.1452207
0.750000,-40.000000,0.99,1,1,0,0,1,0,0.032,0.1,0.1509543
0.750000,-40.000000,0.99,1,1,0,0,1,0,0.064,0.1,0.1564081
0.750000,-40.000000,0.99,1,1,0,0,1,0,0.128,0.1,0.1656260
0.750000,-40.000000,0.99,1,1,0,0,1,0,0.256,0.1,0.1803744
0.750000,-40.000000,0.99,1,1,0,0,1,0,0.512,0.1,0.2034880
0.750000,-40.000000,0.99,1,1,0,0,1,0,1.024,0.1,0.2420433
0.750000,-40.000000,0.99,1,1,0,0,1,0,0.016,1,  0.1549441
0.750000,-40.000000,0.99,1,1,0,0,1,0,0.032,1,0.1606985
0.750000,-40.000000,0.99,1,1,0,0,1,0,0.064,1,0.1662122
0.750000,-40.000000,0.99,1,1,0,0,1,0,0.128,1,0.1754146
0.750000,-40.000000,0.99,1,1,0,0,1,0,0.256,1,0.1901556
0.750000,-40.000000,0.99,1,1,0,0,1,0,0.512,1,0.2131602
0.750000,-40.000000,0.99,1,1,0,0,1,0,1.024,1,0.2516344
0.750000,-40.000000,0.99,1,1,0,0,1,0,0.016,2,  0.1751949
0.750000,-40.000000,0.99,1,1,0,0,1,0,0.032,2,0.1808732
0.750000,-40.000000,0.99,1,1,0,0,1,0,0.064,2,0.1863888
0.750000,-40.000000,0.99,1,1,0,0,1,0,0.128,2,0.1956223
0.750000,-40.000000,0.99,1,1,0,0,1,0,0.256,2,0.2103263
0.750000,-40.000000,0.99,1,1,0,0,1,0,0.512,2,0.2335245
0.750000,-40.000000,0.99,1,1,0,0,1,0,1.024,2,0.2720612
0.750000,-40.000000,0.99,1,1,0,0,1,0,0.016,4,  0.2142811
0.750000,-40.000000,0.99,1,1,0,0,1,0,0.032,4,0.2200411
0.750000,-40.000000,0.99,1,1,0,0,1,0,0.064,4,0.2255000
0.750000,-40.000000,0.99,1,1,0,0,1,0,0.128,4,0.2347334
0.750000,-40.000000,0.99,1,1,0,0,1,0,0.256,4,0.2493503
0.750000,-40.000000,0.99,1,1,0,0,1,0,0.512,4,0.2726138
0.750000,-40.000000,0.99,1,1,0,0,1,0,1.024,4,0.3109723
0.750000,-40.000000,0.99,1,1,0,0,1,0,0.016,8,  0.2800216
0.750000,-40.000000,0.99,1,1,0,0,1,0,0.032,8,0.2860066
0.750000,-40.000000,0.99,1,1,0,0,1,0,0.064,8,0.2917312
0.750000,-40.000000,0.99,1,1,0,0,1,0,0.128,8,0.3012189
0.750000,-40.000000,0.99,1,1,0,0,1,0,0.256,8,0.3159687
0.750000,-40.000000,0.99,1,1,0,0,1,0,0.512,8,0.3393996
0.750000,-40.000000,0.99,1,1,0,0,1,0,1.024,8,0.3778117
0.750000,-40.000000,0.99,1,1,0,0,1,0,0.016,16,  0.3807858
0.750000,-40.000000,0.99,1,1,0,0,1,0,0.032,16,0.3872437
0.750000,-40.000000,0.99,1,1,0,0,1,0,0.064,16,0.3934129
0.750000,-40.000000,0.99,1,1,0,0,1,0,0.128,16,0.4036243
0.750000,-40.000000,0.99,1,1,0,0,1,0,0.256,16,0.4195890
0.750000,-40.000000,0.99,1,1,0,0,1,0,0.512,16,0.4439219
0.750000,-40.000000,0.99,1,1,0,0,1,0,1.024,16,0.4832961
0.750000,-40.000000,0.99,1,1,0,0,1,0,0.016,32,  0.5288061
0.750000,-40.000000,0.99,1,1,0,0,1,0,0.032,32,0.5368332
0.750000,-40.000000,0.99,1,1,0,0,1,0,0.064,32,0.5437606
0.750000,-40.000000,0.99,1,1,0,0,1,0,0.128,32,0.5557422
0.750000,-40.000000,0.99,1,1,0,0,1,0,0.256,32,0.5745162
0.750000,-40.000000,0.99,1,1,0,0,1,0,0.512,32,0.6010586
0.750000,-40.000000,0.99,1,1,0,0,1,0,1.024,32,0.6417641
0.750000,-40.000000,0.99,1,1,0,0,0,1,0.016,0.1,0.0570781
0.750000,-40.000000,0.99,1,1,0,0,0,1,0.032,0.1,0.0613826
0.750000,-40.000000,0.99,1,1,0,0,0,1,0.064,0.1,0.0657388
0.750000,-40.000000,0.99,1,1,0,0,0,1,0.128,0.1,0.0734477
0.750000,-40.000000,0.99,1,1,0,0,0,1,0.256,0.1,0.0873191
0.750000,-40.000000,0.99,1,1,0,0,0,1,0.512,0.1,0.1123693
0.750000,-40.000000,0.99,1,1,0,0,0,1,1.024,0.1,0.1667909
0.750000,-40.000000,0.99,1,1,0,0,0,1,0.016,1,  0.0573296
0.750000,-40.000000,0.99,1,1,0,0,0,1,0.032,1,0.0616513
0.750000,-40.000000,0.99,1,1,0,0,0,1,0.064,1,0.0658533
0.750000,-40.000000,0.99,1,1,0,0,0,1,0.128,1,0.0735100
0.750000,-40.000000,0.99,1,1,0,0,0,1,0.256,1,0.0872817
0.750000,-40.000000,0.99,1,1,0,0,0,1,0.512,1,0.1128382
0.750000,-40.000000,0.99,1,1,0,0,0,1,1.024,1,0.1669660
0.750000,-40.000000,0.99,1,1,0,0,0,1,0.016,2,  0.0569653
0.750000,-40.000000,0.99,1,1,0,0,0,1,0.032,2,0.0616342
0.750000,-40.000000,0.99,1,1,0,0,0,1,0.064,2,0.0655606
0.750000,-40.000000,0.99,1,1,0,0,0,1,0.128,2,0.0737480
0.750000,-40.000000,0.99,1,1,0,0,0,1,0.256,2,0.0873923
0.750000,-40.000000,0.99,1,1,0,0,0,1,0.512,2,0.1126241
0.750000,-40.000000,0.99,1,1,0,0,0,1,1.024,2,0.1669433
0.750000,-40.000000,0.99,1,1,0,0,0,1,0.016,4,  0.0575581
0.750000,-40.000000,0.99,1,1,0,0,0,1,0.032,4,0.0614419
0.750000,-40.000000,0.99,1,1,0,0,0,1,0.064,4,0.0662464
0.750000,-40.000000,0.99,1,1,0,0,0,1,0.128,4,0.0740335
0.750000,-40.000000,0.99,1,1,0,0,0,1,0.256,4,0.0875804
0.750000,-40.000000,0.99,1,1,0,0,0,1,0.512,4,0.1128236
0.750000,-40.000000,0.99,1,1,0,0,0,1,1.024,4,0.1668322
0.750000,-40.000000,0.99,1,1,0,0,0,1,0.016,8,  0.0596292
0.750000,-40.000000,0.99,1,1,0,0,0,1,0.032,8,0.0641333
0.750000,-40.000000,0.99,1,1,0,0,0,1,0.064,8,0.0680676
0.750000,-40.000000,0.99,1,1,0,0,0,1,0.128,8,0.0755731
0.750000,-40.000000,0.99,1,1,0,0,0,1,0.256,8,0.0883544
0.750000,-40.000000,0.99,1,1,0,0,0,1,0.512,8,0.1136060
0.750000,-40.000000,0.99,1,1,0,0,0,1,1.024,8,0.1675962
0.750000,-40.000000,0.99,1,1,0,0,0,1,0.016,16,  0.0658745
0.750000,-40.000000,0.99,1,1,0,0,0,1,0.032,16,0.0704632
0.750000,-40.000000,0.99,1,1,0,0,0,1,0.064,16,0.0748106
0.750000,-40.000000,0.99,1,1,0,0,0,1,0.128,16,0.0814829
0.750000,-40.000000,0.99,1,1,0,0,0,1,0.256,16,0.0940639
0.750000,-40.000000,0.99,1,1,0,0,0,1,0.512,16,0.1185071
0.750000,-40.000000,0.99,1,1,0,0,0,1,1.024,16,0.1699816
0.750000,-40.000000,0.99,1,1,0,0,0,1,0.016,32,  0.0832497
0.750000,-40.000000,0.99,1,1,0,0,0,1,0.032,32,0.0867906
0.750000,-40.000000,0.99,1,1,0,0,0,1,0.064,32,0.0903387
0.750000,-40.000000,0.99,1,1,0,0,0,1,0.128,32,0.0969728
0.750000,-40.000000,0.99,1,1,0,0,0,1,0.256,32,0.1089103
0.750000,-40.000000,0.99,1,1,0,0,0,1,0.512,32,0.1309952
0.750000,-40.000000,0.99,1,1,0,0,0,1,1.024,32,0.1786144
