nom_voltage,nom_temperature,nom_process,related_pin D,related_pin ISO,timing_type combinational,timing_sense positive_unate,timing_sense negative_unate,cell_rise,rise_transition,cell_fall,fall_transition,output_load,input_slope,value
0.850000,125.000000,1.01,1,0,1,1,0,1,0,0,0,0.016,0.1,0.0224081
0.850000,125.000000,1.01,1,0,1,1,0,1,0,0,0,0.032,0.1,0.0231294
0.850000,125.000000,1.01,1,0,1,1,0,1,0,0,0,0.064,0.1,0.0242834
0.850000,125.000000,1.01,1,0,1,1,0,1,0,0,0,0.128,0.1,0.0264458
0.850000,125.000000,1.01,1,0,1,1,0,1,0,0,0,0.256,0.1,0.0304200
0.850000,125.000000,1.01,1,0,1,1,0,1,0,0,0,0.512,0.1,0.0376434
0.850000,125.000000,1.01,1,0,1,1,0,1,0,0,0,1.024,0.1,0.0509546
0.850000,125.000000,1.01,1,0,1,1,0,1,0,0,0,0.016,0.25, 0.0235762
0.850000,125.000000,1.01,1,0,1,1,0,1,0,0,0,0.032,0.25,0.0243241
0.850000,125.000000,1.01,1,0,1,1,0,1,0,0,0,0.064,0.25,0.0255133
0.850000,125.000000,1.01,1,0,1,1,0,1,0,0,0,0.128,0.25,0.0277201
0.850000,125.000000,1.01,1,0,1,1,0,1,0,0,0,0.256,0.25,0.0317640
0.850000,125.000000,1.01,1,0,1,1,0,1,0,0,0,0.512,0.25,0.0390213
0.850000,125.000000,1.01,1,0,1,1,0,1,0,0,0,1.024,0.25,0.0523462
0.850000,125.000000,1.01,1,0,1,1,0,1,0,0,0,0.016,0.5, 0.0233720
0.850000,125.000000,1.01,1,0,1,1,0,1,0,0,0,0.032,0.5,0.0241765
0.850000,125.000000,1.01,1,0,1,1,0,1,0,0,0,0.064,0.5,0.0254366
0.850000,125.000000,1.01,1,0,1,1,0,1,0,0,0,0.128,0.5,0.0277644
0.850000,125.000000,1.01,1,0,1,1,0,1,0,0,0,0.256,0.5,0.0319930
0.850000,125.000000,1.01,1,0,1,1,0,1,0,0,0,0.512,0.5,0.0395146
0.850000,125.000000,1.01,1,0,1,1,0,1,0,0,0,1.024,0.5,0.0531553
0.850000,125.000000,1.01,1,0,1,1,0,1,0,0,0,0.016,1, 0.0193455
0.850000,125.000000,1.01,1,0,1,1,0,1,0,0,0,0.032,1,0.0202561
0.850000,125.000000,1.01,1,0,1,1,0,1,0,0,0,0.064,1,0.0217185
0.850000,125.000000,1.01,1,0,1,1,0,1,0,0,0,0.128,1,0.0244314
0.850000,125.000000,1.01,1,0,1,1,0,1,0,0,0,0.256,1,0.0292925
0.850000,125.000000,1.01,1,0,1,1,0,1,0,0,0,0.512,1,0.0378495
0.850000,125.000000,1.01,1,0,1,1,0,1,0,0,0,1.024,1,0.0524070
0.850000,125.000000,1.01,1,0,1,1,0,1,0,0,0,0.016,2, 0.0072790
0.850000,125.000000,1.01,1,0,1,1,0,1,0,0,0,0.032,2,0.0082962
0.850000,125.000000,1.01,1,0,1,1,0,1,0,0,0,0.064,2,0.0099411
0.850000,125.000000,1.01,1,0,1,1,0,1,0,0,0,0.128,2,0.0130705
0.850000,125.000000,1.01,1,0,1,1,0,1,0,0,0,0.256,2,0.0188335
0.850000,125.000000,1.01,1,0,1,1,0,1,0,0,0,0.512,2,0.0288663
0.850000,125.000000,1.01,1,0,1,1,0,1,0,0,0,1.024,2,0.0461802
0.850000,125.000000,1.01,1,0,1,1,0,1,0,0,0,0.016,4, -0.0219032
0.850000,125.000000,1.01,1,0,1,1,0,1,0,0,0,0.032,4,-0.0207341
0.850000,125.000000,1.01,1,0,1,1,0,1,0,0,0,0.064,4,-0.0188260
0.850000,125.000000,1.01,1,0,1,1,0,1,0,0,0,0.128,4,-0.0151524
0.850000,125.000000,1.01,1,0,1,1,0,1,0,0,0,0.256,4,-0.0082752
0.850000,125.000000,1.01,1,0,1,1,0,1,0,0,0,0.512,4,0.0046357
0.850000,125.000000,1.01,1,0,1,1,0,1,0,0,0,1.024,4,0.0253476
0.850000,125.000000,1.01,1,0,1,1,0,1,0,0,0,0.016,8, -0.0830861
0.850000,125.000000,1.01,1,0,1,1,0,1,0,0,0,0.032,8,-0.0818440
0.850000,125.000000,1.01,1,0,1,1,0,1,0,0,0,0.064,8,-0.0797883
0.850000,125.000000,1.01,1,0,1,1,0,1,0,0,0,0.128,8,-0.0757006
0.850000,125.000000,1.01,1,0,1,1,0,1,0,0,0,0.256,8,-0.0678559
0.850000,125.000000,1.01,1,0,1,1,0,1,0,0,0,0.512,8,-0.0527522
0.850000,125.000000,1.01,1,0,1,1,0,1,0,0,0,1.024,8,-0.0268851
0.850000,125.000000,1.01,1,0,1,1,0,0,1,0,0,0.016,0.1,0.0132991
0.850000,125.000000,1.01,1,0,1,1,0,0,1,0,0,0.032,0.1,0.0139188
0.850000,125.000000,1.01,1,0,1,1,0,0,1,0,0,0.064,0.1,0.0149300
0.850000,125.000000,1.01,1,0,1,1,0,0,1,0,0,0.128,0.1,0.0170135
0.850000,125.000000,1.01,1,0,1,1,0,0,1,0,0,0.256,0.1,0.0214203
0.850000,125.000000,1.01,1,0,1,1,0,0,1,0,0,0.512,0.1,0.0304730
0.850000,125.000000,1.01,1,0,1,1,0,0,1,0,0,1.024,0.1,0.0497755
0.850000,125.000000,1.01,1,0,1,1,0,0,1,0,0,0.016,0.25, 0.0159958
0.850000,125.000000,1.01,1,0,1,1,0,0,1,0,0,0.032,0.25,0.0165245
0.850000,125.000000,1.01,1,0,1,1,0,0,1,0,0,0.064,0.25,0.0174842
0.850000,125.000000,1.01,1,0,1,1,0,0,1,0,0,0.128,0.25,0.0194066
0.850000,125.000000,1.01,1,0,1,1,0,0,1,0,0,0.256,0.25,0.0233988
0.850000,125.000000,1.01,1,0,1,1,0,0,1,0,0,0.512,0.25,0.0319201
0.850000,125.000000,1.01,1,0,1,1,0,0,1,0,0,1.024,0.25,0.0505129
0.850000,125.000000,1.01,1,0,1,1,0,0,1,0,0,0.016,0.5, 0.0214063
0.850000,125.000000,1.01,1,0,1,1,0,0,1,0,0,0.032,0.5,0.0218835
0.850000,125.000000,1.01,1,0,1,1,0,0,1,0,0,0.064,0.5,0.0226909
0.850000,125.000000,1.01,1,0,1,1,0,0,1,0,0,0.128,0.5,0.0243289
0.850000,125.000000,1.01,1,0,1,1,0,0,1,0,0,0.256,0.5,0.0280087
0.850000,125.000000,1.01,1,0,1,1,0,0,1,0,0,0.512,0.5,0.0360060
0.850000,125.000000,1.01,1,0,1,1,0,0,1,0,0,1.024,0.5,0.0537294
0.850000,125.000000,1.01,1,0,1,1,0,0,1,0,0,0.016,1, 0.0315626
0.850000,125.000000,1.01,1,0,1,1,0,0,1,0,0,0.032,1,0.0320878
0.850000,125.000000,1.01,1,0,1,1,0,0,1,0,0,0.064,1,0.0329703
0.850000,125.000000,1.01,1,0,1,1,0,0,1,0,0,0.128,1,0.0347283
0.850000,125.000000,1.01,1,0,1,1,0,0,1,0,0,0.256,1,0.0380142
0.850000,125.000000,1.01,1,0,1,1,0,0,1,0,0,0.512,1,0.0456343
0.850000,125.000000,1.01,1,0,1,1,0,0,1,0,0,1.024,1,0.0621662
0.850000,125.000000,1.01,1,0,1,1,0,0,1,0,0,0.016,2, 0.0522984
0.850000,125.000000,1.01,1,0,1,1,0,0,1,0,0,0.032,2,0.0527495
0.850000,125.000000,1.01,1,0,1,1,0,0,1,0,0,0.064,2,0.0535161
0.850000,125.000000,1.01,1,0,1,1,0,0,1,0,0,0.128,2,0.0550690
0.850000,125.000000,1.01,1,0,1,1,0,0,1,0,0,0.256,2,0.0586582
0.850000,125.000000,1.01,1,0,1,1,0,0,1,0,0,0.512,2,0.0657808
0.850000,125.000000,1.01,1,0,1,1,0,0,1,0,0,1.024,2,0.0816519
0.850000,125.000000,1.01,1,0,1,1,0,0,1,0,0,0.016,4, 0.0925107
0.850000,125.000000,1.01,1,0,1,1,0,0,1,0,0,0.032,4,0.0928739
0.850000,125.000000,1.01,1,0,1,1,0,0,1,0,0,0.064,4,0.0936661
0.850000,125.000000,1.01,1,0,1,1,0,0,1,0,0,0.128,4,0.0953958
0.850000,125.000000,1.01,1,0,1,1,0,0,1,0,0,0.256,4,0.0990334
0.850000,125.000000,1.01,1,0,1,1,0,0,1,0,0,0.512,4,0.1073818
0.850000,125.000000,1.01,1,0,1,1,0,0,1,0,0,1.024,4,0.1232705
0.850000,125.000000,1.01,1,0,1,1,0,0,1,0,0,0.016,8, 0.1746468
0.850000,125.000000,1.01,1,0,1,1,0,0,1,0,0,0.032,8,0.1752131
0.850000,125.000000,1.01,1,0,1,1,0,0,1,0,0,0.064,8,0.1752131
0.850000,125.000000,1.01,1,0,1,1,0,0,1,0,0,0.128,8,0.1767303
0.850000,125.000000,1.01,1,0,1,1,0,0,1,0,0,0.256,8,0.1804857
0.850000,125.000000,1.01,1,0,1,1,0,0,1,0,0,0.512,8,0.1881885
0.850000,125.000000,1.01,1,0,1,1,0,0,1,0,0,1.024,8,0.2046842
0.850000,125.000000,1.01,1,0,1,1,0,0,0,1,0,0.016,0.1,0.0239537
0.850000,125.000000,1.01,1,0,1,1,0,0,0,1,0,0.032,0.1,0.0247689
0.850000,125.000000,1.01,1,0,1,1,0,0,0,1,0,0.064,0.1,0.0260698
0.850000,125.000000,1.01,1,0,1,1,0,0,0,1,0,0.128,0.1,0.0285039
0.850000,125.000000,1.01,1,0,1,1,0,0,0,1,0,0.256,0.1,0.0329392
0.850000,125.000000,1.01,1,0,1,1,0,0,0,1,0,0.512,0.1,0.0410383
0.850000,125.000000,1.01,1,0,1,1,0,0,0,1,0,1.024,0.1,0.0566476
0.850000,125.000000,1.01,1,0,1,1,0,0,0,1,0,0.016,0.25, 0.0294869
0.850000,125.000000,1.01,1,0,1,1,0,0,0,1,0,0.032,0.25,0.0303557
0.850000,125.000000,1.01,1,0,1,1,0,0,0,1,0,0.064,0.25,0.0317368
0.850000,125.000000,1.01,1,0,1,1,0,0,0,1,0,0.128,0.25,0.0342203
0.850000,125.000000,1.01,1,0,1,1,0,0,0,1,0,0.256,0.25,0.0386705
0.850000,125.000000,1.01,1,0,1,1,0,0,0,1,0,0.512,0.25,0.0466822
0.850000,125.000000,1.01,1,0,1,1,0,0,0,1,0,1.024,0.25,0.0621262
0.850000,125.000000,1.01,1,0,1,1,0,0,0,1,0,0.016,0.5, 0.0377010
0.850000,125.000000,1.01,1,0,1,1,0,0,0,1,0,0.032,0.5,0.0386375
0.850000,125.000000,1.01,1,0,1,1,0,0,0,1,0,0.064,0.5,0.0401279
0.850000,125.000000,1.01,1,0,1,1,0,0,0,1,0,0.128,0.5,0.0429532
0.850000,125.000000,1.01,1,0,1,1,0,0,0,1,0,0.256,0.5,0.0480592
0.850000,125.000000,1.01,1,0,1,1,0,0,0,1,0,0.512,0.5,0.0569119
0.850000,125.000000,1.01,1,0,1,1,0,0,0,1,0,1.024,0.5,0.0724649
0.850000,125.000000,1.01,1,0,1,1,0,0,0,1,0,0.016,1, 0.0504785
0.850000,125.000000,1.01,1,0,1,1,0,0,0,1,0,0.032,1,0.0515213
0.850000,125.000000,1.01,1,0,1,1,0,0,0,1,0,0.064,1,0.0532054
0.850000,125.000000,1.01,1,0,1,1,0,0,0,1,0,0.128,1,0.0566099
0.850000,125.000000,1.01,1,0,1,1,0,0,0,1,0,0.256,1,0.0623700
0.850000,125.000000,1.01,1,0,1,1,0,0,0,1,0,0.512,1,0.0726027
0.850000,125.000000,1.01,1,0,1,1,0,0,0,1,0,1.024,1,0.0900824
0.850000,125.000000,1.01,1,0,1,1,0,0,0,1,0,0.016,2, 0.0716787
0.850000,125.000000,1.01,1,0,1,1,0,0,0,1,0,0.032,2,0.0728527
0.850000,125.000000,1.01,1,0,1,1,0,0,0,1,0,0.064,2,0.0748499
0.850000,125.000000,1.01,1,0,1,1,0,0,0,1,0,0.128,2,0.0784649
0.850000,125.000000,1.01,1,0,1,1,0,0,0,1,0,0.256,2,0.0852424
0.850000,125.000000,1.01,1,0,1,1,0,0,0,1,0,0.512,2,0.0975901
0.850000,125.000000,1.01,1,0,1,1,0,0,0,1,0,1.024,2,0.1183007
0.850000,125.000000,1.01,1,0,1,1,0,0,0,1,0,0.016,4, 0.1082529
0.850000,125.000000,1.01,1,0,1,1,0,0,0,1,0,0.032,4,0.1098395
0.850000,125.000000,1.01,1,0,1,1,0,0,0,1,0,0.064,4,0.1118649
0.850000,125.000000,1.01,1,0,1,1,0,0,0,1,0,0.128,4,0.1158688
0.850000,125.000000,1.01,1,0,1,1,0,0,0,1,0,0.256,4,0.1237809
0.850000,125.000000,1.01,1,0,1,1,0,0,0,1,0,0.512,4,0.1385021
0.850000,125.000000,1.01,1,0,1,1,0,0,0,1,0,1.024,4,0.1636829
0.850000,125.000000,1.01,1,0,1,1,0,0,0,1,0,0.016,8, 0.1773328
0.850000,125.000000,1.01,1,0,1,1,0,0,0,1,0,0.032,8,0.1786273
0.850000,125.000000,1.01,1,0,1,1,0,0,0,1,0,0.064,8,0.1807849
0.850000,125.000000,1.01,1,0,1,1,0,0,0,1,0,0.128,8,0.1850988
0.850000,125.000000,1.01,1,0,1,1,0,0,0,1,0,0.256,8,0.1937118
0.850000,125.000000,1.01,1,0,1,1,0,0,0,1,0,0.512,8,0.2102763
0.850000,125.000000,1.01,1,0,1,1,0,0,0,1,0,1.024,8,0.2413042
0.850000,125.000000,1.01,1,0,1,1,0,0,0,0,1,0.016,0.1,0.0118363
0.850000,125.000000,1.01,1,0,1,1,0,0,0,0,1,0.032,0.1,0.0125443
0.850000,125.000000,1.01,1,0,1,1,0,0,0,0,1,0.064,0.1,0.0138050
0.850000,125.000000,1.01,1,0,1,1,0,0,0,0,1,0.128,0.1,0.0163543
0.850000,125.000000,1.01,1,0,1,1,0,0,0,0,1,0.256,0.1,0.0215501
0.850000,125.000000,1.01,1,0,1,1,0,0,0,0,1,0.512,0.1,0.0328094
0.850000,125.000000,1.01,1,0,1,1,0,0,0,0,1,1.024,0.1,0.0569874
0.850000,125.000000,1.01,1,0,1,1,0,0,0,0,1,0.016,0.25, 0.0151040
0.850000,125.000000,1.01,1,0,1,1,0,0,0,0,1,0.032,0.25,0.0156746
0.850000,125.000000,1.01,1,0,1,1,0,0,0,0,1,0.064,0.25,0.0167255
0.850000,125.000000,1.01,1,0,1,1,0,0,0,0,1,0.128,0.25,0.0188976
0.850000,125.000000,1.01,1,0,1,1,0,0,0,0,1,0.256,0.25,0.0235299
0.850000,125.000000,1.01,1,0,1,1,0,0,0,0,1,0.512,0.25,0.0339837
0.850000,125.000000,1.01,1,0,1,1,0,0,0,0,1,1.024,0.25,0.0575956
0.850000,125.000000,1.01,1,0,1,1,0,0,0,0,1,0.016,0.5, 0.0220586
0.850000,125.000000,1.01,1,0,1,1,0,0,0,0,1,0.032,0.5,0.0226949
0.850000,125.000000,1.01,1,0,1,1,0,0,0,0,1,0.064,0.5,0.0237767
0.850000,125.000000,1.01,1,0,1,1,0,0,0,0,1,0.128,0.5,0.0257730
0.850000,125.000000,1.01,1,0,1,1,0,0,0,0,1,0.256,0.5,0.0301544
0.850000,125.000000,1.01,1,0,1,1,0,0,0,0,1,0.512,0.5,0.0392453
0.850000,125.000000,1.01,1,0,1,1,0,0,0,0,1,1.024,0.5,0.0604587
0.850000,125.000000,1.01,1,0,1,1,0,0,0,0,1,0.016,1, 0.0351705
0.850000,125.000000,1.01,1,0,1,1,0,0,0,0,1,0.032,1,0.0357428
0.850000,125.000000,1.01,1,0,1,1,0,0,0,0,1,0.064,1,0.0366057
0.850000,125.000000,1.01,1,0,1,1,0,0,0,0,1,0.128,1,0.0384343
0.850000,125.000000,1.01,1,0,1,1,0,0,0,0,1,0.256,1,0.0425082
0.850000,125.000000,1.01,1,0,1,1,0,0,0,0,1,0.512,1,0.0512497
0.850000,125.000000,1.01,1,0,1,1,0,0,0,0,1,1.024,1,0.0704967
0.850000,125.000000,1.01,1,0,1,1,0,0,0,0,1,0.016,2, 0.0592224
0.850000,125.000000,1.01,1,0,1,1,0,0,0,0,1,0.032,2,0.0596193
0.850000,125.000000,1.01,1,0,1,1,0,0,0,0,1,0.064,2,0.0605933
0.850000,125.000000,1.01,1,0,1,1,0,0,0,0,1,0.128,2,0.0623617
0.850000,125.000000,1.01,1,0,1,1,0,0,0,0,1,0.256,2,0.0666743
0.850000,125.000000,1.01,1,0,1,1,0,0,0,0,1,0.512,2,0.0759714
0.850000,125.000000,1.01,1,0,1,1,0,0,0,0,1,1.024,2,0.0937956
0.850000,125.000000,1.01,1,0,1,1,0,0,0,0,1,0.016,4, 0.1068922
0.850000,125.000000,1.01,1,0,1,1,0,0,0,0,1,0.032,4,0.1068922
0.850000,125.000000,1.01,1,0,1,1,0,0,0,0,1,0.064,4,0.1072995
0.850000,125.000000,1.01,1,0,1,1,0,0,0,0,1,0.128,4,0.1089326
0.850000,125.000000,1.01,1,0,1,1,0,0,0,0,1,0.256,4,0.1130535
0.850000,125.000000,1.01,1,0,1,1,0,0,0,0,1,0.512,4,0.1231856
0.850000,125.000000,1.01,1,0,1,1,0,0,0,0,1,1.024,4,0.1410621
0.850000,125.000000,1.01,1,0,1,1,0,0,0,0,1,0.016,8, 0.2009887
0.850000,125.000000,1.01,1,0,1,1,0,0,0,0,1,0.032,8,0.2012131
0.850000,125.000000,1.01,1,0,1,1,0,0,0,0,1,0.064,8,0.2017385
0.850000,125.000000,1.01,1,0,1,1,0,0,0,0,1,0.128,8,0.2029826
0.850000,125.000000,1.01,1,0,1,1,0,0,0,0,1,0.256,8,0.2058964
0.850000,125.000000,1.01,1,0,1,1,0,0,0,0,1,0.512,8,0.2151706
0.850000,125.000000,1.01,1,0,1,1,0,0,0,0,1,1.024,8,0.2333504
0.850000,125.000000,1.01,0,1,1,0,1,1,0,0,0,0.016,0.1,0.0350525
0.850000,125.000000,1.01,0,1,1,0,1,1,0,0,0,0.032,0.1,0.0357903
0.850000,125.000000,1.01,0,1,1,0,1,1,0,0,0,0.064,0.1,0.0369615
0.850000,125.000000,1.01,0,1,1,0,1,1,0,0,0,0.128,0.1,0.0391701
0.850000,125.000000,1.01,0,1,1,0,1,1,0,0,0,0.256,0.1,0.0431902
0.850000,125.000000,1.01,0,1,1,0,1,1,0,0,0,0.512,0.1,0.0504227
0.850000,125.000000,1.01,0,1,1,0,1,1,0,0,0,1.024,0.1,0.0638474
0.850000,125.000000,1.01,0,1,1,0,1,1,0,0,0,0.016,0.25, 0.0390725
0.850000,125.000000,1.01,0,1,1,0,1,1,0,0,0,0.032,0.25,0.0398038
0.850000,125.000000,1.01,0,1,1,0,1,1,0,0,0,0.064,0.25,0.0409782
0.850000,125.000000,1.01,0,1,1,0,1,1,0,0,0,0.128,0.25,0.0431505
0.850000,125.000000,1.01,0,1,1,0,1,1,0,0,0,0.256,0.25,0.0471276
0.850000,125.000000,1.01,0,1,1,0,1,1,0,0,0,0.512,0.25,0.0543765
0.850000,125.000000,1.01,0,1,1,0,1,1,0,0,0,1.024,0.25,0.0676983
0.850000,125.000000,1.01,0,1,1,0,1,1,0,0,0,0.016,0.5, 0.0448230
0.850000,125.000000,1.01,0,1,1,0,1,1,0,0,0,0.032,0.5,0.0455789
0.850000,125.000000,1.01,0,1,1,0,1,1,0,0,0,0.064,0.5,0.0467755
0.850000,125.000000,1.01,0,1,1,0,1,1,0,0,0,0.128,0.5,0.0489994
0.850000,125.000000,1.01,0,1,1,0,1,1,0,0,0,0.256,0.5,0.0530364
0.850000,125.000000,1.01,0,1,1,0,1,1,0,0,0,0.512,0.5,0.0602912
0.850000,125.000000,1.01,0,1,1,0,1,1,0,0,0,1.024,0.5,0.0736153
0.850000,125.000000,1.01,0,1,1,0,1,1,0,0,0,0.016,1, 0.0532568
0.850000,125.000000,1.01,0,1,1,0,1,1,0,0,0,0.032,1,0.0540442
0.850000,125.000000,1.01,0,1,1,0,1,1,0,0,0,0.064,1,0.0552792
0.850000,125.000000,1.01,0,1,1,0,1,1,0,0,0,0.128,1,0.0575883
0.850000,125.000000,1.01,0,1,1,0,1,1,0,0,0,0.256,1,0.0617810
0.850000,125.000000,1.01,0,1,1,0,1,1,0,0,0,0.512,1,0.0692493
0.850000,125.000000,1.01,0,1,1,0,1,1,0,0,0,1.024,1,0.0828056
0.850000,125.000000,1.01,0,1,1,0,1,1,0,0,0,0.016,2, 0.0649100
0.850000,125.000000,1.01,0,1,1,0,1,1,0,0,0,0.032,2,0.0657957
0.850000,125.000000,1.01,0,1,1,0,1,1,0,0,0,0.064,2,0.0672060
0.850000,125.000000,1.01,0,1,1,0,1,1,0,0,0,0.128,2,0.0698243
0.850000,125.000000,1.01,0,1,1,0,1,1,0,0,0,0.256,2,0.0746419
0.850000,125.000000,1.01,0,1,1,0,1,1,0,0,0,0.512,2,0.0827314
0.850000,125.000000,1.01,0,1,1,0,1,1,0,0,0,1.024,2,0.0971206
0.850000,125.000000,1.01,0,1,1,0,1,1,0,0,0,0.016,4, 0.0814427
0.850000,125.000000,1.01,0,1,1,0,1,1,0,0,0,0.032,4,0.0824512
0.850000,125.000000,1.01,0,1,1,0,1,1,0,0,0,0.064,4,0.0840774
0.850000,125.000000,1.01,0,1,1,0,1,1,0,0,0,0.128,4,0.0871262
0.850000,125.000000,1.01,0,1,1,0,1,1,0,0,0,0.256,4,0.0926358
0.850000,125.000000,1.01,0,1,1,0,1,1,0,0,0,0.512,4,0.1022821
0.850000,125.000000,1.01,0,1,1,0,1,1,0,0,0,1.024,4,0.1185078
0.850000,125.000000,1.01,0,1,1,0,1,1,0,0,0,0.016,8, 0.1065403
0.850000,125.000000,1.01,0,1,1,0,1,1,0,0,0,0.032,8,0.1076861
0.850000,125.000000,1.01,0,1,1,0,1,1,0,0,0,0.064,8,0.1095428
0.850000,125.000000,1.01,0,1,1,0,1,1,0,0,0,0.128,8,0.1130780
0.850000,125.000000,1.01,0,1,1,0,1,1,0,0,0,0.256,8,0.1196118
0.850000,125.000000,1.01,0,1,1,0,1,1,0,0,0,0.512,8,0.1314742
0.850000,125.000000,1.01,0,1,1,0,1,1,0,0,0,1.024,8,0.1508931
0.850000,125.000000,1.01,0,1,1,0,1,0,1,0,0,0.016,0.1,0.0129159
0.850000,125.000000,1.01,0,1,1,0,1,0,1,0,0,0.032,0.1,0.0135266
0.850000,125.000000,1.01,0,1,1,0,1,0,1,0,0,0.064,0.1,0.0146195
0.850000,125.000000,1.01,0,1,1,0,1,0,1,0,0,0.128,0.1,0.0167314
0.850000,125.000000,1.01,0,1,1,0,1,0,1,0,0,0.256,0.1,0.0211672
0.850000,125.000000,1.01,0,1,1,0,1,0,1,0,0,0.512,0.1,0.0303395
0.850000,125.000000,1.01,0,1,1,0,1,0,1,0,0,1.024,0.1,0.0496103
0.850000,125.000000,1.01,0,1,1,0,1,0,1,0,0,0.016,0.25, 0.0134436
0.850000,125.000000,1.01,0,1,1,0,1,0,1,0,0,0.032,0.25,0.0140574
0.850000,125.000000,1.01,0,1,1,0,1,0,1,0,0,0.064,0.25,0.0151060
0.850000,125.000000,1.01,0,1,1,0,1,0,1,0,0,0.128,0.25,0.0171695
0.850000,125.000000,1.01,0,1,1,0,1,0,1,0,0,0.256,0.25,0.0216013
0.850000,125.000000,1.01,0,1,1,0,1,0,1,0,0,0.512,0.25,0.0305774
0.850000,125.000000,1.01,0,1,1,0,1,0,1,0,0,1.024,0.25,0.0497936
0.850000,125.000000,1.01,0,1,1,0,1,0,1,0,0,0.016,0.5, 0.0151765
0.850000,125.000000,1.01,0,1,1,0,1,0,1,0,0,0.032,0.5,0.0157508
0.850000,125.000000,1.01,0,1,1,0,1,0,1,0,0,0.064,0.5,0.0167627
0.850000,125.000000,1.01,0,1,1,0,1,0,1,0,0,0.128,0.5,0.0187561
0.850000,125.000000,1.01,0,1,1,0,1,0,1,0,0,0.256,0.5,0.0229544
0.850000,125.000000,1.01,0,1,1,0,1,0,1,0,0,0.512,0.5,0.0315541
0.850000,125.000000,1.01,0,1,1,0,1,0,1,0,0,1.024,0.5,0.0503274
0.850000,125.000000,1.01,0,1,1,0,1,0,1,0,0,0.016,1, 0.0194307
0.850000,125.000000,1.01,0,1,1,0,1,0,1,0,0,0.032,1,0.0199693
0.850000,125.000000,1.01,0,1,1,0,1,0,1,0,0,0.064,1,0.0208500
0.850000,125.000000,1.01,0,1,1,0,1,0,1,0,0,0.128,1,0.0225482
0.850000,125.000000,1.01,0,1,1,0,1,0,1,0,0,0.256,1,0.0264419
0.850000,125.000000,1.01,0,1,1,0,1,0,1,0,0,0.512,1,0.0345992
0.850000,125.000000,1.01,0,1,1,0,1,0,1,0,0,1.024,1,0.0524762
0.850000,125.000000,1.01,0,1,1,0,1,0,1,0,0,0.016,2, 0.0273847
0.850000,125.000000,1.01,0,1,1,0,1,0,1,0,0,0.032,2,0.0278857
0.850000,125.000000,1.01,0,1,1,0,1,0,1,0,0,0.064,2,0.0287265
0.850000,125.000000,1.01,0,1,1,0,1,0,1,0,0,0.128,2,0.0305153
0.850000,125.000000,1.01,0,1,1,0,1,0,1,0,0,0.256,2,0.0344707
0.850000,125.000000,1.01,0,1,1,0,1,0,1,0,0,0.512,2,0.0420451
0.850000,125.000000,1.01,0,1,1,0,1,0,1,0,0,1.024,2,0.0587587
0.850000,125.000000,1.01,0,1,1,0,1,0,1,0,0,0.016,4, 0.0429036
0.850000,125.000000,1.01,0,1,1,0,1,0,1,0,0,0.032,4,0.0434513
0.850000,125.000000,1.01,0,1,1,0,1,0,1,0,0,0.064,4,0.0443909
0.850000,125.000000,1.01,0,1,1,0,1,0,1,0,0,0.128,4,0.0463064
0.850000,125.000000,1.01,0,1,1,0,1,0,1,0,0,0.256,4,0.0499012
0.850000,125.000000,1.01,0,1,1,0,1,0,1,0,0,0.512,4,0.0579888
0.850000,125.000000,1.01,0,1,1,0,1,0,1,0,0,1.024,4,0.0739062
0.850000,125.000000,1.01,0,1,1,0,1,0,1,0,0,0.016,8, 0.0727706
0.850000,125.000000,1.01,0,1,1,0,1,0,1,0,0,0.032,8,0.0732437
0.850000,125.000000,1.01,0,1,1,0,1,0,1,0,0,0.064,8,0.0741656
0.850000,125.000000,1.01,0,1,1,0,1,0,1,0,0,0.128,8,0.0759931
0.850000,125.000000,1.01,0,1,1,0,1,0,1,0,0,0.256,8,0.0801162
0.850000,125.000000,1.01,0,1,1,0,1,0,1,0,0,0.512,8,0.0889101
0.850000,125.000000,1.01,0,1,1,0,1,0,1,0,0,1.024,8,0.1051024
0.850000,125.000000,1.01,0,1,1,0,1,0,0,1,0,0.016,0.1,0.0363379
0.850000,125.000000,1.01,0,1,1,0,1,0,0,1,0,0.032,0.1,0.0372221
0.850000,125.000000,1.01,0,1,1,0,1,0,0,1,0,0.064,0.1,0.0386199
0.850000,125.000000,1.01,0,1,1,0,1,0,0,1,0,0.128,0.1,0.0412276
0.850000,125.000000,1.01,0,1,1,0,1,0,0,1,0,0.256,0.1,0.0458831
0.850000,125.000000,1.01,0,1,1,0,1,0,0,1,0,0.512,0.1,0.0541675
0.850000,125.000000,1.01,0,1,1,0,1,0,0,1,0,1.024,0.1,0.0697265
0.850000,125.000000,1.01,0,1,1,0,1,0,0,1,0,0.016,0.25, 0.0382808
0.850000,125.000000,1.01,0,1,1,0,1,0,0,1,0,0.032,0.25,0.0391722
0.850000,125.000000,1.01,0,1,1,0,1,0,0,1,0,0.064,0.25,0.0405654
0.850000,125.000000,1.01,0,1,1,0,1,0,0,1,0,0.128,0.25,0.0431672
0.850000,125.000000,1.01,0,1,1,0,1,0,0,1,0,0.256,0.25,0.0478104
0.850000,125.000000,1.01,0,1,1,0,1,0,0,1,0,0.512,0.25,0.0561070
0.850000,125.000000,1.01,0,1,1,0,1,0,0,1,0,1.024,0.25,0.0715950
0.850000,125.000000,1.01,0,1,1,0,1,0,0,1,0,0.016,0.5, 0.0405219
0.850000,125.000000,1.01,0,1,1,0,1,0,0,1,0,0.032,0.5,0.0414257
0.850000,125.000000,1.01,0,1,1,0,1,0,0,1,0,0.064,0.5,0.0428399
0.850000,125.000000,1.01,0,1,1,0,1,0,0,1,0,0.128,0.5,0.0455060
0.850000,125.000000,1.01,0,1,1,0,1,0,0,1,0,0.256,0.5,0.0502782
0.850000,125.000000,1.01,0,1,1,0,1,0,0,1,0,0.512,0.5,0.0586523
0.850000,125.000000,1.01,0,1,1,0,1,0,0,1,0,1.024,0.5,0.0740682
0.850000,125.000000,1.01,0,1,1,0,1,0,0,1,0,0.016,1, 0.0423178
0.850000,125.000000,1.01,0,1,1,0,1,0,0,1,0,0.032,1,0.0433764
0.850000,125.000000,1.01,0,1,1,0,1,0,0,1,0,0.064,1,0.0448491
0.850000,125.000000,1.01,0,1,1,0,1,0,0,1,0,0.128,1,0.0476125
0.850000,125.000000,1.01,0,1,1,0,1,0,0,1,0,0.256,1,0.0526460
0.850000,125.000000,1.01,0,1,1,0,1,0,0,1,0,0.512,1,0.0612768
0.850000,125.000000,1.01,0,1,1,0,1,0,0,1,0,1.024,1,0.0767779
0.850000,125.000000,1.01,0,1,1,0,1,0,0,1,0,0.016,2, 0.0420256
0.850000,125.000000,1.01,0,1,1,0,1,0,0,1,0,0.032,2,0.0430413
0.850000,125.000000,1.01,0,1,1,0,1,0,0,1,0,0.064,2,0.0448265
0.850000,125.000000,1.01,0,1,1,0,1,0,0,1,0,0.128,2,0.0479206
0.850000,125.000000,1.01,0,1,1,0,1,0,0,1,0,0.256,2,0.0534938
0.850000,125.000000,1.01,0,1,1,0,1,0,0,1,0,0.512,2,0.0629939
0.850000,125.000000,1.01,0,1,1,0,1,0,0,1,0,1.024,2,0.0792299
0.850000,125.000000,1.01,0,1,1,0,1,0,0,1,0,0.016,4, 0.0372134
0.850000,125.000000,1.01,0,1,1,0,1,0,0,1,0,0.032,4,0.0383085
0.850000,125.000000,1.01,0,1,1,0,1,0,0,1,0,0.064,4,0.0402729
0.850000,125.000000,1.01,0,1,1,0,1,0,0,1,0,0.128,4,0.0437148
0.850000,125.000000,1.01,0,1,1,0,1,0,0,1,0,0.256,4,0.0501187
0.850000,125.000000,1.01,0,1,1,0,1,0,0,1,0,0.512,4,0.0609745
0.850000,125.000000,1.01,0,1,1,0,1,0,0,1,0,1.024,4,0.0794706
0.850000,125.000000,1.01,0,1,1,0,1,0,0,1,0,0.016,8, 0.0219676
0.850000,125.000000,1.01,0,1,1,0,1,0,0,1,0,0.032,8,0.0231689
0.850000,125.000000,1.01,0,1,1,0,1,0,0,1,0,0.064,8,0.0251505
0.850000,125.000000,1.01,0,1,1,0,1,0,0,1,0,0.128,8,0.0290227
0.850000,125.000000,1.01,0,1,1,0,1,0,0,1,0,0.256,8,0.0364928
0.850000,125.000000,1.01,0,1,1,0,1,0,0,1,0,0.512,8,0.0493157
0.850000,125.000000,1.01,0,1,1,0,1,0,0,1,0,1.024,8,0.0712898
0.850000,125.000000,1.01,0,1,1,0,1,0,0,0,1,0.016,0.1,0.0139631
0.850000,125.000000,1.01,0,1,1,0,1,0,0,0,1,0.032,0.1,0.0146294
0.850000,125.000000,1.01,0,1,1,0,1,0,0,0,1,0.064,0.1,0.0158648
0.850000,125.000000,1.01,0,1,1,0,1,0,0,0,1,0.128,0.1,0.0182458
0.850000,125.000000,1.01,0,1,1,0,1,0,0,0,1,0.256,0.1,0.0232423
0.850000,125.000000,1.01,0,1,1,0,1,0,0,0,1,0.512,0.1,0.0338939
0.850000,125.000000,1.01,0,1,1,0,1,0,0,0,1,1.024,0.1,0.0572624
0.850000,125.000000,1.01,0,1,1,0,1,0,0,0,1,0.016,0.25, 0.0145382
0.850000,125.000000,1.01,0,1,1,0,1,0,0,0,1,0.032,0.25,0.0152573
0.850000,125.000000,1.01,0,1,1,0,1,0,0,0,1,0.064,0.25,0.0164522
0.850000,125.000000,1.01,0,1,1,0,1,0,0,0,1,0.128,0.25,0.0186998
0.850000,125.000000,1.01,0,1,1,0,1,0,0,0,1,0.256,0.25,0.0236319
0.850000,125.000000,1.01,0,1,1,0,1,0,0,0,1,0.512,0.25,0.0342229
0.850000,125.000000,1.01,0,1,1,0,1,0,0,0,1,1.024,0.25,0.0574211
0.850000,125.000000,1.01,0,1,1,0,1,0,0,0,1,0.016,0.5, 0.0162851
0.850000,125.000000,1.01,0,1,1,0,1,0,0,0,1,0.032,0.5,0.0169777
0.850000,125.000000,1.01,0,1,1,0,1,0,0,0,1,0.064,0.5,0.0181384
0.850000,125.000000,1.01,0,1,1,0,1,0,0,0,1,0.128,0.5,0.0203552
0.850000,125.000000,1.01,0,1,1,0,1,0,0,0,1,0.256,0.5,0.0250744
0.850000,125.000000,1.01,0,1,1,0,1,0,0,0,1,0.512,0.5,0.0355049
0.850000,125.000000,1.01,0,1,1,0,1,0,0,0,1,1.024,0.5,0.0580342
0.850000,125.000000,1.01,0,1,1,0,1,0,0,0,1,0.016,1, 0.0203466
0.850000,125.000000,1.01,0,1,1,0,1,0,0,0,1,0.032,1,0.0210320
0.850000,125.000000,1.01,0,1,1,0,1,0,0,0,1,0.064,1,0.0221005
0.850000,125.000000,1.01,0,1,1,0,1,0,0,0,1,0.128,1,0.0241986
0.850000,125.000000,1.01,0,1,1,0,1,0,0,0,1,0.256,1,0.0286825
0.850000,125.000000,1.01,0,1,1,0,1,0,0,0,1,0.512,1,0.0380727
0.850000,125.000000,1.01,0,1,1,0,1,0,0,0,1,1.024,1,0.0596982
0.850000,125.000000,1.01,0,1,1,0,1,0,0,0,1,0.016,2, 0.0283504
0.850000,125.000000,1.01,0,1,1,0,1,0,0,0,1,0.032,2,0.0289154
0.850000,125.000000,1.01,0,1,1,0,1,0,0,0,1,0.064,2,0.0299488
0.850000,125.000000,1.01,0,1,1,0,1,0,0,0,1,0.128,2,0.0324086
0.850000,125.000000,1.01,0,1,1,0,1,0,0,0,1,0.256,2,0.0365298
0.850000,125.000000,1.01,0,1,1,0,1,0,0,0,1,0.512,2,0.0453189
0.850000,125.000000,1.01,0,1,1,0,1,0,0,0,1,1.024,2,0.0648674
0.850000,125.000000,1.01,0,1,1,0,1,0,0,0,1,0.016,4, 0.0451060
0.850000,125.000000,1.01,0,1,1,0,1,0,0,0,1,0.032,4,0.0455928
0.850000,125.000000,1.01,0,1,1,0,1,0,0,0,1,0.064,4,0.0466274
0.850000,125.000000,1.01,0,1,1,0,1,0,0,0,1,0.128,4,0.0488195
0.850000,125.000000,1.01,0,1,1,0,1,0,0,0,1,0.256,4,0.0531802
0.850000,125.000000,1.01,0,1,1,0,1,0,0,0,1,0.512,4,0.0612187
0.850000,125.000000,1.01,0,1,1,0,1,0,0,0,1,1.024,4,0.0782108
0.850000,125.000000,1.01,0,1,1,0,1,0,0,0,1,0.016,8, 0.0766877
0.850000,125.000000,1.01,0,1,1,0,1,0,0,0,1,0.032,8,0.0770601
0.850000,125.000000,1.01,0,1,1,0,1,0,0,0,1,0.064,8,0.0777050
0.850000,125.000000,1.01,0,1,1,0,1,0,0,0,1,0.128,8,0.0791804
0.850000,125.000000,1.01,0,1,1,0,1,0,0,0,1,0.256,8,0.0843277
0.850000,125.000000,1.01,0,1,1,0,1,0,0,0,1,0.512,8,0.0915249
0.850000,125.000000,1.01,0,1,1,0,1,0,0,0,1,1.024,8,0.1080165
0.750000,-40.000000,0.99,1,0,1,1,0,1,0,0,0,0.016,0.1,0.1084855
0.750000,-40.000000,0.99,1,0,1,1,0,1,0,0,0,0.032,0.1,0.1118204
0.750000,-40.000000,0.99,1,0,1,1,0,1,0,0,0,0.064,0.1,0.1169349
0.750000,-40.000000,0.99,1,0,1,1,0,1,0,0,0,0.128,0.1,0.1260968
0.750000,-40.000000,0.99,1,0,1,1,0,1,0,0,0,0.256,0.1,0.1422780
0.750000,-40.000000,0.99,1,0,1,1,0,1,0,0,0,0.512,0.1,0.1712769
0.750000,-40.000000,0.99,1,0,1,1,0,1,0,0,0,1.024,0.1,0.2259604
0.750000,-40.000000,0.99,1,0,1,1,0,1,0,0,0,0.016,0.25, 0.1159863
0.750000,-40.000000,0.99,1,0,1,1,0,1,0,0,0,0.032,0.25,0.1193298
0.750000,-40.000000,0.99,1,0,1,1,0,1,0,0,0,0.064,0.25,0.1244140
0.750000,-40.000000,0.99,1,0,1,1,0,1,0,0,0,0.128,0.25,0.1335977
0.750000,-40.000000,0.99,1,0,1,1,0,1,0,0,0,0.256,0.25,0.1497655
0.750000,-40.000000,0.99,1,0,1,1,0,1,0,0,0,0.512,0.25,0.1787749
0.750000,-40.000000,0.99,1,0,1,1,0,1,0,0,0,1.024,0.25,0.2334022
0.750000,-40.000000,0.99,1,0,1,1,0,1,0,0,0,0.016,0.5, 0.1314124
0.750000,-40.000000,0.99,1,0,1,1,0,1,0,0,0,0.032,0.5,0.1347100
0.750000,-40.000000,0.99,1,0,1,1,0,1,0,0,0,0.064,0.5,0.1397602
0.750000,-40.000000,0.99,1,0,1,1,0,1,0,0,0,0.128,0.5,0.1489347
0.750000,-40.000000,0.99,1,0,1,1,0,1,0,0,0,0.256,0.5,0.1651441
0.750000,-40.000000,0.99,1,0,1,1,0,1,0,0,0,0.512,0.5,0.1943944
0.750000,-40.000000,0.99,1,0,1,1,0,1,0,0,0,1.024,0.5,0.2488432
0.750000,-40.000000,0.99,1,0,1,1,0,1,0,0,0,0.016,1, 0.1642484
0.750000,-40.000000,0.99,1,0,1,1,0,1,0,0,0,0.032,1,0.1674491
0.750000,-40.000000,0.99,1,0,1,1,0,1,0,0,0,0.064,1,0.1725436
0.750000,-40.000000,0.99,1,0,1,1,0,1,0,0,0,0.128,1,0.1816515
0.750000,-40.000000,0.99,1,0,1,1,0,1,0,0,0,0.256,1,0.1978664
0.750000,-40.000000,0.99,1,0,1,1,0,1,0,0,0,0.512,1,0.2268684
0.750000,-40.000000,0.99,1,0,1,1,0,1,0,0,0,1.024,1,0.2814269
0.750000,-40.000000,0.99,1,0,1,1,0,1,0,0,0,0.016,2, 0.2213935
0.750000,-40.000000,0.99,1,0,1,1,0,1,0,0,0,0.032,2,0.2250844
0.750000,-40.000000,0.99,1,0,1,1,0,1,0,0,0,0.064,2,0.2309959
0.750000,-40.000000,0.99,1,0,1,1,0,1,0,0,0,0.128,2,0.2406165
0.750000,-40.000000,0.99,1,0,1,1,0,1,0,0,0,0.256,2,0.2580413
0.750000,-40.000000,0.99,1,0,1,1,0,1,0,0,0,0.512,2,0.2874690
0.750000,-40.000000,0.99,1,0,1,1,0,1,0,0,0,1.024,2,0.3422551
0.750000,-40.000000,0.99,1,0,1,1,0,1,0,0,0,0.016,4, 0.3012332
0.750000,-40.000000,0.99,1,0,1,1,0,1,0,0,0,0.032,4,0.3061751
0.750000,-40.000000,0.99,1,0,1,1,0,1,0,0,0,0.064,4,0.3133158
0.750000,-40.000000,0.99,1,0,1,1,0,1,0,0,0,0.128,4,0.3252573
0.750000,-40.000000,0.99,1,0,1,1,0,1,0,0,0,0.256,4,0.3447553
0.750000,-40.000000,0.99,1,0,1,1,0,1,0,0,0,0.512,4,0.3767696
0.750000,-40.000000,0.99,1,0,1,1,0,1,0,0,0,1.024,4,0.4327942
0.750000,-40.000000,0.99,1,0,1,1,0,1,0,0,0,0.016,8, 0.4027994
0.750000,-40.000000,0.99,1,0,1,1,0,1,0,0,0,0.032,8,0.4099841
0.750000,-40.000000,0.99,1,0,1,1,0,1,0,0,0,0.064,8,0.4204327
0.750000,-40.000000,0.99,1,0,1,1,0,1,0,0,0,0.128,8,0.4376094
0.750000,-40.000000,0.99,1,0,1,1,0,1,0,0,0,0.256,8,0.4638793
0.750000,-40.000000,0.99,1,0,1,1,0,1,0,0,0,0.512,8,0.5030102
0.750000,-40.000000,0.99,1,0,1,1,0,1,0,0,0,1.024,8,0.5655284
0.750000,-40.000000,0.99,1,0,1,1,0,0,1,0,0,0.016,0.1,0.0510290
0.750000,-40.000000,0.99,1,0,1,1,0,0,1,0,0,0.032,0.1,0.0545388
0.750000,-40.000000,0.99,1,0,1,1,0,0,1,0,0,0.064,0.1,0.0605851
0.750000,-40.000000,0.99,1,0,1,1,0,0,1,0,0,0.128,0.1,0.0721879
0.750000,-40.000000,0.99,1,0,1,1,0,0,1,0,0,0.256,0.1,0.0960463
0.750000,-40.000000,0.99,1,0,1,1,0,0,1,0,0,0.512,0.1,0.1442577
0.750000,-40.000000,0.99,1,0,1,1,0,0,1,0,0,1.024,0.1,0.2462201
0.750000,-40.000000,0.99,1,0,1,1,0,0,1,0,0,0.016,0.25, 0.0509467
0.750000,-40.000000,0.99,1,0,1,1,0,0,1,0,0,0.032,0.25,0.0544432
0.750000,-40.000000,0.99,1,0,1,1,0,0,1,0,0,0.064,0.25,0.0605148
0.750000,-40.000000,0.99,1,0,1,1,0,0,1,0,0,0.128,0.25,0.0722404
0.750000,-40.000000,0.99,1,0,1,1,0,0,1,0,0,0.256,0.25,0.0960324
0.750000,-40.000000,0.99,1,0,1,1,0,0,1,0,0,0.512,0.25,0.1445339
0.750000,-40.000000,0.99,1,0,1,1,0,0,1,0,0,1.024,0.25,0.2465977
0.750000,-40.000000,0.99,1,0,1,1,0,0,1,0,0,0.016,0.5, 0.0510667
0.750000,-40.000000,0.99,1,0,1,1,0,0,1,0,0,0.032,0.5,0.0546020
0.750000,-40.000000,0.99,1,0,1,1,0,0,1,0,0,0.064,0.5,0.0605809
0.750000,-40.000000,0.99,1,0,1,1,0,0,1,0,0,0.128,0.5,0.0721399
0.750000,-40.000000,0.99,1,0,1,1,0,0,1,0,0,0.256,0.5,0.0959477
0.750000,-40.000000,0.99,1,0,1,1,0,0,1,0,0,0.512,0.5,0.1446919
0.750000,-40.000000,0.99,1,0,1,1,0,0,1,0,0,1.024,0.5,0.2463848
0.750000,-40.000000,0.99,1,0,1,1,0,0,1,0,0,0.016,1, 0.0518044
0.750000,-40.000000,0.99,1,0,1,1,0,0,1,0,0,0.032,1,0.0553438
0.750000,-40.000000,0.99,1,0,1,1,0,0,1,0,0,0.064,1,0.0613919
0.750000,-40.000000,0.99,1,0,1,1,0,0,1,0,0,0.128,1,0.0728912
0.750000,-40.000000,0.99,1,0,1,1,0,0,1,0,0,0.256,1,0.0963024
0.750000,-40.000000,0.99,1,0,1,1,0,0,1,0,0,0.512,1,0.1450563
0.750000,-40.000000,0.99,1,0,1,1,0,0,1,0,0,1.024,1,0.2468345
0.750000,-40.000000,0.99,1,0,1,1,0,0,1,0,0,0.016,2, 0.0654807
0.750000,-40.000000,0.99,1,0,1,1,0,0,1,0,0,0.032,2,0.0688236
0.750000,-40.000000,0.99,1,0,1,1,0,0,1,0,0,0.064,2,0.0735183
0.750000,-40.000000,0.99,1,0,1,1,0,0,1,0,0,0.128,2,0.0836201
0.750000,-40.000000,0.99,1,0,1,1,0,0,1,0,0,0.256,2,0.1049139
0.750000,-40.000000,0.99,1,0,1,1,0,0,1,0,0,0.512,2,0.1507852
0.750000,-40.000000,0.99,1,0,1,1,0,0,1,0,0,1.024,2,0.2495282
0.750000,-40.000000,0.99,1,0,1,1,0,0,1,0,0,0.016,4, 0.0959394
0.750000,-40.000000,0.99,1,0,1,1,0,0,1,0,0,0.032,4,0.0984407
0.750000,-40.000000,0.99,1,0,1,1,0,0,1,0,0,0.064,4,0.1026705
0.750000,-40.000000,0.99,1,0,1,1,0,0,1,0,0,0.128,4,0.1111060
0.750000,-40.000000,0.99,1,0,1,1,0,0,1,0,0,0.256,4,0.1296421
0.750000,-40.000000,0.99,1,0,1,1,0,0,1,0,0,0.512,4,0.1707083
0.750000,-40.000000,0.99,1,0,1,1,0,0,1,0,0,1.024,4,0.2637008
0.750000,-40.000000,0.99,1,0,1,1,0,0,1,0,0,0.016,8, 0.1570232
0.750000,-40.000000,0.99,1,0,1,1,0,0,1,0,0,0.032,8,0.1591245
0.750000,-40.000000,0.99,1,0,1,1,0,0,1,0,0,0.064,8,0.1628821
0.750000,-40.000000,0.99,1,0,1,1,0,0,1,0,0,0.128,8,0.1700532
0.750000,-40.000000,0.99,1,0,1,1,0,0,1,0,0,0.256,8,0.1861036
0.750000,-40.000000,0.99,1,0,1,1,0,0,1,0,0,0.512,8,0.2184802
0.750000,-40.000000,0.99,1,0,1,1,0,0,1,0,0,1.024,8,0.2978928
0.750000,-40.000000,0.99,1,0,1,1,0,0,0,1,0,0.016,0.1,0.1151043
0.750000,-40.000000,0.99,1,0,1,1,0,0,0,1,0,0.032,0.1,0.1188156
0.750000,-40.000000,0.99,1,0,1,1,0,0,0,1,0,0.064,0.1,0.1242856
0.750000,-40.000000,0.99,1,0,1,1,0,0,0,1,0,0.128,0.1,0.1335678
0.750000,-40.000000,0.99,1,0,1,1,0,0,0,1,0,0.256,0.1,0.1487015
0.750000,-40.000000,0.99,1,0,1,1,0,0,0,1,0,0.512,0.1,0.1726124
0.750000,-40.000000,0.99,1,0,1,1,0,0,0,1,0,1.024,0.1,0.2122057
0.750000,-40.000000,0.99,1,0,1,1,0,0,0,1,0,0.016,0.25, 0.1263774
0.750000,-40.000000,0.99,1,0,1,1,0,0,0,1,0,0.032,0.25,0.1300696
0.750000,-40.000000,0.99,1,0,1,1,0,0,0,1,0,0.064,0.25,0.1355448
0.750000,-40.000000,0.99,1,0,1,1,0,0,0,1,0,0.128,0.25,0.1448501
0.750000,-40.000000,0.99,1,0,1,1,0,0,0,1,0,0.256,0.25,0.1598905
0.750000,-40.000000,0.99,1,0,1,1,0,0,0,1,0,0.512,0.25,0.1838360
0.750000,-40.000000,0.99,1,0,1,1,0,0,0,1,0,1.024,0.25,0.2232454
0.750000,-40.000000,0.99,1,0,1,1,0,0,0,1,0,0.016,0.5, 0.1491100
0.750000,-40.000000,0.99,1,0,1,1,0,0,0,1,0,0.032,0.5,0.1528219
0.750000,-40.000000,0.99,1,0,1,1,0,0,0,1,0,0.064,0.5,0.1583244
0.750000,-40.000000,0.99,1,0,1,1,0,0,0,1,0,0.128,0.5,0.1676787
0.750000,-40.000000,0.99,1,0,1,1,0,0,0,1,0,0.256,0.5,0.1828653
0.750000,-40.000000,0.99,1,0,1,1,0,0,0,1,0,0.512,0.5,0.2068344
0.750000,-40.000000,0.99,1,0,1,1,0,0,0,1,0,1.024,0.5,0.2464380
0.750000,-40.000000,0.99,1,0,1,1,0,0,0,1,0,0.016,1, 0.1962594
0.750000,-40.000000,0.99,1,0,1,1,0,0,0,1,0,0.032,1,0.2000963
0.750000,-40.000000,0.99,1,0,1,1,0,0,0,1,0,0.064,1,0.2055812
0.750000,-40.000000,0.99,1,0,1,1,0,0,0,1,0,0.128,1,0.2149638
0.750000,-40.000000,0.99,1,0,1,1,0,0,0,1,0,0.256,1,0.2301075
0.750000,-40.000000,0.99,1,0,1,1,0,0,0,1,0,0.512,1,0.2541708
0.750000,-40.000000,0.99,1,0,1,1,0,0,0,1,0,1.024,1,0.2938959
0.750000,-40.000000,0.99,1,0,1,1,0,0,0,1,0,0.016,2, 0.2926817
0.750000,-40.000000,0.99,1,0,1,1,0,0,0,1,0,0.032,2,0.2965706
0.750000,-40.000000,0.99,1,0,1,1,0,0,0,1,0,0.064,2,0.3023391
0.750000,-40.000000,0.99,1,0,1,1,0,0,0,1,0,0.128,2,0.3119791
0.750000,-40.000000,0.99,1,0,1,1,0,0,0,1,0,0.256,2,0.3272723
0.750000,-40.000000,0.99,1,0,1,1,0,0,0,1,0,0.512,2,0.3515850
0.750000,-40.000000,0.99,1,0,1,1,0,0,0,1,0,1.024,2,0.3911965
0.750000,-40.000000,0.99,1,0,1,1,0,0,0,1,0,0.016,4, 0.4641728
0.750000,-40.000000,0.99,1,0,1,1,0,0,0,1,0,0.032,4,0.4698926
0.750000,-40.000000,0.99,1,0,1,1,0,0,0,1,0,0.064,4,0.4782611
0.750000,-40.000000,0.99,1,0,1,1,0,0,0,1,0,0.128,4,0.4923192
0.750000,-40.000000,0.99,1,0,1,1,0,0,0,1,0,0.256,4,0.5121994
0.750000,-40.000000,0.99,1,0,1,1,0,0,0,1,0,0.512,4,0.5424006
0.750000,-40.000000,0.99,1,0,1,1,0,0,0,1,0,1.024,4,0.5839528
0.750000,-40.000000,0.99,1,0,1,1,0,0,0,1,0,0.016,8, 0.7410350
0.750000,-40.000000,0.99,1,0,1,1,0,0,0,1,0,0.032,8,0.7501552
0.750000,-40.000000,0.99,1,0,1,1,0,0,0,1,0,0.064,8,0.7633750
0.750000,-40.000000,0.99,1,0,1,1,0,0,0,1,0,0.128,8,0.7839998
0.750000,-40.000000,0.99,1,0,1,1,0,0,0,1,0,0.256,8,0.8163311
0.750000,-40.000000,0.99,1,0,1,1,0,0,0,1,0,0.512,8,0.8613031
0.750000,-40.000000,0.99,1,0,1,1,0,0,0,1,0,1.024,8,0.9198050
0.750000,-40.000000,0.99,1,0,1,1,0,0,0,0,1,0.016,0.1,0.0537081
0.750000,-40.000000,0.99,1,0,1,1,0,0,0,0,1,0.032,0.1,0.0564721
0.750000,-40.000000,0.99,1,0,1,1,0,0,0,0,1,0.064,0.1,0.0606950
0.750000,-40.000000,0.99,1,0,1,1,0,0,0,0,1,0.128,0.1,0.0682702
0.750000,-40.000000,0.99,1,0,1,1,0,0,0,0,1,0.256,0.1,0.0821624
0.750000,-40.000000,0.99,1,0,1,1,0,0,0,0,1,0.512,0.1,0.1078278
0.750000,-40.000000,0.99,1,0,1,1,0,0,0,0,1,1.024,0.1,0.1621038
0.750000,-40.000000,0.99,1,0,1,1,0,0,0,0,1,0.016,0.25, 0.0539331
0.750000,-40.000000,0.99,1,0,1,1,0,0,0,0,1,0.032,0.25,0.0567023
0.750000,-40.000000,0.99,1,0,1,1,0,0,0,0,1,0.064,0.25,0.0609701
0.750000,-40.000000,0.99,1,0,1,1,0,0,0,0,1,0.128,0.25,0.0686313
0.750000,-40.000000,0.99,1,0,1,1,0,0,0,0,1,0.256,0.25,0.0822001
0.750000,-40.000000,0.99,1,0,1,1,0,0,0,0,1,0.512,0.25,0.1076067
0.750000,-40.000000,0.99,1,0,1,1,0,0,0,0,1,1.024,0.25,0.1619830
0.750000,-40.000000,0.99,1,0,1,1,0,0,0,0,1,0.016,0.5, 0.0537951
0.750000,-40.000000,0.99,1,0,1,1,0,0,0,0,1,0.032,0.5,0.0565651
0.750000,-40.000000,0.99,1,0,1,1,0,0,0,0,1,0.064,0.5,0.0607794
0.750000,-40.000000,0.99,1,0,1,1,0,0,0,0,1,0.128,0.5,0.0686148
0.750000,-40.000000,0.99,1,0,1,1,0,0,0,0,1,0.256,0.5,0.0823039
0.750000,-40.000000,0.99,1,0,1,1,0,0,0,0,1,0.512,0.5,0.1078239
0.750000,-40.000000,0.99,1,0,1,1,0,0,0,0,1,1.024,0.5,0.1620884
0.750000,-40.000000,0.99,1,0,1,1,0,0,0,0,1,0.016,1, 0.0543957
0.750000,-40.000000,0.99,1,0,1,1,0,0,0,0,1,0.032,1,0.0571345
0.750000,-40.000000,0.99,1,0,1,1,0,0,0,0,1,0.064,1,0.0614468
0.750000,-40.000000,0.99,1,0,1,1,0,0,0,0,1,0.128,1,0.0690870
0.750000,-40.000000,0.99,1,0,1,1,0,0,0,0,1,0.256,1,0.0826869
0.750000,-40.000000,0.99,1,0,1,1,0,0,0,0,1,0.512,1,0.1081759
0.750000,-40.000000,0.99,1,0,1,1,0,0,0,0,1,1.024,1,0.1623114
0.750000,-40.000000,0.99,1,0,1,1,0,0,0,0,1,0.016,2, 0.0605301
0.750000,-40.000000,0.99,1,0,1,1,0,0,0,0,1,0.032,2,0.0626888
0.750000,-40.000000,0.99,1,0,1,1,0,0,0,0,1,0.064,2,0.0662342
0.750000,-40.000000,0.99,1,0,1,1,0,0,0,0,1,0.128,2,0.0729611
0.750000,-40.000000,0.99,1,0,1,1,0,0,0,0,1,0.256,2,0.0853970
0.750000,-40.000000,0.99,1,0,1,1,0,0,0,0,1,0.512,2,0.1101294
0.750000,-40.000000,0.99,1,0,1,1,0,0,0,0,1,1.024,2,0.1633013
0.750000,-40.000000,0.99,1,0,1,1,0,0,0,0,1,0.016,4, 0.0983232
0.750000,-40.000000,0.99,1,0,1,1,0,0,0,0,1,0.032,4,0.0993129
0.750000,-40.000000,0.99,1,0,1,1,0,0,0,0,1,0.064,4,0.1024211
0.750000,-40.000000,0.99,1,0,1,1,0,0,0,0,1,0.128,4,0.1092178
0.750000,-40.000000,0.99,1,0,1,1,0,0,0,0,1,0.256,4,0.1167924
0.750000,-40.000000,0.99,1,0,1,1,0,0,0,0,1,0.512,4,0.1351141
0.750000,-40.000000,0.99,1,0,1,1,0,0,0,0,1,1.024,4,0.1777393
0.750000,-40.000000,0.99,1,0,1,1,0,0,0,0,1,0.016,8, 0.1702468
0.750000,-40.000000,0.99,1,0,1,1,0,0,0,0,1,0.032,8,0.1732997
0.750000,-40.000000,0.99,1,0,1,1,0,0,0,0,1,0.064,8,0.1773093
0.750000,-40.000000,0.99,1,0,1,1,0,0,0,0,1,0.128,8,0.1833097
0.750000,-40.000000,0.99,1,0,1,1,0,0,0,0,1,0.256,8,0.1947361
0.750000,-40.000000,0.99,1,0,1,1,0,0,0,0,1,0.512,8,0.2162167
0.750000,-40.000000,0.99,1,0,1,1,0,0,0,0,1,1.024,8,0.2471829
0.750000,-40.000000,0.99,0,1,1,0,1,1,0,0,0,0.016,0.1,0.1919521
0.750000,-40.000000,0.99,0,1,1,0,1,1,0,0,0,0.032,0.1,0.1952887
0.750000,-40.000000,0.99,0,1,1,0,1,1,0,0,0,0.064,0.1,0.2004145
0.750000,-40.000000,0.99,0,1,1,0,1,1,0,0,0,0.128,0.1,0.2095682
0.750000,-40.000000,0.99,0,1,1,0,1,1,0,0,0,0.256,0.1,0.2257769
0.750000,-40.000000,0.99,0,1,1,0,1,1,0,0,0,0.512,0.1,0.2547714
0.750000,-40.000000,0.99,0,1,1,0,1,1,0,0,0,1.024,0.1,0.3094560
0.750000,-40.000000,0.99,0,1,1,0,1,1,0,0,0,0.016,0.25, 0.2033515
0.750000,-40.000000,0.99,0,1,1,0,1,1,0,0,0,0.032,0.25,0.2066916
0.750000,-40.000000,0.99,0,1,1,0,1,1,0,0,0,0.064,0.25,0.2118165
0.750000,-40.000000,0.99,0,1,1,0,1,1,0,0,0,0.128,0.25,0.2209515
0.750000,-40.000000,0.99,0,1,1,0,1,1,0,0,0,0.256,0.25,0.2371799
0.750000,-40.000000,0.99,0,1,1,0,1,1,0,0,0,0.512,0.25,0.2664692
0.750000,-40.000000,0.99,0,1,1,0,1,1,0,0,0,1.024,0.25,0.3208690
0.750000,-40.000000,0.99,0,1,1,0,1,1,0,0,0,0.016,0.5, 0.2269380
0.750000,-40.000000,0.99,0,1,1,0,1,1,0,0,0,0.032,0.5,0.2302737
0.750000,-40.000000,0.99,0,1,1,0,1,1,0,0,0,0.064,0.5,0.2353980
0.750000,-40.000000,0.99,0,1,1,0,1,1,0,0,0,0.128,0.5,0.2445498
0.750000,-40.000000,0.99,0,1,1,0,1,1,0,0,0,0.256,0.5,0.2607584
0.750000,-40.000000,0.99,0,1,1,0,1,1,0,0,0,0.512,0.5,0.2897590
0.750000,-40.000000,0.99,0,1,1,0,1,1,0,0,0,1.024,0.5,0.3444414
0.750000,-40.000000,0.99,0,1,1,0,1,1,0,0,0,0.016,1, 0.2754029
0.750000,-40.000000,0.99,0,1,1,0,1,1,0,0,0,0.032,1,0.2787403
0.750000,-40.000000,0.99,0,1,1,0,1,1,0,0,0,0.064,1,0.2838659
0.750000,-40.000000,0.99,0,1,1,0,1,1,0,0,0,0.128,1,0.2930059
0.750000,-40.000000,0.99,0,1,1,0,1,1,0,0,0,0.256,1,0.3092236
0.750000,-40.000000,0.99,0,1,1,0,1,1,0,0,0,0.512,1,0.3382209
0.750000,-40.000000,0.99,0,1,1,0,1,1,0,0,0,1.024,1,0.3928537
0.750000,-40.000000,0.99,0,1,1,0,1,1,0,0,0,0.016,2, 0.3739106
0.750000,-40.000000,0.99,0,1,1,0,1,1,0,0,0,0.032,2,0.3773767
0.750000,-40.000000,0.99,0,1,1,0,1,1,0,0,0,0.064,2,0.3824104
0.750000,-40.000000,0.99,0,1,1,0,1,1,0,0,0,0.128,2,0.3916741
0.750000,-40.000000,0.99,0,1,1,0,1,1,0,0,0,0.256,2,0.4078409
0.750000,-40.000000,0.99,0,1,1,0,1,1,0,0,0,0.512,2,0.4367895
0.750000,-40.000000,0.99,0,1,1,0,1,1,0,0,0,1.024,2,0.4914882
0.750000,-40.000000,0.99,0,1,1,0,1,1,0,0,0,0.016,4, 0.5568228
0.750000,-40.000000,0.99,0,1,1,0,1,1,0,0,0,0.032,4,0.5602641
0.750000,-40.000000,0.99,0,1,1,0,1,1,0,0,0,0.064,4,0.5653703
0.750000,-40.000000,0.99,0,1,1,0,1,1,0,0,0,0.128,4,0.5747240
0.750000,-40.000000,0.99,0,1,1,0,1,1,0,0,0,0.256,4,0.5909128
0.750000,-40.000000,0.99,0,1,1,0,1,1,0,0,0,0.512,4,0.6199918
0.750000,-40.000000,0.99,0,1,1,0,1,1,0,0,0,1.024,4,0.6749197
0.750000,-40.000000,0.99,0,1,1,0,1,1,0,0,0,0.016,8, 0.8635822
0.750000,-40.000000,0.99,0,1,1,0,1,1,0,0,0,0.032,8,0.8673992
0.750000,-40.000000,0.99,0,1,1,0,1,1,0,0,0,0.064,8,0.8732947
0.750000,-40.000000,0.99,0,1,1,0,1,1,0,0,0,0.128,8,0.8835481
0.750000,-40.000000,0.99,0,1,1,0,1,1,0,0,0,0.256,8,0.9008571
0.750000,-40.000000,0.99,0,1,1,0,1,1,0,0,0,0.512,8,0.9312044
0.750000,-40.000000,0.99,0,1,1,0,1,1,0,0,0,1.024,8,0.9862632
0.750000,-40.000000,0.99,0,1,1,0,1,0,1,0,0,0.016,0.1,0.0512910
0.750000,-40.000000,0.99,0,1,1,0,1,0,1,0,0,0.032,0.1,0.0547134
0.750000,-40.000000,0.99,0,1,1,0,1,0,1,0,0,0.064,0.1,0.0607059
0.750000,-40.000000,0.99,0,1,1,0,1,0,1,0,0,0.128,0.1,0.0724258
0.750000,-40.000000,0.99,0,1,1,0,1,0,1,0,0,0.256,0.1,0.0961767
0.750000,-40.000000,0.99,0,1,1,0,1,0,1,0,0,0.512,0.1,0.1445937
0.750000,-40.000000,0.99,0,1,1,0,1,0,1,0,0,1.024,0.1,0.2464422
0.750000,-40.000000,0.99,0,1,1,0,1,0,1,0,0,0.016,0.25, 0.0511925
0.750000,-40.000000,0.99,0,1,1,0,1,0,1,0,0,0.032,0.25,0.0547574
0.750000,-40.000000,0.99,0,1,1,0,1,0,1,0,0,0.064,0.25,0.0607007
0.750000,-40.000000,0.99,0,1,1,0,1,0,1,0,0,0.128,0.25,0.0723825
0.750000,-40.000000,0.99,0,1,1,0,1,0,1,0,0,0.256,0.25,0.0962026
0.750000,-40.000000,0.99,0,1,1,0,1,0,1,0,0,0.512,0.25,0.1447139
0.750000,-40.000000,0.99,0,1,1,0,1,0,1,0,0,1.024,0.25,0.2463807
0.750000,-40.000000,0.99,0,1,1,0,1,0,1,0,0,0.016,0.5, 0.0512946
0.750000,-40.000000,0.99,0,1,1,0,1,0,1,0,0,0.032,0.5,0.0547132
0.750000,-40.000000,0.99,0,1,1,0,1,0,1,0,0,0.064,0.5,0.0607082
0.750000,-40.000000,0.99,0,1,1,0,1,0,1,0,0,0.128,0.5,0.0724271
0.750000,-40.000000,0.99,0,1,1,0,1,0,1,0,0,0.256,0.5,0.0961814
0.750000,-40.000000,0.99,0,1,1,0,1,0,1,0,0,0.512,0.5,0.1446135
0.750000,-40.000000,0.99,0,1,1,0,1,0,1,0,0,1.024,0.5,0.2464355
0.750000,-40.000000,0.99,0,1,1,0,1,0,1,0,0,0.016,1, 0.0513228
0.750000,-40.000000,0.99,0,1,1,0,1,0,1,0,0,0.032,1,0.0547404
0.750000,-40.000000,0.99,0,1,1,0,1,0,1,0,0,0.064,1,0.0607219
0.750000,-40.000000,0.99,0,1,1,0,1,0,1,0,0,0.128,1,0.0721227
0.750000,-40.000000,0.99,0,1,1,0,1,0,1,0,0,0.256,1,0.0961372
0.750000,-40.000000,0.99,0,1,1,0,1,0,1,0,0,0.512,1,0.1443917
0.750000,-40.000000,0.99,0,1,1,0,1,0,1,0,0,1.024,1,0.2464945
0.750000,-40.000000,0.99,0,1,1,0,1,0,1,0,0,0.016,2, 0.0514733
0.750000,-40.000000,0.99,0,1,1,0,1,0,1,0,0,0.032,2,0.0550372
0.750000,-40.000000,0.99,0,1,1,0,1,0,1,0,0,0.064,2,0.0609241
0.750000,-40.000000,0.99,0,1,1,0,1,0,1,0,0,0.128,2,0.0723399
0.750000,-40.000000,0.99,0,1,1,0,1,0,1,0,0,0.256,2,0.0960038
0.750000,-40.000000,0.99,0,1,1,0,1,0,1,0,0,0.512,2,0.1446776
0.750000,-40.000000,0.99,0,1,1,0,1,0,1,0,0,1.024,2,0.2465638
0.750000,-40.000000,0.99,0,1,1,0,1,0,1,0,0,0.016,4, 0.0539079
0.750000,-40.000000,0.99,0,1,1,0,1,0,1,0,0,0.032,4,0.0573952
0.750000,-40.000000,0.99,0,1,1,0,1,0,1,0,0,0.064,4,0.0626440
0.750000,-40.000000,0.99,0,1,1,0,1,0,1,0,0,0.128,4,0.0739265
0.750000,-40.000000,0.99,0,1,1,0,1,0,1,0,0,0.256,4,0.0973137
0.750000,-40.000000,0.99,0,1,1,0,1,0,1,0,0,0.512,4,0.1458509
0.750000,-40.000000,0.99,0,1,1,0,1,0,1,0,0,1.024,4,0.2470819
0.750000,-40.000000,0.99,0,1,1,0,1,0,1,0,0,0.016,8, 0.0654205
0.750000,-40.000000,0.99,0,1,1,0,1,0,1,0,0,0.032,8,0.0687156
0.750000,-40.000000,0.99,0,1,1,0,1,0,1,0,0,0.064,8,0.0736636
0.750000,-40.000000,0.99,0,1,1,0,1,0,1,0,0,0.128,8,0.0842818
0.750000,-40.000000,0.99,0,1,1,0,1,0,1,0,0,0.256,8,0.1058778
0.750000,-40.000000,0.99,0,1,1,0,1,0,1,0,0,0.512,8,0.1519436
0.750000,-40.000000,0.99,0,1,1,0,1,0,1,0,0,1.024,8,0.2507584
0.750000,-40.000000,0.99,0,1,1,0,1,0,0,1,0,0.016,0.1,0.1730636
0.750000,-40.000000,0.99,0,1,1,0,1,0,0,1,0,0.032,0.1,0.1771093
0.750000,-40.000000,0.99,0,1,1,0,1,0,0,1,0,0.064,0.1,0.1830957
0.750000,-40.000000,0.99,0,1,1,0,1,0,0,1,0,0.128,0.1,0.1932162
0.750000,-40.000000,0.99,0,1,1,0,1,0,0,1,0,0.256,0.1,0.2094977
0.750000,-40.000000,0.99,0,1,1,0,1,0,0,1,0,0.512,0.1,0.2348752
0.750000,-40.000000,0.99,0,1,1,0,1,0,0,1,0,1.024,0.1,0.2757252
0.750000,-40.000000,0.99,0,1,1,0,1,0,0,1,0,0.016,0.25, 0.1828224
0.750000,-40.000000,0.99,0,1,1,0,1,0,0,1,0,0.032,0.25,0.1868673
0.750000,-40.000000,0.99,0,1,1,0,1,0,0,1,0,0.064,0.25,0.1928518
0.750000,-40.000000,0.99,0,1,1,0,1,0,0,1,0,0.128,0.25,0.2029766
0.750000,-40.000000,0.99,0,1,1,0,1,0,0,1,0,0.256,0.25,0.2192800
0.750000,-40.000000,0.99,0,1,1,0,1,0,0,1,0,0.512,0.25,0.2446275
0.750000,-40.000000,0.99,0,1,1,0,1,0,0,1,0,1.024,0.25,0.2854277
0.750000,-40.000000,0.99,0,1,1,0,1,0,0,1,0,0.016,0.5, 0.2028589
0.750000,-40.000000,0.99,0,1,1,0,1,0,0,1,0,0.032,0.5,0.2069237
0.750000,-40.000000,0.99,0,1,1,0,1,0,0,1,0,0.064,0.5,0.2129394
0.750000,-40.000000,0.99,0,1,1,0,1,0,0,1,0,0.128,0.5,0.2231002
0.750000,-40.000000,0.99,0,1,1,0,1,0,0,1,0,0.256,0.5,0.2393137
0.750000,-40.000000,0.99,0,1,1,0,1,0,0,1,0,0.512,0.5,0.2647765
0.750000,-40.000000,0.99,0,1,1,0,1,0,0,1,0,1.024,0.5,0.3058145
0.750000,-40.000000,0.99,0,1,1,0,1,0,0,1,0,0.016,1, 0.2415813
0.750000,-40.000000,0.99,0,1,1,0,1,0,0,1,0,0.032,1,0.2456504
0.750000,-40.000000,0.99,0,1,1,0,1,0,0,1,0,0.064,1,0.2516663
0.750000,-40.000000,0.99,0,1,1,0,1,0,0,1,0,0.128,1,0.2618641
0.750000,-40.000000,0.99,0,1,1,0,1,0,0,1,0,0.256,1,0.2781930
0.750000,-40.000000,0.99,0,1,1,0,1,0,0,1,0,0.512,1,0.3036242
0.750000,-40.000000,0.99,0,1,1,0,1,0,0,1,0,1.024,1,0.3447167
0.750000,-40.000000,0.99,0,1,1,0,1,0,0,1,0,0.016,2, 0.3059393
0.750000,-40.000000,0.99,0,1,1,0,1,0,0,1,0,0.032,2,0.3099865
0.750000,-40.000000,0.99,0,1,1,0,1,0,0,1,0,0.064,2,0.3160167
0.750000,-40.000000,0.99,0,1,1,0,1,0,0,1,0,0.128,2,0.3262264
0.750000,-40.000000,0.99,0,1,1,0,1,0,0,1,0,0.256,2,0.3426409
0.750000,-40.000000,0.99,0,1,1,0,1,0,0,1,0,0.512,2,0.3680217
0.750000,-40.000000,0.99,0,1,1,0,1,0,0,1,0,1.024,2,0.4091832
0.750000,-40.000000,0.99,0,1,1,0,1,0,0,1,0,0.016,4, 0.4047039
0.750000,-40.000000,0.99,0,1,1,0,1,0,0,1,0,0.032,4,0.4090673
0.750000,-40.000000,0.99,0,1,1,0,1,0,0,1,0,0.064,4,0.4153936
0.750000,-40.000000,0.99,0,1,1,0,1,0,0,1,0,0.128,4,0.4260997
0.750000,-40.000000,0.99,0,1,1,0,1,0,0,1,0,0.256,4,0.4430220
0.750000,-40.000000,0.99,0,1,1,0,1,0,0,1,0,0.512,4,0.4692389
0.750000,-40.000000,0.99,0,1,1,0,1,0,0,1,0,1.024,4,0.5110892
0.750000,-40.000000,0.99,0,1,1,0,1,0,0,1,0,0.016,8, 0.5524571
0.750000,-40.000000,0.99,0,1,1,0,1,0,0,1,0,0.032,8,0.5571520
0.750000,-40.000000,0.99,0,1,1,0,1,0,0,1,0,0.064,8,0.5641868
0.750000,-40.000000,0.99,0,1,1,0,1,0,0,1,0,0.128,8,0.5762663
0.750000,-40.000000,0.99,0,1,1,0,1,0,0,1,0,0.256,8,0.5943447
0.750000,-40.000000,0.99,0,1,1,0,1,0,0,1,0,0.512,8,0.6217583
0.750000,-40.000000,0.99,0,1,1,0,1,0,0,1,0,1.024,8,0.6644961
0.750000,-40.000000,0.99,0,1,1,0,1,0,0,0,1,0.016,0.1,0.0594186
0.750000,-40.000000,0.99,0,1,1,0,1,0,0,0,1,0.032,0.1,0.0623364
0.750000,-40.000000,0.99,0,1,1,0,1,0,0,0,1,0.064,0.1,0.0667804
0.750000,-40.000000,0.99,0,1,1,0,1,0,0,0,1,0.128,0.1,0.0746093
0.750000,-40.000000,0.99,0,1,1,0,1,0,0,0,1,0.256,0.1,0.0886679
0.750000,-40.000000,0.99,0,1,1,0,1,0,0,0,1,0.512,0.1,0.1137068
0.750000,-40.000000,0.99,0,1,1,0,1,0,0,0,1,1.024,0.1,0.1671445
0.750000,-40.000000,0.99,0,1,1,0,1,0,0,0,1,0.016,0.25, 0.0594369
0.750000,-40.000000,0.99,0,1,1,0,1,0,0,0,1,0.032,0.25,0.0623384
0.750000,-40.000000,0.99,0,1,1,0,1,0,0,0,1,0.064,0.25,0.0667650
0.750000,-40.000000,0.99,0,1,1,0,1,0,0,0,1,0.128,0.25,0.0745551
0.750000,-40.000000,0.99,0,1,1,0,1,0,0,0,1,0.256,0.25,0.0886918
0.750000,-40.000000,0.99,0,1,1,0,1,0,0,0,1,0.512,0.25,0.1138083
0.750000,-40.000000,0.99,0,1,1,0,1,0,0,0,1,1.024,0.25,0.1669983
0.750000,-40.000000,0.99,0,1,1,0,1,0,0,0,1,0.016,0.5, 0.0595549
0.750000,-40.000000,0.99,0,1,1,0,1,0,0,0,1,0.032,0.5,0.0624861
0.750000,-40.000000,0.99,0,1,1,0,1,0,0,0,1,0.064,0.5,0.0669309
0.750000,-40.000000,0.99,0,1,1,0,1,0,0,0,1,0.128,0.5,0.0747590
0.750000,-40.000000,0.99,0,1,1,0,1,0,0,0,1,0.256,0.5,0.0884304
0.750000,-40.000000,0.99,0,1,1,0,1,0,0,0,1,0.512,0.5,0.1141313
0.750000,-40.000000,0.99,0,1,1,0,1,0,0,0,1,1.024,0.5,0.1668969
0.750000,-40.000000,0.99,0,1,1,0,1,0,0,0,1,0.016,1, 0.0597485
0.750000,-40.000000,0.99,0,1,1,0,1,0,0,0,1,0.032,1,0.0626089
0.750000,-40.000000,0.99,0,1,1,0,1,0,0,0,1,0.064,1,0.0668896
0.750000,-40.000000,0.99,0,1,1,0,1,0,0,0,1,0.128,1,0.0748417
0.750000,-40.000000,0.99,0,1,1,0,1,0,0,0,1,0.256,1,0.0885375
0.750000,-40.000000,0.99,0,1,1,0,1,0,0,0,1,0.512,1,0.1139032
0.750000,-40.000000,0.99,0,1,1,0,1,0,0,0,1,1.024,1,0.1672485
0.750000,-40.000000,0.99,0,1,1,0,1,0,0,0,1,0.016,2, 0.0606348
0.750000,-40.000000,0.99,0,1,1,0,1,0,0,0,1,0.032,2,0.0635620
0.750000,-40.000000,0.99,0,1,1,0,1,0,0,0,1,0.064,2,0.0677635
0.750000,-40.000000,0.99,0,1,1,0,1,0,0,0,1,0.128,2,0.0754640
0.750000,-40.000000,0.99,0,1,1,0,1,0,0,0,1,0.256,2,0.0893094
0.750000,-40.000000,0.99,0,1,1,0,1,0,0,0,1,0.512,2,0.1145657
0.750000,-40.000000,0.99,0,1,1,0,1,0,0,0,1,1.024,2,0.1672384
0.750000,-40.000000,0.99,0,1,1,0,1,0,0,0,1,0.016,4, 0.0650417
0.750000,-40.000000,0.99,0,1,1,0,1,0,0,0,1,0.032,4,0.0672501
0.750000,-40.000000,0.99,0,1,1,0,1,0,0,0,1,0.064,4,0.0716251
0.750000,-40.000000,0.99,0,1,1,0,1,0,0,0,1,0.128,4,0.0794500
0.750000,-40.000000,0.99,0,1,1,0,1,0,0,0,1,0.256,4,0.0925615
0.750000,-40.000000,0.99,0,1,1,0,1,0,0,0,1,0.512,4,0.1171711
0.750000,-40.000000,0.99,0,1,1,0,1,0,0,0,1,1.024,4,0.1695679
0.750000,-40.000000,0.99,0,1,1,0,1,0,0,0,1,0.016,8, 0.0743086
0.750000,-40.000000,0.99,0,1,1,0,1,0,0,0,1,0.032,8,0.0769903
0.750000,-40.000000,0.99,0,1,1,0,1,0,0,0,1,0.064,8,0.0809548
0.750000,-40.000000,0.99,0,1,1,0,1,0,0,0,1,0.128,8,0.0887027
0.750000,-40.000000,0.99,0,1,1,0,1,0,0,0,1,0.256,8,0.1013711
0.750000,-40.000000,0.99,0,1,1,0,1,0,0,0,1,0.512,8,0.1246308
0.750000,-40.000000,0.99,0,1,1,0,1,0,0,0,1,1.024,8,0.1741008
