nom_voltage,nom_temperature,nom_process,related_pin D,related_pin ISO,timing_type combinational,timing_sense positive_unate,cell_rise,rise_transition,cell_fall,fall_transition,output_load,input_slope,value
0.850000,125.000000,1.01,1,0,1,1,1,0,0,0,0.016,0.1,0.0232919
0.850000,125.000000,1.01,1,0,1,1,1,0,0,0,0.032,0.1,0.0239980
0.850000,125.000000,1.01,1,0,1,1,1,0,0,0,0.064,0.1,0.0251189
0.850000,125.000000,1.01,1,0,1,1,1,0,0,0,0.128,0.1,0.0272274
0.850000,125.000000,1.01,1,0,1,1,1,0,0,0,0.256,0.1,0.0311116
0.850000,125.000000,1.01,1,0,1,1,1,0,0,0,0.512,0.1,0.0381840
0.850000,125.000000,1.01,1,0,1,1,1,0,0,0,1.024,0.1,0.0515487
0.850000,125.000000,1.01,1,0,1,1,1,0,0,0,0.016,0.25, 0.0262995
0.850000,125.000000,1.01,1,0,1,1,1,0,0,0,0.032,0.25,0.0270587
0.850000,125.000000,1.01,1,0,1,1,1,0,0,0,0.064,0.25,0.0282372
0.850000,125.000000,1.01,1,0,1,1,1,0,0,0,0.128,0.25,0.0304319
0.850000,125.000000,1.01,1,0,1,1,1,0,0,0,0.256,0.25,0.0343702
0.850000,125.000000,1.01,1,0,1,1,1,0,0,0,0.512,0.25,0.0414753
0.850000,125.000000,1.01,1,0,1,1,1,0,0,0,1.024,0.25,0.0547034
0.850000,125.000000,1.01,1,0,1,1,1,0,0,0,0.016,0.5, 0.0297836
0.850000,125.000000,1.01,1,0,1,1,1,0,0,0,0.032,0.5,0.0306065
0.850000,125.000000,1.01,1,0,1,1,1,0,0,0,0.064,0.5,0.0319637
0.850000,125.000000,1.01,1,0,1,1,1,0,0,0,0.128,0.5,0.0343937
0.850000,125.000000,1.01,1,0,1,1,1,0,0,0,0.256,0.5,0.0386316
0.850000,125.000000,1.01,1,0,1,1,1,0,0,0,0.512,0.5,0.0462285
0.850000,125.000000,1.01,1,0,1,1,1,0,0,0,1.024,0.5,0.0600529
0.850000,125.000000,1.01,1,0,1,1,1,0,0,0,0.016,1, 0.0337028
0.850000,125.000000,1.01,1,0,1,1,1,0,0,0,0.032,1,0.0346323
0.850000,125.000000,1.01,1,0,1,1,1,0,0,0,0.064,1,0.0361255
0.850000,125.000000,1.01,1,0,1,1,1,0,0,0,0.128,1,0.0389110
0.850000,125.000000,1.01,1,0,1,1,1,0,0,0,0.256,1,0.0439318
0.850000,125.000000,1.01,1,0,1,1,1,0,0,0,0.512,1,0.0527896
0.850000,125.000000,1.01,1,0,1,1,1,0,0,0,1.024,1,0.0678694
0.850000,125.000000,1.01,1,0,1,1,1,0,0,0,0.016,2, 0.0375160
0.850000,125.000000,1.01,1,0,1,1,1,0,0,0,0.032,2,0.0385790
0.850000,125.000000,1.01,1,0,1,1,1,0,0,0,0.064,2,0.0402989
0.850000,125.000000,1.01,1,0,1,1,1,0,0,0,0.128,2,0.0435554
0.850000,125.000000,1.01,1,0,1,1,1,0,0,0,0.256,2,0.0495442
0.850000,125.000000,1.01,1,0,1,1,1,0,0,0,0.512,2,0.0600852
0.850000,125.000000,1.01,1,0,1,1,1,0,0,0,1.024,2,0.0783181
0.850000,125.000000,1.01,1,0,1,1,1,0,0,0,0.016,4, 0.0409654
0.850000,125.000000,1.01,1,0,1,1,1,0,0,0,0.032,4,0.0421514
0.850000,125.000000,1.01,1,0,1,1,1,0,0,0,0.064,4,0.0440987
0.850000,125.000000,1.01,1,0,1,1,1,0,0,0,0.128,4,0.0484725
0.850000,125.000000,1.01,1,0,1,1,1,0,0,0,0.256,4,0.0554219
0.850000,125.000000,1.01,1,0,1,1,1,0,0,0,0.512,4,0.0681846
0.850000,125.000000,1.01,1,0,1,1,1,0,0,0,1.024,4,0.0902899
0.850000,125.000000,1.01,1,0,1,1,1,0,0,0,0.016,8, 0.0461622
0.850000,125.000000,1.01,1,0,1,1,1,0,0,0,0.032,8,0.0474231
0.850000,125.000000,1.01,1,0,1,1,1,0,0,0,0.064,8,0.0495202
0.850000,125.000000,1.01,1,0,1,1,1,0,0,0,0.128,8,0.0536660
0.850000,125.000000,1.01,1,0,1,1,1,0,0,0,0.256,8,0.0617285
0.850000,125.000000,1.01,1,0,1,1,1,0,0,0,0.512,8,0.0778153
0.850000,125.000000,1.01,1,0,1,1,1,0,0,0,1.024,8,0.1043292
0.850000,125.000000,1.01,1,0,1,1,0,1,0,0,0.016,0.1,0.0122974
0.850000,125.000000,1.01,1,0,1,1,0,1,0,0,0.032,0.1,0.0128518
0.850000,125.000000,1.01,1,0,1,1,0,1,0,0,0.064,0.1,0.0138989
0.850000,125.000000,1.01,1,0,1,1,0,1,0,0,0.128,0.1,0.0160330
0.850000,125.000000,1.01,1,0,1,1,0,1,0,0,0.256,0.1,0.0204143
0.850000,125.000000,1.01,1,0,1,1,0,1,0,0,0.512,0.1,0.0297374
0.850000,125.000000,1.01,1,0,1,1,0,1,0,0,1.024,0.1,0.0494496
0.850000,125.000000,1.01,1,0,1,1,0,1,0,0,0.016,0.25, 0.0154010
0.850000,125.000000,1.01,1,0,1,1,0,1,0,0,0.032,0.25,0.0158739
0.850000,125.000000,1.01,1,0,1,1,0,1,0,0,0.064,0.25,0.0167692
0.850000,125.000000,1.01,1,0,1,1,0,1,0,0,0.128,0.25,0.0186914
0.850000,125.000000,1.01,1,0,1,1,0,1,0,0,0.256,0.25,0.0225441
0.850000,125.000000,1.01,1,0,1,1,0,1,0,0,0.512,0.25,0.0311748
0.850000,125.000000,1.01,1,0,1,1,0,1,0,0,1.024,0.25,0.0502754
0.850000,125.000000,1.01,1,0,1,1,0,1,0,0,0.016,0.5, 0.0215146
0.850000,125.000000,1.01,1,0,1,1,0,1,0,0,0.032,0.5,0.0219980
0.850000,125.000000,1.01,1,0,1,1,0,1,0,0,0.064,0.5,0.0229528
0.850000,125.000000,1.01,1,0,1,1,0,1,0,0,0.128,0.5,0.0246815
0.850000,125.000000,1.01,1,0,1,1,0,1,0,0,0.256,0.5,0.0283396
0.850000,125.000000,1.01,1,0,1,1,0,1,0,0,0.512,0.5,0.0363009
0.850000,125.000000,1.01,1,0,1,1,0,1,0,0,1.024,0.5,0.0537716
0.850000,125.000000,1.01,1,0,1,1,0,1,0,0,0.016,1, 0.0334745
0.850000,125.000000,1.01,1,0,1,1,0,1,0,0,0.032,1,0.0339984
0.850000,125.000000,1.01,1,0,1,1,0,1,0,0,0.064,1,0.0349243
0.850000,125.000000,1.01,1,0,1,1,0,1,0,0,0.128,1,0.0367753
0.850000,125.000000,1.01,1,0,1,1,0,1,0,0,0.256,1,0.0402760
0.850000,125.000000,1.01,1,0,1,1,0,1,0,0,0.512,1,0.0479447
0.850000,125.000000,1.01,1,0,1,1,0,1,0,0,1.024,1,0.0648550
0.850000,125.000000,1.01,1,0,1,1,0,1,0,0,0.016,2, 0.0573342
0.850000,125.000000,1.01,1,0,1,1,0,1,0,0,0.032,2,0.0578367
0.850000,125.000000,1.01,1,0,1,1,0,1,0,0,0.064,2,0.0586850
0.850000,125.000000,1.01,1,0,1,1,0,1,0,0,0.128,2,0.0603155
0.850000,125.000000,1.01,1,0,1,1,0,1,0,0,0.256,2,0.0641568
0.850000,125.000000,1.01,1,0,1,1,0,1,0,0,0.512,2,0.0718671
0.850000,125.000000,1.01,1,0,1,1,0,1,0,0,1.024,2,0.0885795
0.850000,125.000000,1.01,1,0,1,1,0,1,0,0,0.016,4, 0.1044886
0.850000,125.000000,1.01,1,0,1,1,0,1,0,0,0.032,4,0.1050551
0.850000,125.000000,1.01,1,0,1,1,0,1,0,0,0.064,4,0.1060047
0.850000,125.000000,1.01,1,0,1,1,0,1,0,0,0.128,4,0.1078179
0.850000,125.000000,1.01,1,0,1,1,0,1,0,0,0.256,4,0.1115578
0.850000,125.000000,1.01,1,0,1,1,0,1,0,0,0.512,4,0.1194040
0.850000,125.000000,1.01,1,0,1,1,0,1,0,0,1.024,4,0.1363533
0.850000,125.000000,1.01,1,0,1,1,0,1,0,0,0.016,8, 0.1991785
0.850000,125.000000,1.01,1,0,1,1,0,1,0,0,0.032,8,0.1995564
0.850000,125.000000,1.01,1,0,1,1,0,1,0,0,0.064,8,0.2003228
0.850000,125.000000,1.01,1,0,1,1,0,1,0,0,0.128,8,0.2023660
0.850000,125.000000,1.01,1,0,1,1,0,1,0,0,0.256,8,0.2067500
0.850000,125.000000,1.01,1,0,1,1,0,1,0,0,0.512,8,0.2150942
0.850000,125.000000,1.01,1,0,1,1,0,1,0,0,1.024,8,0.2313517
0.850000,125.000000,1.01,1,0,1,1,0,0,1,0,0.016,0.1,0.0205459
0.850000,125.000000,1.01,1,0,1,1,0,0,1,0,0.032,0.1,0.0213379
0.850000,125.000000,1.01,1,0,1,1,0,0,1,0,0.064,0.1,0.0225984
0.850000,125.000000,1.01,1,0,1,1,0,0,1,0,0.128,0.1,0.0249330
0.850000,125.000000,1.01,1,0,1,1,0,0,1,0,0.256,0.1,0.0292417
0.850000,125.000000,1.01,1,0,1,1,0,0,1,0,0.512,0.1,0.0372546
0.850000,125.000000,1.01,1,0,1,1,0,0,1,0,1.024,0.1,0.0529112
0.850000,125.000000,1.01,1,0,1,1,0,0,1,0,0.016,0.25, 0.0232237
0.850000,125.000000,1.01,1,0,1,1,0,0,1,0,0.032,0.25,0.0240886
0.850000,125.000000,1.01,1,0,1,1,0,0,1,0,0.064,0.25,0.0254663
0.850000,125.000000,1.01,1,0,1,1,0,0,1,0,0.128,0.25,0.0280426
0.850000,125.000000,1.01,1,0,1,1,0,0,1,0,0.256,0.25,0.0325131
0.850000,125.000000,1.01,1,0,1,1,0,0,1,0,0.512,0.25,0.0405651
0.850000,125.000000,1.01,1,0,1,1,0,0,1,0,1.024,0.25,0.0559847
0.850000,125.000000,1.01,1,0,1,1,0,0,1,0,0.016,0.5, 0.0264088
0.850000,125.000000,1.01,1,0,1,1,0,0,1,0,0.032,0.5,0.0273539
0.850000,125.000000,1.01,1,0,1,1,0,0,1,0,0.064,0.5,0.0288705
0.850000,125.000000,1.01,1,0,1,1,0,0,1,0,0.128,0.5,0.0317040
0.850000,125.000000,1.01,1,0,1,1,0,0,1,0,0.256,0.5,0.0367274
0.850000,125.000000,1.01,1,0,1,1,0,0,1,0,0.512,0.5,0.0454750
0.850000,125.000000,1.01,1,0,1,1,0,0,1,0,1.024,0.5,0.0612042
0.850000,125.000000,1.01,1,0,1,1,0,0,1,0,0.016,1, 0.0295374
0.850000,125.000000,1.01,1,0,1,1,0,0,1,0,0.032,1,0.0306011
0.850000,125.000000,1.01,1,0,1,1,0,0,1,0,0.064,1,0.0323224
0.850000,125.000000,1.01,1,0,1,1,0,0,1,0,0.128,1,0.0355773
0.850000,125.000000,1.01,1,0,1,1,0,0,1,0,0.256,1,0.0415154
0.850000,125.000000,1.01,1,0,1,1,0,0,1,0,0.512,1,0.0517416
0.850000,125.000000,1.01,1,0,1,1,0,0,1,0,1.024,1,0.0692185
0.850000,125.000000,1.01,1,0,1,1,0,0,1,0,0.016,2, 0.0317112
0.850000,125.000000,1.01,1,0,1,1,0,0,1,0,0.032,2,0.0328612
0.850000,125.000000,1.01,1,0,1,1,0,0,1,0,0.064,2,0.0347744
0.850000,125.000000,1.01,1,0,1,1,0,0,1,0,0.128,2,0.0386886
0.850000,125.000000,1.01,1,0,1,1,0,0,1,0,0.256,2,0.0456573
0.850000,125.000000,1.01,1,0,1,1,0,0,1,0,0.512,2,0.0576977
0.850000,125.000000,1.01,1,0,1,1,0,0,1,0,1.024,2,0.0786162
0.850000,125.000000,1.01,1,0,1,1,0,0,1,0,0.016,4, 0.0321044
0.850000,125.000000,1.01,1,0,1,1,0,0,1,0,0.032,4,0.0334424
0.850000,125.000000,1.01,1,0,1,1,0,0,1,0,0.064,4,0.0355077
0.850000,125.000000,1.01,1,0,1,1,0,0,1,0,0.128,4,0.0394472
0.850000,125.000000,1.01,1,0,1,1,0,0,1,0,0.256,4,0.0475865
0.850000,125.000000,1.01,1,0,1,1,0,0,1,0,0.512,4,0.0619346
0.850000,125.000000,1.01,1,0,1,1,0,0,1,0,1.024,4,0.0868452
0.850000,125.000000,1.01,1,0,1,1,0,0,1,0,0.016,8, 0.0293157
0.850000,125.000000,1.01,1,0,1,1,0,0,1,0,0.032,8,0.0306366
0.850000,125.000000,1.01,1,0,1,1,0,0,1,0,0.064,8,0.0328363
0.850000,125.000000,1.01,1,0,1,1,0,0,1,0,0.128,8,0.0372207
0.850000,125.000000,1.01,1,0,1,1,0,0,1,0,0.256,8,0.0456209
0.850000,125.000000,1.01,1,0,1,1,0,0,1,0,0.512,8,0.0623599
0.850000,125.000000,1.01,1,0,1,1,0,0,1,0,1.024,8,0.0923720
0.850000,125.000000,1.01,1,0,1,1,0,0,0,1,0.016,0.1,0.0112119
0.850000,125.000000,1.01,1,0,1,1,0,0,0,1,0.032,0.1,0.0119035
0.850000,125.000000,1.01,1,0,1,1,0,0,0,1,0.064,0.1,0.0130982
0.850000,125.000000,1.01,1,0,1,1,0,0,0,1,0.128,0.1,0.0155788
0.850000,125.000000,1.01,1,0,1,1,0,0,0,1,0.256,0.1,0.0208603
0.850000,125.000000,1.01,1,0,1,1,0,0,0,1,0.512,0.1,0.0322571
0.850000,125.000000,1.01,1,0,1,1,0,0,0,1,1.024,0.1,0.0564924
0.850000,125.000000,1.01,1,0,1,1,0,0,0,1,0.016,0.25, 0.0146634
0.850000,125.000000,1.01,1,0,1,1,0,0,0,1,0.032,0.25,0.0153028
0.850000,125.000000,1.01,1,0,1,1,0,0,0,1,0.064,0.25,0.0163244
0.850000,125.000000,1.01,1,0,1,1,0,0,0,1,0.128,0.25,0.0186073
0.850000,125.000000,1.01,1,0,1,1,0,0,0,1,0.256,0.25,0.0233305
0.850000,125.000000,1.01,1,0,1,1,0,0,0,1,0.512,0.25,0.0337502
0.850000,125.000000,1.01,1,0,1,1,0,0,0,1,1.024,0.25,0.0573630
0.850000,125.000000,1.01,1,0,1,1,0,0,0,1,0.016,0.5, 0.0211351
0.850000,125.000000,1.01,1,0,1,1,0,0,0,1,0.032,0.5,0.0215777
0.850000,125.000000,1.01,1,0,1,1,0,0,0,1,0.064,0.5,0.0226872
0.850000,125.000000,1.01,1,0,1,1,0,0,0,1,0.128,0.5,0.0248070
0.850000,125.000000,1.01,1,0,1,1,0,0,0,1,0.256,0.5,0.0291069
0.850000,125.000000,1.01,1,0,1,1,0,0,0,1,0.512,0.5,0.0387437
0.850000,125.000000,1.01,1,0,1,1,0,0,0,1,1.024,0.5,0.0602533
0.850000,125.000000,1.01,1,0,1,1,0,0,0,1,0.016,1, 0.0334228
0.850000,125.000000,1.01,1,0,1,1,0,0,0,1,0.032,1,0.0339454
0.850000,125.000000,1.01,1,0,1,1,0,0,0,1,0.064,1,0.0348699
0.850000,125.000000,1.01,1,0,1,1,0,0,0,1,0.128,1,0.0369659
0.850000,125.000000,1.01,1,0,1,1,0,0,0,1,0.256,1,0.0416285
0.850000,125.000000,1.01,1,0,1,1,0,0,0,1,0.512,1,0.0502490
0.850000,125.000000,1.01,1,0,1,1,0,0,0,1,1.024,1,0.0698207
0.850000,125.000000,1.01,1,0,1,1,0,0,0,1,0.016,2, 0.0568251
0.850000,125.000000,1.01,1,0,1,1,0,0,0,1,0.032,2,0.0572398
0.850000,125.000000,1.01,1,0,1,1,0,0,0,1,0.064,2,0.0581222
0.850000,125.000000,1.01,1,0,1,1,0,0,0,1,0.128,2,0.0599153
0.850000,125.000000,1.01,1,0,1,1,0,0,0,1,0.256,2,0.0647443
0.850000,125.000000,1.01,1,0,1,1,0,0,0,1,0.512,2,0.0739285
0.850000,125.000000,1.01,1,0,1,1,0,0,0,1,1.024,2,0.0923579
0.850000,125.000000,1.01,1,0,1,1,0,0,0,1,0.016,4, 0.1024263
0.850000,125.000000,1.01,1,0,1,1,0,0,0,1,0.032,4,0.1024263
0.850000,125.000000,1.01,1,0,1,1,0,0,0,1,0.064,4,0.1029558
0.850000,125.000000,1.01,1,0,1,1,0,0,0,1,0.128,4,0.1058478
0.850000,125.000000,1.01,1,0,1,1,0,0,0,1,0.256,4,0.1098511
0.850000,125.000000,1.01,1,0,1,1,0,0,0,1,0.512,4,0.1180582
0.850000,125.000000,1.01,1,0,1,1,0,0,0,1,1.024,4,0.1370700
0.850000,125.000000,1.01,1,0,1,1,0,0,0,1,0.016,8, 0.1938917
0.850000,125.000000,1.01,1,0,1,1,0,0,0,1,0.032,8,0.1949520
0.850000,125.000000,1.01,1,0,1,1,0,0,0,1,0.064,8,0.1952846
0.850000,125.000000,1.01,1,0,1,1,0,0,0,1,0.128,8,0.1959956
0.850000,125.000000,1.01,1,0,1,1,0,0,0,1,0.256,8,0.1993136
0.850000,125.000000,1.01,1,0,1,1,0,0,0,1,0.512,8,0.2065375
0.850000,125.000000,1.01,1,0,1,1,0,0,0,1,1.024,8,0.2251455
0.850000,125.000000,1.01,0,1,1,1,1,0,0,0,0.016,0.1,0.0264658
0.850000,125.000000,1.01,0,1,1,1,1,0,0,0,0.032,0.1,0.0272038
0.850000,125.000000,1.01,0,1,1,1,1,0,0,0,0.064,0.1,0.0283955
0.850000,125.000000,1.01,0,1,1,1,1,0,0,0,0.128,0.1,0.0305993
0.850000,125.000000,1.01,0,1,1,1,1,0,0,0,0.256,0.1,0.0346407
0.850000,125.000000,1.01,0,1,1,1,1,0,0,0,0.512,0.1,0.0419394
0.850000,125.000000,1.01,0,1,1,1,1,0,0,0,1.024,0.1,0.0554397
0.850000,125.000000,1.01,0,1,1,1,1,0,0,0,0.016,0.25, 0.0300723
0.850000,125.000000,1.01,0,1,1,1,1,0,0,0,0.032,0.25,0.0308257
0.850000,125.000000,1.01,0,1,1,1,1,0,0,0,0.064,0.25,0.0319869
0.850000,125.000000,1.01,0,1,1,1,1,0,0,0,0.128,0.25,0.0341650
0.850000,125.000000,1.01,0,1,1,1,1,0,0,0,0.256,0.25,0.0381375
0.850000,125.000000,1.01,0,1,1,1,1,0,0,0,0.512,0.25,0.0453215
0.850000,125.000000,1.01,0,1,1,1,1,0,0,0,1.024,0.25,0.0587354
0.850000,125.000000,1.01,0,1,1,1,1,0,0,0,0.016,0.5, 0.0340537
0.850000,125.000000,1.01,0,1,1,1,1,0,0,0,0.032,0.5,0.0348578
0.850000,125.000000,1.01,0,1,1,1,1,0,0,0,0.064,0.5,0.0361027
0.850000,125.000000,1.01,0,1,1,1,1,0,0,0,0.128,0.5,0.0384376
0.850000,125.000000,1.01,0,1,1,1,1,0,0,0,0.256,0.5,0.0426440
0.850000,125.000000,1.01,0,1,1,1,1,0,0,0,0.512,0.5,0.0501730
0.850000,125.000000,1.01,0,1,1,1,1,0,0,0,1.024,0.5,0.0637183
0.850000,125.000000,1.01,0,1,1,1,1,0,0,0,0.016,1, 0.0383058
0.850000,125.000000,1.01,0,1,1,1,1,0,0,0,0.032,1,0.0391931
0.850000,125.000000,1.01,0,1,1,1,1,0,0,0,0.064,1,0.0406169
0.850000,125.000000,1.01,0,1,1,1,1,0,0,0,0.128,1,0.0432818
0.850000,125.000000,1.01,0,1,1,1,1,0,0,0,0.256,1,0.0480605
0.850000,125.000000,1.01,0,1,1,1,1,0,0,0,0.512,1,0.0562839
0.850000,125.000000,1.01,0,1,1,1,1,0,0,0,1.024,1,0.0702146
0.850000,125.000000,1.01,0,1,1,1,1,0,0,0,0.016,2, 0.0419026
0.850000,125.000000,1.01,0,1,1,1,1,0,0,0,0.032,2,0.0429319
0.850000,125.000000,1.01,0,1,1,1,1,0,0,0,0.064,2,0.0445940
0.850000,125.000000,1.01,0,1,1,1,1,0,0,0,0.128,2,0.0475722
0.850000,125.000000,1.01,0,1,1,1,1,0,0,0,0.256,2,0.0529952
0.850000,125.000000,1.01,0,1,1,1,1,0,0,0,0.512,2,0.0625286
0.850000,125.000000,1.01,0,1,1,1,1,0,0,0,1.024,2,0.0787089
0.850000,125.000000,1.01,0,1,1,1,1,0,0,0,0.016,4, 0.0438138
0.850000,125.000000,1.01,0,1,1,1,1,0,0,0,0.032,4,0.0449165
0.850000,125.000000,1.01,0,1,1,1,1,0,0,0,0.064,4,0.0467170
0.850000,125.000000,1.01,0,1,1,1,1,0,0,0,0.128,4,0.0501842
0.850000,125.000000,1.01,0,1,1,1,1,0,0,0,0.256,4,0.0566268
0.850000,125.000000,1.01,0,1,1,1,1,0,0,0,0.512,4,0.0681116
0.850000,125.000000,1.01,0,1,1,1,1,0,0,0,1.024,4,0.0875374
0.850000,125.000000,1.01,0,1,1,1,1,0,0,0,0.016,8, 0.0435602
0.850000,125.000000,1.01,0,1,1,1,1,0,0,0,0.032,8,0.0447995
0.850000,125.000000,1.01,0,1,1,1,1,0,0,0,0.064,8,0.0468169
0.850000,125.000000,1.01,0,1,1,1,1,0,0,0,0.128,8,0.0506098
0.850000,125.000000,1.01,0,1,1,1,1,0,0,0,0.256,8,0.0578231
0.850000,125.000000,1.01,0,1,1,1,1,0,0,0,0.512,8,0.0710303
0.850000,125.000000,1.01,0,1,1,1,1,0,0,0,1.024,8,0.0943486
0.850000,125.000000,1.01,0,1,1,1,0,1,0,0,0.016,0.1,0.0138499
0.850000,125.000000,1.01,0,1,1,1,0,1,0,0,0.032,0.1,0.0144432
0.850000,125.000000,1.01,0,1,1,1,0,1,0,0,0.064,0.1,0.0155061
0.850000,125.000000,1.01,0,1,1,1,0,1,0,0,0.128,0.1,0.0176018
0.850000,125.000000,1.01,0,1,1,1,0,1,0,0,0.256,0.1,0.0219539
0.850000,125.000000,1.01,0,1,1,1,0,1,0,0,0.512,0.1,0.0309647
0.850000,125.000000,1.01,0,1,1,1,0,1,0,0,1.024,0.1,0.0501168
0.850000,125.000000,1.01,0,1,1,1,0,1,0,0,0.016,0.25, 0.0161472
0.850000,125.000000,1.01,0,1,1,1,0,1,0,0,0.032,0.25,0.0167338
0.850000,125.000000,1.01,0,1,1,1,0,1,0,0,0.064,0.25,0.0175889
0.850000,125.000000,1.01,0,1,1,1,0,1,0,0,0.128,0.25,0.0195181
0.850000,125.000000,1.01,0,1,1,1,0,1,0,0,0.256,0.25,0.0233980
0.850000,125.000000,1.01,0,1,1,1,0,1,0,0,0.512,0.25,0.0320001
0.850000,125.000000,1.01,0,1,1,1,0,1,0,0,1.024,0.25,0.0506040
0.850000,125.000000,1.01,0,1,1,1,0,1,0,0,0.016,0.5, 0.0215472
0.850000,125.000000,1.01,0,1,1,1,0,1,0,0,0.032,0.5,0.0220622
0.850000,125.000000,1.01,0,1,1,1,0,1,0,0,0.064,0.5,0.0229005
0.850000,125.000000,1.01,0,1,1,1,0,1,0,0,0.128,0.5,0.0245699
0.850000,125.000000,1.01,0,1,1,1,0,1,0,0,0.256,0.5,0.0280083
0.850000,125.000000,1.01,0,1,1,1,0,1,0,0,0.512,0.5,0.0357701
0.850000,125.000000,1.01,0,1,1,1,0,1,0,0,1.024,0.5,0.0532089
0.850000,125.000000,1.01,0,1,1,1,0,1,0,0,0.016,1, 0.0310969
0.850000,125.000000,1.01,0,1,1,1,0,1,0,0,0.032,1,0.0314246
0.850000,125.000000,1.01,0,1,1,1,0,1,0,0,0.064,1,0.0322928
0.850000,125.000000,1.01,0,1,1,1,0,1,0,0,0.128,1,0.0340202
0.850000,125.000000,1.01,0,1,1,1,0,1,0,0,0.256,1,0.0375838
0.850000,125.000000,1.01,0,1,1,1,0,1,0,0,0.512,1,0.0444619
0.850000,125.000000,1.01,0,1,1,1,0,1,0,0,1.024,1,0.0604218
0.850000,125.000000,1.01,0,1,1,1,0,1,0,0,0.016,2, 0.0493420
0.850000,125.000000,1.01,0,1,1,1,0,1,0,0,0.032,2,0.0498453
0.850000,125.000000,1.01,0,1,1,1,0,1,0,0,0.064,2,0.0506585
0.850000,125.000000,1.01,0,1,1,1,0,1,0,0,0.128,2,0.0520917
0.850000,125.000000,1.01,0,1,1,1,0,1,0,0,0.256,2,0.0551104
0.850000,125.000000,1.01,0,1,1,1,0,1,0,0,0.512,2,0.0623895
0.850000,125.000000,1.01,0,1,1,1,0,1,0,0,1.024,2,0.0771456
0.850000,125.000000,1.01,0,1,1,1,0,1,0,0,0.016,4, 0.0823918
0.850000,125.000000,1.01,0,1,1,1,0,1,0,0,0.032,4,0.0829439
0.850000,125.000000,1.01,0,1,1,1,0,1,0,0,0.064,4,0.0843811
0.850000,125.000000,1.01,0,1,1,1,0,1,0,0,0.128,4,0.0862466
0.850000,125.000000,1.01,0,1,1,1,0,1,0,0,0.256,4,0.0898987
0.850000,125.000000,1.01,0,1,1,1,0,1,0,0,0.512,4,0.0973763
0.850000,125.000000,1.01,0,1,1,1,0,1,0,0,1.024,4,0.1116473
0.850000,125.000000,1.01,0,1,1,1,0,1,0,0,0.016,8, 0.1506884
0.850000,125.000000,1.01,0,1,1,1,0,1,0,0,0.032,8,0.1511234
0.850000,125.000000,1.01,0,1,1,1,0,1,0,0,0.064,8,0.1518303
0.850000,125.000000,1.01,0,1,1,1,0,1,0,0,0.128,8,0.1527670
0.850000,125.000000,1.01,0,1,1,1,0,1,0,0,0.256,8,0.1559700
0.850000,125.000000,1.01,0,1,1,1,0,1,0,0,0.512,8,0.1624633
0.850000,125.000000,1.01,0,1,1,1,0,1,0,0,1.024,8,0.1781464
0.850000,125.000000,1.01,0,1,1,1,0,0,1,0,0.016,0.1,0.0239763
0.850000,125.000000,1.01,0,1,1,1,0,0,1,0,0.032,0.1,0.0247730
0.850000,125.000000,1.01,0,1,1,1,0,0,1,0,0.064,0.1,0.0260347
0.850000,125.000000,1.01,0,1,1,1,0,0,1,0,0.128,0.1,0.0284009
0.850000,125.000000,1.01,0,1,1,1,0,0,1,0,0.256,0.1,0.0327499
0.850000,125.000000,1.01,0,1,1,1,0,0,1,0,0.512,0.1,0.0407967
0.850000,125.000000,1.01,0,1,1,1,0,0,1,0,1.024,0.1,0.0565069
0.850000,125.000000,1.01,0,1,1,1,0,0,1,0,0.016,0.25, 0.0279252
0.850000,125.000000,1.01,0,1,1,1,0,0,1,0,0.032,0.25,0.0287650
0.850000,125.000000,1.01,0,1,1,1,0,0,1,0,0.064,0.25,0.0300922
0.850000,125.000000,1.01,0,1,1,1,0,0,1,0,0.128,0.25,0.0324658
0.850000,125.000000,1.01,0,1,1,1,0,0,1,0,0.256,0.25,0.0368169
0.850000,125.000000,1.01,0,1,1,1,0,0,1,0,0.512,0.25,0.0448040
0.850000,125.000000,1.01,0,1,1,1,0,0,1,0,1.024,0.25,0.0603198
0.850000,125.000000,1.01,0,1,1,1,0,0,1,0,0.016,0.5, 0.0328243
0.850000,125.000000,1.01,0,1,1,1,0,0,1,0,0.032,0.5,0.0337105
0.850000,125.000000,1.01,0,1,1,1,0,0,1,0,0.064,0.5,0.0352369
0.850000,125.000000,1.01,0,1,1,1,0,0,1,0,0.128,0.5,0.0378491
0.850000,125.000000,1.01,0,1,1,1,0,0,1,0,0.256,0.5,0.0426042
0.850000,125.000000,1.01,0,1,1,1,0,0,1,0,0.512,0.5,0.0511136
0.850000,125.000000,1.01,0,1,1,1,0,0,1,0,1.024,0.5,0.0666769
0.850000,125.000000,1.01,0,1,1,1,0,0,1,0,0.016,1, 0.0390515
0.850000,125.000000,1.01,0,1,1,1,0,0,1,0,0.032,1,0.0400238
0.850000,125.000000,1.01,0,1,1,1,0,0,1,0,0.064,1,0.0417510
0.850000,125.000000,1.01,0,1,1,1,0,0,1,0,0.128,1,0.0445591
0.850000,125.000000,1.01,0,1,1,1,0,0,1,0,0.256,1,0.0499767
0.850000,125.000000,1.01,0,1,1,1,0,0,1,0,0.512,1,0.0594934
0.850000,125.000000,1.01,0,1,1,1,0,0,1,0,1.024,1,0.0762220
0.850000,125.000000,1.01,0,1,1,1,0,0,1,0,0.016,2, 0.0458953
0.850000,125.000000,1.01,0,1,1,1,0,0,1,0,0.032,2,0.0469637
0.850000,125.000000,1.01,0,1,1,1,0,0,1,0,0.064,2,0.0486990
0.850000,125.000000,1.01,0,1,1,1,0,0,1,0,0.128,2,0.0522682
0.850000,125.000000,1.01,0,1,1,1,0,0,1,0,0.256,2,0.0584945
0.850000,125.000000,1.01,0,1,1,1,0,0,1,0,0.512,2,0.0695772
0.850000,125.000000,1.01,0,1,1,1,0,0,1,0,1.024,2,0.0887075
0.850000,125.000000,1.01,0,1,1,1,0,0,1,0,0.016,4, 0.0540025
0.850000,125.000000,1.01,0,1,1,1,0,0,1,0,0.032,4,0.0551306
0.850000,125.000000,1.01,0,1,1,1,0,0,1,0,0.064,4,0.0567395
0.850000,125.000000,1.01,0,1,1,1,0,0,1,0,0.128,4,0.0604508
0.850000,125.000000,1.01,0,1,1,1,0,0,1,0,0.256,4,0.0680050
0.850000,125.000000,1.01,0,1,1,1,0,0,1,0,0.512,4,0.0811240
0.850000,125.000000,1.01,0,1,1,1,0,0,1,0,1.024,4,0.1038618
0.850000,125.000000,1.01,0,1,1,1,0,0,1,0,0.016,8, 0.0624440
0.850000,125.000000,1.01,0,1,1,1,0,0,1,0,0.032,8,0.0637223
0.850000,125.000000,1.01,0,1,1,1,0,0,1,0,0.064,8,0.0657330
0.850000,125.000000,1.01,0,1,1,1,0,0,1,0,0.128,8,0.0698470
0.850000,125.000000,1.01,0,1,1,1,0,0,1,0,0.256,8,0.0781248
0.850000,125.000000,1.01,0,1,1,1,0,0,1,0,0.512,8,0.0933401
0.850000,125.000000,1.01,0,1,1,1,0,0,1,0,1.024,8,0.1204523
0.850000,125.000000,1.01,0,1,1,1,0,0,0,1,0.016,0.1,0.0106563
0.850000,125.000000,1.01,0,1,1,1,0,0,0,1,0.032,0.1,0.0114028
0.850000,125.000000,1.01,0,1,1,1,0,0,0,1,0.064,0.1,0.0126785
0.850000,125.000000,1.01,0,1,1,1,0,0,0,1,0.128,0.1,0.0152652
0.850000,125.000000,1.01,0,1,1,1,0,0,0,1,0.256,0.1,0.0206294
0.850000,125.000000,1.01,0,1,1,1,0,0,0,1,0.512,0.1,0.0321647
0.850000,125.000000,1.01,0,1,1,1,0,0,0,1,1.024,0.1,0.0564219
0.850000,125.000000,1.01,0,1,1,1,0,0,0,1,0.016,0.25, 0.0129824
0.850000,125.000000,1.01,0,1,1,1,0,0,0,1,0.032,0.25,0.0136088
0.850000,125.000000,1.01,0,1,1,1,0,0,0,1,0.064,0.25,0.0147169
0.850000,125.000000,1.01,0,1,1,1,0,0,0,1,0.128,0.25,0.0169891
0.850000,125.000000,1.01,0,1,1,1,0,0,0,1,0.256,0.25,0.0220018
0.850000,125.000000,1.01,0,1,1,1,0,0,0,1,0.512,0.25,0.0329141
0.850000,125.000000,1.01,0,1,1,1,0,0,0,1,1.024,0.25,0.0569617
0.850000,125.000000,1.01,0,1,1,1,0,0,0,1,0.016,0.5, 0.0177881
0.850000,125.000000,1.01,0,1,1,1,0,0,0,1,0.032,0.5,0.0184593
0.850000,125.000000,1.01,0,1,1,1,0,0,0,1,0.064,0.5,0.0196438
0.850000,125.000000,1.01,0,1,1,1,0,0,0,1,0.128,0.5,0.0217461
0.850000,125.000000,1.01,0,1,1,1,0,0,0,1,0.256,0.5,0.0263786
0.850000,125.000000,1.01,0,1,1,1,0,0,0,1,0.512,0.5,0.0363810
0.850000,125.000000,1.01,0,1,1,1,0,0,0,1,1.024,0.5,0.0588069
0.850000,125.000000,1.01,0,1,1,1,0,0,0,1,0.016,1, 0.0273833
0.850000,125.000000,1.01,0,1,1,1,0,0,0,1,0.032,1,0.0279499
0.850000,125.000000,1.01,0,1,1,1,0,0,0,1,0.064,1,0.0290056
0.850000,125.000000,1.01,0,1,1,1,0,0,0,1,0.128,1,0.0310209
0.850000,125.000000,1.01,0,1,1,1,0,0,0,1,0.256,1,0.0354348
0.850000,125.000000,1.01,0,1,1,1,0,0,0,1,0.512,1,0.0446184
0.850000,125.000000,1.01,0,1,1,1,0,0,0,1,1.024,1,0.0655741
0.850000,125.000000,1.01,0,1,1,1,0,0,0,1,0.016,2, 0.0440457
0.850000,125.000000,1.01,0,1,1,1,0,0,0,1,0.032,2,0.0445204
0.850000,125.000000,1.01,0,1,1,1,0,0,0,1,0.064,2,0.0453749
0.850000,125.000000,1.01,0,1,1,1,0,0,0,1,0.128,2,0.0476048
0.850000,125.000000,1.01,0,1,1,1,0,0,0,1,0.256,2,0.0522885
0.850000,125.000000,1.01,0,1,1,1,0,0,0,1,0.512,2,0.0618001
0.850000,125.000000,1.01,0,1,1,1,0,0,0,1,1.024,2,0.0811927
0.850000,125.000000,1.01,0,1,1,1,0,0,0,1,0.016,4, 0.0752186
0.850000,125.000000,1.01,0,1,1,1,0,0,0,1,0.032,4,0.0756134
0.850000,125.000000,1.01,0,1,1,1,0,0,0,1,0.064,4,0.0764566
0.850000,125.000000,1.01,0,1,1,1,0,0,0,1,0.128,4,0.0783389
0.850000,125.000000,1.01,0,1,1,1,0,0,0,1,0.256,4,0.0829333
0.850000,125.000000,1.01,0,1,1,1,0,0,0,1,0.512,4,0.0926041
0.850000,125.000000,1.01,0,1,1,1,0,0,0,1,1.024,4,0.1127142
0.850000,125.000000,1.01,0,1,1,1,0,0,0,1,0.016,8, 0.1366175
0.850000,125.000000,1.01,0,1,1,1,0,0,0,1,0.032,8,0.1366175
0.850000,125.000000,1.01,0,1,1,1,0,0,0,1,0.064,8,0.1375576
0.850000,125.000000,1.01,0,1,1,1,0,0,0,1,0.128,8,0.1383805
0.850000,125.000000,1.01,0,1,1,1,0,0,0,1,0.256,8,0.1420855
0.850000,125.000000,1.01,0,1,1,1,0,0,0,1,0.512,8,0.1519652
0.850000,125.000000,1.01,0,1,1,1,0,0,0,1,1.024,8,0.1734081
0.750000,-40.000000,0.99,1,0,1,1,1,0,0,0,0.016,0.1,0.0845866
0.750000,-40.000000,0.99,1,0,1,1,1,0,0,0,0.032,0.1,0.0876274
0.750000,-40.000000,0.99,1,0,1,1,1,0,0,0,0.064,0.1,0.0923239
0.750000,-40.000000,0.99,1,0,1,1,1,0,0,0,0.128,0.1,0.1008600
0.750000,-40.000000,0.99,1,0,1,1,1,0,0,0,0.256,0.1,0.1162953
0.750000,-40.000000,0.99,1,0,1,1,1,0,0,0,0.512,0.1,0.1449723
0.750000,-40.000000,0.99,1,0,1,1,1,0,0,0,1.024,0.1,0.2004119
0.750000,-40.000000,0.99,1,0,1,1,1,0,0,0,0.016,0.25, 0.0940637
0.750000,-40.000000,0.99,1,0,1,1,1,0,0,0,0.032,0.25,0.0970994
0.750000,-40.000000,0.99,1,0,1,1,1,0,0,0,0.064,0.25,0.1018282
0.750000,-40.000000,0.99,1,0,1,1,1,0,0,0,0.128,0.25,0.1104309
0.750000,-40.000000,0.99,1,0,1,1,1,0,0,0,0.256,0.25,0.1259178
0.750000,-40.000000,0.99,1,0,1,1,1,0,0,0,0.512,0.25,0.1546071
0.750000,-40.000000,0.99,1,0,1,1,1,0,0,0,1.024,0.25,0.2099672
0.750000,-40.000000,0.99,1,0,1,1,1,0,0,0,0.016,0.5, 0.1138478
0.750000,-40.000000,0.99,1,0,1,1,1,0,0,0,0.032,0.5,0.1168745
0.750000,-40.000000,0.99,1,0,1,1,1,0,0,0,0.064,0.5,0.1215820
0.750000,-40.000000,0.99,1,0,1,1,1,0,0,0,0.128,0.5,0.1301199
0.750000,-40.000000,0.99,1,0,1,1,1,0,0,0,0.256,0.5,0.1456884
0.750000,-40.000000,0.99,1,0,1,1,1,0,0,0,0.512,0.5,0.1744153
0.750000,-40.000000,0.99,1,0,1,1,1,0,0,0,1.024,0.5,0.2299777
0.750000,-40.000000,0.99,1,0,1,1,1,0,0,0,0.016,1, 0.1544847
0.750000,-40.000000,0.99,1,0,1,1,1,0,0,0,0.032,1,0.1574277
0.750000,-40.000000,0.99,1,0,1,1,1,0,0,0,0.064,1,0.1621350
0.750000,-40.000000,0.99,1,0,1,1,1,0,0,0,0.128,1,0.1707566
0.750000,-40.000000,0.99,1,0,1,1,1,0,0,0,0.256,1,0.1862086
0.750000,-40.000000,0.99,1,0,1,1,1,0,0,0,0.512,1,0.2149864
0.750000,-40.000000,0.99,1,0,1,1,1,0,0,0,1.024,1,0.2704323
0.750000,-40.000000,0.99,1,0,1,1,1,0,0,0,0.016,2, 0.2227723
0.750000,-40.000000,0.99,1,0,1,1,1,0,0,0,0.032,2,0.2263706
0.750000,-40.000000,0.99,1,0,1,1,1,0,0,0,0.064,2,0.2320533
0.750000,-40.000000,0.99,1,0,1,1,1,0,0,0,0.128,2,0.2414666
0.750000,-40.000000,0.99,1,0,1,1,1,0,0,0,0.256,2,0.2583177
0.750000,-40.000000,0.99,1,0,1,1,1,0,0,0,0.512,2,0.2873668
0.750000,-40.000000,0.99,1,0,1,1,1,0,0,0,1.024,2,0.3428196
0.750000,-40.000000,0.99,1,0,1,1,1,0,0,0,0.016,4, 0.3231057
0.750000,-40.000000,0.99,1,0,1,1,1,0,0,0,0.032,4,0.3279122
0.750000,-40.000000,0.99,1,0,1,1,1,0,0,0,0.064,4,0.3347510
0.750000,-40.000000,0.99,1,0,1,1,1,0,0,0,0.128,4,0.3466793
0.750000,-40.000000,0.99,1,0,1,1,1,0,0,0,0.256,4,0.3660007
0.750000,-40.000000,0.99,1,0,1,1,1,0,0,0,0.512,4,0.3980188
0.750000,-40.000000,0.99,1,0,1,1,1,0,0,0,1.024,4,0.4547807
0.750000,-40.000000,0.99,1,0,1,1,1,0,0,0,0.016,8, 0.4634189
0.750000,-40.000000,0.99,1,0,1,1,1,0,0,0,0.032,8,0.4706203
0.750000,-40.000000,0.99,1,0,1,1,1,0,0,0,0.064,8,0.4807137
0.750000,-40.000000,0.99,1,0,1,1,1,0,0,0,0.128,8,0.4974509
0.750000,-40.000000,0.99,1,0,1,1,1,0,0,0,0.256,8,0.5234012
0.750000,-40.000000,0.99,1,0,1,1,1,0,0,0,0.512,8,0.5619472
0.750000,-40.000000,0.99,1,0,1,1,1,0,0,0,1.024,8,0.6241621
0.750000,-40.000000,0.99,1,0,1,1,0,1,0,0,0.016,0.1,0.0430864
0.750000,-40.000000,0.99,1,0,1,1,0,1,0,0,0.032,0.1,0.0468569
0.750000,-40.000000,0.99,1,0,1,1,0,1,0,0,0.064,0.1,0.0531145
0.750000,-40.000000,0.99,1,0,1,1,0,1,0,0,0.128,0.1,0.0653204
0.750000,-40.000000,0.99,1,0,1,1,0,1,0,0,0.256,0.1,0.0904650
0.750000,-40.000000,0.99,1,0,1,1,0,1,0,0,0.512,0.1,0.1422006
0.750000,-40.000000,0.99,1,0,1,1,0,1,0,0,1.024,0.1,0.2486107
0.750000,-40.000000,0.99,1,0,1,1,0,1,0,0,0.016,0.25, 0.0432056
0.750000,-40.000000,0.99,1,0,1,1,0,1,0,0,0.032,0.25,0.0469271
0.750000,-40.000000,0.99,1,0,1,1,0,1,0,0,0.064,0.25,0.0529703
0.750000,-40.000000,0.99,1,0,1,1,0,1,0,0,0.128,0.25,0.0654176
0.750000,-40.000000,0.99,1,0,1,1,0,1,0,0,0.256,0.25,0.0905414
0.750000,-40.000000,0.99,1,0,1,1,0,1,0,0,0.512,0.25,0.1423631
0.750000,-40.000000,0.99,1,0,1,1,0,1,0,0,1.024,0.25,0.2489042
0.750000,-40.000000,0.99,1,0,1,1,0,1,0,0,0.016,0.5, 0.0431575
0.750000,-40.000000,0.99,1,0,1,1,0,1,0,0,0.032,0.5,0.0469707
0.750000,-40.000000,0.99,1,0,1,1,0,1,0,0,0.064,0.5,0.0532270
0.750000,-40.000000,0.99,1,0,1,1,0,1,0,0,0.128,0.5,0.0656007
0.750000,-40.000000,0.99,1,0,1,1,0,1,0,0,0.256,0.5,0.0907405
0.750000,-40.000000,0.99,1,0,1,1,0,1,0,0,0.512,0.5,0.1424460
0.750000,-40.000000,0.99,1,0,1,1,0,1,0,0,1.024,0.5,0.2486562
0.750000,-40.000000,0.99,1,0,1,1,0,1,0,0,0.016,1, 0.0449982
0.750000,-40.000000,0.99,1,0,1,1,0,1,0,0,0.032,1,0.0486424
0.750000,-40.000000,0.99,1,0,1,1,0,1,0,0,0.064,1,0.0546053
0.750000,-40.000000,0.99,1,0,1,1,0,1,0,0,0.128,1,0.0668378
0.750000,-40.000000,0.99,1,0,1,1,0,1,0,0,0.256,1,0.0914948
0.750000,-40.000000,0.99,1,0,1,1,0,1,0,0,0.512,1,0.1427071
0.750000,-40.000000,0.99,1,0,1,1,0,1,0,0,1.024,1,0.2490935
0.750000,-40.000000,0.99,1,0,1,1,0,1,0,0,0.016,2, 0.0601589
0.750000,-40.000000,0.99,1,0,1,1,0,1,0,0,0.032,2,0.0632072
0.750000,-40.000000,0.99,1,0,1,1,0,1,0,0,0.064,2,0.0682000
0.750000,-40.000000,0.99,1,0,1,1,0,1,0,0,0.128,2,0.0785098
0.750000,-40.000000,0.99,1,0,1,1,0,1,0,0,0.256,2,0.1005612
0.750000,-40.000000,0.99,1,0,1,1,0,1,0,0,0.512,2,0.1486097
0.750000,-40.000000,0.99,1,0,1,1,0,1,0,0,1.024,2,0.2519027
0.750000,-40.000000,0.99,1,0,1,1,0,1,0,0,0.016,4, 0.0905867
0.750000,-40.000000,0.99,1,0,1,1,0,1,0,0,0.032,4,0.0928676
0.750000,-40.000000,0.99,1,0,1,1,0,1,0,0,0.064,4,0.0977119
0.750000,-40.000000,0.99,1,0,1,1,0,1,0,0,0.128,4,0.1067840
0.750000,-40.000000,0.99,1,0,1,1,0,1,0,0,0.256,4,0.1261371
0.750000,-40.000000,0.99,1,0,1,1,0,1,0,0,0.512,4,0.1691975
0.750000,-40.000000,0.99,1,0,1,1,0,1,0,0,1.024,4,0.2659857
0.750000,-40.000000,0.99,1,0,1,1,0,1,0,0,0.016,8, 0.1496067
0.750000,-40.000000,0.99,1,0,1,1,0,1,0,0,0.032,8,0.1511680
0.750000,-40.000000,0.99,1,0,1,1,0,1,0,0,0.064,8,0.1553394
0.750000,-40.000000,0.99,1,0,1,1,0,1,0,0,0.128,8,0.1631602
0.750000,-40.000000,0.99,1,0,1,1,0,1,0,0,0.256,8,0.1805577
0.750000,-40.000000,0.99,1,0,1,1,0,1,0,0,0.512,8,0.2153471
0.750000,-40.000000,0.99,1,0,1,1,0,1,0,0,1.024,8,0.2998255
0.750000,-40.000000,0.99,1,0,1,1,0,0,1,0,0.016,0.1,0.1504690
0.750000,-40.000000,0.99,1,0,1,1,0,0,1,0,0.032,0.1,0.1544043
0.750000,-40.000000,0.99,1,0,1,1,0,0,1,0,0.064,0.1,0.1602039
0.750000,-40.000000,0.99,1,0,1,1,0,0,1,0,0.128,0.1,0.1697080
0.750000,-40.000000,0.99,1,0,1,1,0,0,1,0,0.256,0.1,0.1849355
0.750000,-40.000000,0.99,1,0,1,1,0,0,1,0,0.512,0.1,0.2084310
0.750000,-40.000000,0.99,1,0,1,1,0,0,1,0,1.024,0.1,0.2478281
0.750000,-40.000000,0.99,1,0,1,1,0,0,1,0,0.016,0.25, 0.1574362
0.750000,-40.000000,0.99,1,0,1,1,0,0,1,0,0.032,0.25,0.1613537
0.750000,-40.000000,0.99,1,0,1,1,0,0,1,0,0.064,0.25,0.1670861
0.750000,-40.000000,0.99,1,0,1,1,0,0,1,0,0.128,0.25,0.1767048
0.750000,-40.000000,0.99,1,0,1,1,0,0,1,0,0.256,0.25,0.1919364
0.750000,-40.000000,0.99,1,0,1,1,0,0,1,0,0.512,0.25,0.2156069
0.750000,-40.000000,0.99,1,0,1,1,0,0,1,0,1.024,0.25,0.2551309
0.750000,-40.000000,0.99,1,0,1,1,0,0,1,0,0.016,0.5, 0.1729595
0.750000,-40.000000,0.99,1,0,1,1,0,0,1,0,0.032,0.5,0.1769337
0.750000,-40.000000,0.99,1,0,1,1,0,0,1,0,0.064,0.5,0.1827476
0.750000,-40.000000,0.99,1,0,1,1,0,0,1,0,0.128,0.5,0.1923123
0.750000,-40.000000,0.99,1,0,1,1,0,0,1,0,0.256,0.5,0.2075487
0.750000,-40.000000,0.99,1,0,1,1,0,0,1,0,0.512,0.5,0.2316233
0.750000,-40.000000,0.99,1,0,1,1,0,0,1,0,1.024,0.5,0.2709342
0.750000,-40.000000,0.99,1,0,1,1,0,0,1,0,0.016,1, 0.2067173
0.750000,-40.000000,0.99,1,0,1,1,0,0,1,0,0.032,1,0.2105861
0.750000,-40.000000,0.99,1,0,1,1,0,0,1,0,0.064,1,0.2163696
0.750000,-40.000000,0.99,1,0,1,1,0,0,1,0,0.128,1,0.2259854
0.750000,-40.000000,0.99,1,0,1,1,0,0,1,0,0.256,1,0.2412522
0.750000,-40.000000,0.99,1,0,1,1,0,0,1,0,0.512,1,0.2651382
0.750000,-40.000000,0.99,1,0,1,1,0,0,1,0,1.024,1,0.3045643
0.750000,-40.000000,0.99,1,0,1,1,0,0,1,0,0.016,2, 0.2817434
0.750000,-40.000000,0.99,1,0,1,1,0,0,1,0,0.032,2,0.2858537
0.750000,-40.000000,0.99,1,0,1,1,0,0,1,0,0.064,2,0.2918683
0.750000,-40.000000,0.99,1,0,1,1,0,0,1,0,0.128,2,0.3018134
0.750000,-40.000000,0.99,1,0,1,1,0,0,1,0,0.256,2,0.3173568
0.750000,-40.000000,0.99,1,0,1,1,0,0,1,0,0.512,2,0.3413349
0.750000,-40.000000,0.99,1,0,1,1,0,0,1,0,1.024,2,0.3804066
0.750000,-40.000000,0.99,1,0,1,1,0,0,1,0,0.016,4, 0.4139221
0.750000,-40.000000,0.99,1,0,1,1,0,0,1,0,0.032,4,0.4201483
0.750000,-40.000000,0.99,1,0,1,1,0,0,1,0,0.064,4,0.4290660
0.750000,-40.000000,0.99,1,0,1,1,0,0,1,0,0.128,4,0.4432080
0.750000,-40.000000,0.99,1,0,1,1,0,0,1,0,0.256,4,0.4657124
0.750000,-40.000000,0.99,1,0,1,1,0,0,1,0,0.512,4,0.4957059
0.750000,-40.000000,0.99,1,0,1,1,0,0,1,0,1.024,4,0.5393480
0.750000,-40.000000,0.99,1,0,1,1,0,0,1,0,0.016,8, 0.6213292
0.750000,-40.000000,0.99,1,0,1,1,0,0,1,0,0.032,8,0.6307254
0.750000,-40.000000,0.99,1,0,1,1,0,0,1,0,0.064,8,0.6446204
0.750000,-40.000000,0.99,1,0,1,1,0,0,1,0,0.128,8,0.6665593
0.750000,-40.000000,0.99,1,0,1,1,0,0,1,0,0.256,8,0.6999332
0.750000,-40.000000,0.99,1,0,1,1,0,0,1,0,0.512,8,0.7462750
0.750000,-40.000000,0.99,1,0,1,1,0,0,1,0,1.024,8,0.8093350
0.750000,-40.000000,0.99,1,0,1,1,0,0,0,1,0.016,0.1,0.0586192
0.750000,-40.000000,0.99,1,0,1,1,0,0,0,1,0.032,0.1,0.0610877
0.750000,-40.000000,0.99,1,0,1,1,0,0,0,1,0.064,0.1,0.0648424
0.750000,-40.000000,0.99,1,0,1,1,0,0,0,1,0.128,0.1,0.0716413
0.750000,-40.000000,0.99,1,0,1,1,0,0,0,1,0.256,0.1,0.0837468
0.750000,-40.000000,0.99,1,0,1,1,0,0,0,1,0.512,0.1,0.1079312
0.750000,-40.000000,0.99,1,0,1,1,0,0,0,1,1.024,0.1,0.1616867
0.750000,-40.000000,0.99,1,0,1,1,0,0,0,1,0.016,0.25, 0.0589731
0.750000,-40.000000,0.99,1,0,1,1,0,0,0,1,0.032,0.25,0.0611146
0.750000,-40.000000,0.99,1,0,1,1,0,0,0,1,0.064,0.25,0.0649211
0.750000,-40.000000,0.99,1,0,1,1,0,0,0,1,0.128,0.25,0.0716587
0.750000,-40.000000,0.99,1,0,1,1,0,0,0,1,0.256,0.25,0.0836975
0.750000,-40.000000,0.99,1,0,1,1,0,0,0,1,0.512,0.25,0.1079485
0.750000,-40.000000,0.99,1,0,1,1,0,0,0,1,1.024,0.25,0.1620837
0.750000,-40.000000,0.99,1,0,1,1,0,0,0,1,0.016,0.5, 0.0592214
0.750000,-40.000000,0.99,1,0,1,1,0,0,0,1,0.032,0.5,0.0616941
0.750000,-40.000000,0.99,1,0,1,1,0,0,0,1,0.064,0.5,0.0648898
0.750000,-40.000000,0.99,1,0,1,1,0,0,0,1,0.128,0.5,0.0715031
0.750000,-40.000000,0.99,1,0,1,1,0,0,0,1,0.256,0.5,0.0836096
0.750000,-40.000000,0.99,1,0,1,1,0,0,0,1,0.512,0.5,0.1076963
0.750000,-40.000000,0.99,1,0,1,1,0,0,0,1,1.024,0.5,0.1618022
0.750000,-40.000000,0.99,1,0,1,1,0,0,0,1,0.016,1, 0.0593718
0.750000,-40.000000,0.99,1,0,1,1,0,0,0,1,0.032,1,0.0615836
0.750000,-40.000000,0.99,1,0,1,1,0,0,0,1,0.064,1,0.0653169
0.750000,-40.000000,0.99,1,0,1,1,0,0,0,1,0.128,1,0.0717345
0.750000,-40.000000,0.99,1,0,1,1,0,0,0,1,0.256,1,0.0837683
0.750000,-40.000000,0.99,1,0,1,1,0,0,0,1,0.512,1,0.1080786
0.750000,-40.000000,0.99,1,0,1,1,0,0,0,1,1.024,1,0.1618780
0.750000,-40.000000,0.99,1,0,1,1,0,0,0,1,0.016,2, 0.0667581
0.750000,-40.000000,0.99,1,0,1,1,0,0,0,1,0.032,2,0.0683576
0.750000,-40.000000,0.99,1,0,1,1,0,0,0,1,0.064,2,0.0712977
0.750000,-40.000000,0.99,1,0,1,1,0,0,0,1,0.128,2,0.0767983
0.750000,-40.000000,0.99,1,0,1,1,0,0,0,1,0.256,2,0.0873431
0.750000,-40.000000,0.99,1,0,1,1,0,0,0,1,0.512,2,0.1101814
0.750000,-40.000000,0.99,1,0,1,1,0,0,0,1,1.024,2,0.1632079
0.750000,-40.000000,0.99,1,0,1,1,0,0,0,1,0.016,4, 0.1052098
0.750000,-40.000000,0.99,1,0,1,1,0,0,0,1,0.032,4,0.1082197
0.750000,-40.000000,0.99,1,0,1,1,0,0,0,1,0.064,4,0.1101285
0.750000,-40.000000,0.99,1,0,1,1,0,0,0,1,0.128,4,0.1152582
0.750000,-40.000000,0.99,1,0,1,1,0,0,0,1,0.256,4,0.1259952
0.750000,-40.000000,0.99,1,0,1,1,0,0,0,1,0.512,4,0.1415172
0.750000,-40.000000,0.99,1,0,1,1,0,0,0,1,1.024,4,0.1825602
0.750000,-40.000000,0.99,1,0,1,1,0,0,0,1,0.016,8, 0.1756060
0.750000,-40.000000,0.99,1,0,1,1,0,0,0,1,0.032,8,0.1788397
0.750000,-40.000000,0.99,1,0,1,1,0,0,0,1,0.064,8,0.1850747
0.750000,-40.000000,0.99,1,0,1,1,0,0,0,1,0.128,8,0.1910540
0.750000,-40.000000,0.99,1,0,1,1,0,0,0,1,0.256,8,0.2044607
0.750000,-40.000000,0.99,1,0,1,1,0,0,0,1,0.512,8,0.2225458
0.750000,-40.000000,0.99,1,0,1,1,0,0,0,1,1.024,8,0.2587655
0.750000,-40.000000,0.99,0,1,1,1,1,0,0,0,0.016,0.1,0.0916107
0.750000,-40.000000,0.99,0,1,1,1,1,0,0,0,0.032,0.1,0.0948220
0.750000,-40.000000,0.99,0,1,1,1,1,0,0,0,0.064,0.1,0.0997882
0.750000,-40.000000,0.99,0,1,1,1,1,0,0,0,0.128,0.1,0.1088599
0.750000,-40.000000,0.99,0,1,1,1,1,0,0,0,0.256,0.1,0.1250060
0.750000,-40.000000,0.99,0,1,1,1,1,0,0,0,0.512,0.1,0.1545791
0.750000,-40.000000,0.99,0,1,1,1,1,0,0,0,1.024,0.1,0.2109127
0.750000,-40.000000,0.99,0,1,1,1,1,0,0,0,0.016,0.25, 0.1009993
0.750000,-40.000000,0.99,0,1,1,1,1,0,0,0,0.032,0.25,0.1042325
0.750000,-40.000000,0.99,0,1,1,1,1,0,0,0,0.064,0.25,0.1092300
0.750000,-40.000000,0.99,0,1,1,1,1,0,0,0,0.128,0.25,0.1182024
0.750000,-40.000000,0.99,0,1,1,1,1,0,0,0,0.256,0.25,0.1344143
0.750000,-40.000000,0.99,0,1,1,1,1,0,0,0,0.512,0.25,0.1639993
0.750000,-40.000000,0.99,0,1,1,1,1,0,0,0,1.024,0.25,0.2203747
0.750000,-40.000000,0.99,0,1,1,1,1,0,0,0,0.016,0.5, 0.1203565
0.750000,-40.000000,0.99,0,1,1,1,1,0,0,0,0.032,0.5,0.1235612
0.750000,-40.000000,0.99,0,1,1,1,1,0,0,0,0.064,0.5,0.1285114
0.750000,-40.000000,0.99,0,1,1,1,1,0,0,0,0.128,0.5,0.1375704
0.750000,-40.000000,0.99,0,1,1,1,1,0,0,0,0.256,0.5,0.1537661
0.750000,-40.000000,0.99,0,1,1,1,1,0,0,0,0.512,0.5,0.1834628
0.750000,-40.000000,0.99,0,1,1,1,1,0,0,0,1.024,0.5,0.2400263
0.750000,-40.000000,0.99,0,1,1,1,1,0,0,0,0.016,1, 0.1605838
0.750000,-40.000000,0.99,0,1,1,1,1,0,0,0,0.032,1,0.1637612
0.750000,-40.000000,0.99,0,1,1,1,1,0,0,0,0.064,1,0.1686905
0.750000,-40.000000,0.99,0,1,1,1,1,0,0,0,0.128,1,0.1777701
0.750000,-40.000000,0.99,0,1,1,1,1,0,0,0,0.256,1,0.1940347
0.750000,-40.000000,0.99,0,1,1,1,1,0,0,0,0.512,1,0.2235521
0.750000,-40.000000,0.99,0,1,1,1,1,0,0,0,1.024,1,0.2800246
0.750000,-40.000000,0.99,0,1,1,1,1,0,0,0,0.016,2, 0.2316261
0.750000,-40.000000,0.99,0,1,1,1,1,0,0,0,0.032,2,0.2352237
0.750000,-40.000000,0.99,0,1,1,1,1,0,0,0,0.064,2,0.2407988
0.750000,-40.000000,0.99,0,1,1,1,1,0,0,0,0.128,2,0.2506906
0.750000,-40.000000,0.99,0,1,1,1,1,0,0,0,0.256,2,0.2674801
0.750000,-40.000000,0.99,0,1,1,1,1,0,0,0,0.512,2,0.2974473
0.750000,-40.000000,0.99,0,1,1,1,1,0,0,0,1.024,2,0.3534928
0.750000,-40.000000,0.99,0,1,1,1,1,0,0,0,0.016,4, 0.3374580
0.750000,-40.000000,0.99,0,1,1,1,1,0,0,0,0.032,4,0.3422520
0.750000,-40.000000,0.99,0,1,1,1,1,0,0,0,0.064,4,0.3493673
0.750000,-40.000000,0.99,0,1,1,1,1,0,0,0,0.128,4,0.3612227
0.750000,-40.000000,0.99,0,1,1,1,1,0,0,0,0.256,4,0.3806030
0.750000,-40.000000,0.99,0,1,1,1,1,0,0,0,0.512,4,0.4135027
0.750000,-40.000000,0.99,0,1,1,1,1,0,0,0,1.024,4,0.4706405
0.750000,-40.000000,0.99,0,1,1,1,1,0,0,0,0.016,8, 0.4868293
0.750000,-40.000000,0.99,0,1,1,1,1,0,0,0,0.032,8,0.4937140
0.750000,-40.000000,0.99,0,1,1,1,1,0,0,0,0.064,8,0.5041800
0.750000,-40.000000,0.99,0,1,1,1,1,0,0,0,0.128,8,0.5207151
0.750000,-40.000000,0.99,0,1,1,1,1,0,0,0,0.256,8,0.5462698
0.750000,-40.000000,0.99,0,1,1,1,1,0,0,0,0.512,8,0.5860037
0.750000,-40.000000,0.99,0,1,1,1,1,0,0,0,1.024,8,0.6482442
0.750000,-40.000000,0.99,0,1,1,1,0,1,0,0,0.016,0.1,0.0464445
0.750000,-40.000000,0.99,0,1,1,1,0,1,0,0,0.032,0.1,0.0502923
0.750000,-40.000000,0.99,0,1,1,1,0,1,0,0,0.064,0.1,0.0565750
0.750000,-40.000000,0.99,0,1,1,1,0,1,0,0,0.128,0.1,0.0692265
0.750000,-40.000000,0.99,0,1,1,1,0,1,0,0,0.256,0.1,0.0948387
0.750000,-40.000000,0.99,0,1,1,1,0,1,0,0,0.512,0.1,0.1468170
0.750000,-40.000000,0.99,0,1,1,1,0,1,0,0,1.024,0.1,0.2530234
0.750000,-40.000000,0.99,0,1,1,1,0,1,0,0,0.016,0.25, 0.0464794
0.750000,-40.000000,0.99,0,1,1,1,0,1,0,0,0.032,0.25,0.0502704
0.750000,-40.000000,0.99,0,1,1,1,0,1,0,0,0.064,0.25,0.0564930
0.750000,-40.000000,0.99,0,1,1,1,0,1,0,0,0.128,0.25,0.0691936
0.750000,-40.000000,0.99,0,1,1,1,0,1,0,0,0.256,0.25,0.0946840
0.750000,-40.000000,0.99,0,1,1,1,0,1,0,0,0.512,0.25,0.1466711
0.750000,-40.000000,0.99,0,1,1,1,0,1,0,0,1.024,0.25,0.2531900
0.750000,-40.000000,0.99,0,1,1,1,0,1,0,0,0.016,0.5, 0.0464816
0.750000,-40.000000,0.99,0,1,1,1,0,1,0,0,0.032,0.5,0.0503778
0.750000,-40.000000,0.99,0,1,1,1,0,1,0,0,0.064,0.5,0.0567201
0.750000,-40.000000,0.99,0,1,1,1,0,1,0,0,0.128,0.5,0.0694517
0.750000,-40.000000,0.99,0,1,1,1,0,1,0,0,0.256,0.5,0.0945975
0.750000,-40.000000,0.99,0,1,1,1,0,1,0,0,0.512,0.5,0.1468480
0.750000,-40.000000,0.99,0,1,1,1,0,1,0,0,1.024,0.5,0.2531656
0.750000,-40.000000,0.99,0,1,1,1,0,1,0,0,0.016,1, 0.0474079
0.750000,-40.000000,0.99,0,1,1,1,0,1,0,0,0.032,1,0.0511666
0.750000,-40.000000,0.99,0,1,1,1,0,1,0,0,0.064,1,0.0575352
0.750000,-40.000000,0.99,0,1,1,1,0,1,0,0,0.128,1,0.0699386
0.750000,-40.000000,0.99,0,1,1,1,0,1,0,0,0.256,1,0.0952831
0.750000,-40.000000,0.99,0,1,1,1,0,1,0,0,0.512,1,0.1467576
0.750000,-40.000000,0.99,0,1,1,1,0,1,0,0,1.024,1,0.2530859
0.750000,-40.000000,0.99,0,1,1,1,0,1,0,0,0.016,2, 0.0601860
0.750000,-40.000000,0.99,0,1,1,1,0,1,0,0,0.032,2,0.0632706
0.750000,-40.000000,0.99,0,1,1,1,0,1,0,0,0.064,2,0.0685332
0.750000,-40.000000,0.99,0,1,1,1,0,1,0,0,0.128,2,0.0797012
0.750000,-40.000000,0.99,0,1,1,1,0,1,0,0,0.256,2,0.1021694
0.750000,-40.000000,0.99,0,1,1,1,0,1,0,0,0.512,2,0.1514217
0.750000,-40.000000,0.99,0,1,1,1,0,1,0,0,1.024,2,0.2555852
0.750000,-40.000000,0.99,0,1,1,1,0,1,0,0,0.016,4, 0.0893907
0.750000,-40.000000,0.99,0,1,1,1,0,1,0,0,0.032,4,0.0919502
0.750000,-40.000000,0.99,0,1,1,1,0,1,0,0,0.064,4,0.0966568
0.750000,-40.000000,0.99,0,1,1,1,0,1,0,0,0.128,4,0.1064551
0.750000,-40.000000,0.99,0,1,1,1,0,1,0,0,0.256,4,0.1270825
0.750000,-40.000000,0.99,0,1,1,1,0,1,0,0,0.512,4,0.1706772
0.750000,-40.000000,0.99,0,1,1,1,0,1,0,0,1.024,4,0.2673630
0.750000,-40.000000,0.99,0,1,1,1,0,1,0,0,0.016,8, 0.1461303
0.750000,-40.000000,0.99,0,1,1,1,0,1,0,0,0.032,8,0.1485589
0.750000,-40.000000,0.99,0,1,1,1,0,1,0,0,0.064,8,0.1515516
0.750000,-40.000000,0.99,0,1,1,1,0,1,0,0,0.128,8,0.1604987
0.750000,-40.000000,0.99,0,1,1,1,0,1,0,0,0.256,8,0.1780079
0.750000,-40.000000,0.99,0,1,1,1,0,1,0,0,0.512,8,0.2156131
0.750000,-40.000000,0.99,0,1,1,1,0,1,0,0,1.024,8,0.2999105
0.750000,-40.000000,0.99,0,1,1,1,0,0,1,0,0.016,0.1,0.1620076
0.750000,-40.000000,0.99,0,1,1,1,0,0,1,0,0.032,0.1,0.1659595
0.750000,-40.000000,0.99,0,1,1,1,0,0,1,0,0.064,0.1,0.1717524
0.750000,-40.000000,0.99,0,1,1,1,0,0,1,0,0.128,0.1,0.1812570
0.750000,-40.000000,0.99,0,1,1,1,0,0,1,0,0.256,0.1,0.1963995
0.750000,-40.000000,0.99,0,1,1,1,0,0,1,0,0.512,0.1,0.2200807
0.750000,-40.000000,0.99,0,1,1,1,0,0,1,0,1.024,0.1,0.2595372
0.750000,-40.000000,0.99,0,1,1,1,0,0,1,0,0.016,0.25, 0.1741765
0.750000,-40.000000,0.99,0,1,1,1,0,0,1,0,0.032,0.25,0.1781831
0.750000,-40.000000,0.99,0,1,1,1,0,0,1,0,0.064,0.25,0.1839653
0.750000,-40.000000,0.99,0,1,1,1,0,0,1,0,0.128,0.25,0.1936142
0.750000,-40.000000,0.99,0,1,1,1,0,0,1,0,0.256,0.25,0.2088680
0.750000,-40.000000,0.99,0,1,1,1,0,0,1,0,0.512,0.25,0.2322293
0.750000,-40.000000,0.99,0,1,1,1,0,0,1,0,1.024,0.25,0.2714017
0.750000,-40.000000,0.99,0,1,1,1,0,0,1,0,0.016,0.5, 0.1992417
0.750000,-40.000000,0.99,0,1,1,1,0,0,1,0,0.032,0.5,0.2031639
0.750000,-40.000000,0.99,0,1,1,1,0,0,1,0,0.064,0.5,0.2088997
0.750000,-40.000000,0.99,0,1,1,1,0,0,1,0,0.128,0.5,0.2184339
0.750000,-40.000000,0.99,0,1,1,1,0,0,1,0,0.256,0.5,0.2336598
0.750000,-40.000000,0.99,0,1,1,1,0,0,1,0,0.512,0.5,0.2575822
0.750000,-40.000000,0.99,0,1,1,1,0,0,1,0,1.024,0.5,0.2972020
0.750000,-40.000000,0.99,0,1,1,1,0,0,1,0,0.016,1, 0.2498363
0.750000,-40.000000,0.99,0,1,1,1,0,0,1,0,0.032,1,0.2537838
0.750000,-40.000000,0.99,0,1,1,1,0,0,1,0,0.064,1,0.2596070
0.750000,-40.000000,0.99,0,1,1,1,0,0,1,0,0.128,1,0.2691709
0.750000,-40.000000,0.99,0,1,1,1,0,0,1,0,0.256,1,0.2843570
0.750000,-40.000000,0.99,0,1,1,1,0,0,1,0,0.512,1,0.3085358
0.750000,-40.000000,0.99,0,1,1,1,0,0,1,0,1.024,1,0.3475509
0.750000,-40.000000,0.99,0,1,1,1,0,0,1,0,0.016,2, 0.3517439
0.750000,-40.000000,0.99,0,1,1,1,0,0,1,0,0.032,2,0.3556833
0.750000,-40.000000,0.99,0,1,1,1,0,0,1,0,0.064,2,0.3615045
0.750000,-40.000000,0.99,0,1,1,1,0,0,1,0,0.128,2,0.3712049
0.750000,-40.000000,0.99,0,1,1,1,0,0,1,0,0.256,2,0.3864735
0.750000,-40.000000,0.99,0,1,1,1,0,0,1,0,0.512,2,0.4101202
0.750000,-40.000000,0.99,0,1,1,1,0,0,1,0,1.024,2,0.4491492
0.750000,-40.000000,0.99,0,1,1,1,0,0,1,0,0.016,4, 0.5508105
0.750000,-40.000000,0.99,0,1,1,1,0,0,1,0,0.032,4,0.5551671
0.750000,-40.000000,0.99,0,1,1,1,0,0,1,0,0.064,4,0.5612447
0.750000,-40.000000,0.99,0,1,1,1,0,0,1,0,0.128,4,0.5712910
0.750000,-40.000000,0.99,0,1,1,1,0,0,1,0,0.256,4,0.5867546
0.750000,-40.000000,0.99,0,1,1,1,0,0,1,0,0.512,4,0.6108218
0.750000,-40.000000,0.99,0,1,1,1,0,0,1,0,1.024,4,0.6501988
0.750000,-40.000000,0.99,0,1,1,1,0,0,1,0,0.016,8, 0.8957035
0.750000,-40.000000,0.99,0,1,1,1,0,0,1,0,0.032,8,0.9019804
0.750000,-40.000000,0.99,0,1,1,1,0,0,1,0,0.064,8,0.9109942
0.750000,-40.000000,0.99,0,1,1,1,0,0,1,0,0.128,8,0.9249125
0.750000,-40.000000,0.99,0,1,1,1,0,0,1,0,0.256,8,0.9457071
0.750000,-40.000000,0.99,0,1,1,1,0,0,1,0,0.512,8,0.9765083
0.750000,-40.000000,0.99,0,1,1,1,0,0,1,0,1.024,8,1.0192216
0.750000,-40.000000,0.99,0,1,1,1,0,0,0,1,0.016,0.1,0.0586527
0.750000,-40.000000,0.99,0,1,1,1,0,0,0,1,0.032,0.1,0.0610903
0.750000,-40.000000,0.99,0,1,1,1,0,0,0,1,0.064,0.1,0.0648222
0.750000,-40.000000,0.99,0,1,1,1,0,0,0,1,0.128,0.1,0.0716142
0.750000,-40.000000,0.99,0,1,1,1,0,0,0,1,0.256,0.1,0.0838143
0.750000,-40.000000,0.99,0,1,1,1,0,0,0,1,0.512,0.1,0.1081679
0.750000,-40.000000,0.99,0,1,1,1,0,0,0,1,1.024,0.1,0.1617785
0.750000,-40.000000,0.99,0,1,1,1,0,0,0,1,0.016,0.25, 0.0588066
0.750000,-40.000000,0.99,0,1,1,1,0,0,0,1,0.032,0.25,0.0612239
0.750000,-40.000000,0.99,0,1,1,1,0,0,0,1,0.064,0.25,0.0648381
0.750000,-40.000000,0.99,0,1,1,1,0,0,0,1,0.128,0.25,0.0713900
0.750000,-40.000000,0.99,0,1,1,1,0,0,0,1,0.256,0.25,0.0833616
0.750000,-40.000000,0.99,0,1,1,1,0,0,0,1,0.512,0.25,0.1078469
0.750000,-40.000000,0.99,0,1,1,1,0,0,0,1,1.024,0.25,0.1618635
0.750000,-40.000000,0.99,0,1,1,1,0,0,0,1,0.016,0.5, 0.0587347
0.750000,-40.000000,0.99,0,1,1,1,0,0,0,1,0.032,0.5,0.0610945
0.750000,-40.000000,0.99,0,1,1,1,0,0,0,1,0.064,0.5,0.0648123
0.750000,-40.000000,0.99,0,1,1,1,0,0,0,1,0.128,0.5,0.0716640
0.750000,-40.000000,0.99,0,1,1,1,0,0,0,1,0.256,0.5,0.0835499
0.750000,-40.000000,0.99,0,1,1,1,0,0,0,1,0.512,0.5,0.1079264
0.750000,-40.000000,0.99,0,1,1,1,0,0,0,1,1.024,0.5,0.1618987
0.750000,-40.000000,0.99,0,1,1,1,0,0,0,1,0.016,1, 0.0591705
0.750000,-40.000000,0.99,0,1,1,1,0,0,0,1,0.032,1,0.0616597
0.750000,-40.000000,0.99,0,1,1,1,0,0,0,1,0.064,1,0.0649115
0.750000,-40.000000,0.99,0,1,1,1,0,0,0,1,0.128,1,0.0715461
0.750000,-40.000000,0.99,0,1,1,1,0,0,0,1,0.256,1,0.0833498
0.750000,-40.000000,0.99,0,1,1,1,0,0,0,1,0.512,1,0.1076842
0.750000,-40.000000,0.99,0,1,1,1,0,0,0,1,1.024,1,0.1617071
0.750000,-40.000000,0.99,0,1,1,1,0,0,0,1,0.016,2, 0.0592313
0.750000,-40.000000,0.99,0,1,1,1,0,0,0,1,0.032,2,0.0612525
0.750000,-40.000000,0.99,0,1,1,1,0,0,0,1,0.064,2,0.0651729
0.750000,-40.000000,0.99,0,1,1,1,0,0,0,1,0.128,2,0.0719838
0.750000,-40.000000,0.99,0,1,1,1,0,0,0,1,0.256,2,0.0835959
0.750000,-40.000000,0.99,0,1,1,1,0,0,0,1,0.512,2,0.1077191
0.750000,-40.000000,0.99,0,1,1,1,0,0,0,1,1.024,2,0.1618063
0.750000,-40.000000,0.99,0,1,1,1,0,0,0,1,0.016,4, 0.0684542
0.750000,-40.000000,0.99,0,1,1,1,0,0,0,1,0.032,4,0.0702775
0.750000,-40.000000,0.99,0,1,1,1,0,0,0,1,0.064,4,0.0729223
0.750000,-40.000000,0.99,0,1,1,1,0,0,0,1,0.128,4,0.0781945
0.750000,-40.000000,0.99,0,1,1,1,0,0,0,1,0.256,4,0.0888132
0.750000,-40.000000,0.99,0,1,1,1,0,0,0,1,0.512,4,0.1111136
0.750000,-40.000000,0.99,0,1,1,1,0,0,0,1,1.024,4,0.1642937
0.750000,-40.000000,0.99,0,1,1,1,0,0,0,1,0.016,8, 0.1094874
0.750000,-40.000000,0.99,0,1,1,1,0,0,0,1,0.032,8,0.1110600
0.750000,-40.000000,0.99,0,1,1,1,0,0,0,1,0.064,8,0.1137747
0.750000,-40.000000,0.99,0,1,1,1,0,0,0,1,0.128,8,0.1183326
0.750000,-40.000000,0.99,0,1,1,1,0,0,0,1,0.256,8,0.1256914
0.750000,-40.000000,0.99,0,1,1,1,0,0,0,1,0.512,8,0.1438427
0.750000,-40.000000,0.99,0,1,1,1,0,0,0,1,1.024,8,0.1858637
