nom_voltage,nom_temperature,nom_process,related_pin A2,related_pin S0,timing_sense positive_unate,timing_sense non_unate,cell_rise,rise_transition,cell_fall,fall_transition,output_load,input_slope,value
0.850000,125.000000,1.01,1,0,1,0,1,0,0,0,0.016,0.1,0.0396109
0.850000,125.000000,1.01,1,0,1,0,1,0,0,0,0.032,0.1,0.0405056
0.850000,125.000000,1.01,1,0,1,0,1,0,0,0,0.064,0.1,0.0419342
0.850000,125.000000,1.01,1,0,1,0,1,0,0,0,0.128,0.1,0.0445947
0.850000,125.000000,1.01,1,0,1,0,1,0,0,0,0.256,0.1,0.0493787
0.850000,125.000000,1.01,1,0,1,0,1,0,0,0,0.512,0.1,0.0577577
0.850000,125.000000,1.01,1,0,1,0,1,0,0,0,1.024,0.1,0.0725927
0.850000,125.000000,1.01,1,0,1,0,1,0,0,0,0.016,0.25, 0.0426540
0.850000,125.000000,1.01,1,0,1,0,1,0,0,0,0.032,0.25,0.0435089
0.850000,125.000000,1.01,1,0,1,0,1,0,0,0,0.064,0.25,0.0448793
0.850000,125.000000,1.01,1,0,1,0,1,0,0,0,0.128,0.25,0.0474554
0.850000,125.000000,1.01,1,0,1,0,1,0,0,0,0.256,0.25,0.0521324
0.850000,125.000000,1.01,1,0,1,0,1,0,0,0,0.512,0.25,0.0604603
0.850000,125.000000,1.01,1,0,1,0,1,0,0,0,1.024,0.25,0.0752604
0.850000,125.000000,1.01,1,0,1,0,1,0,0,0,0.016,0.5, 0.0467254
0.850000,125.000000,1.01,1,0,1,0,1,0,0,0,0.032,0.5,0.0476136
0.850000,125.000000,1.01,1,0,1,0,1,0,0,0,0.064,0.5,0.0490149
0.850000,125.000000,1.01,1,0,1,0,1,0,0,0,0.128,0.5,0.0516318
0.850000,125.000000,1.01,1,0,1,0,1,0,0,0,0.256,0.5,0.0564264
0.850000,125.000000,1.01,1,0,1,0,1,0,0,0,0.512,0.5,0.0648298
0.850000,125.000000,1.01,1,0,1,0,1,0,0,0,1.024,0.5,0.0795682
0.850000,125.000000,1.01,1,0,1,0,1,0,0,0,0.016,1, 0.0501656
0.850000,125.000000,1.01,1,0,1,0,1,0,0,0,0.032,1,0.0511326
0.850000,125.000000,1.01,1,0,1,0,1,0,0,0,0.064,1,0.0526821
0.850000,125.000000,1.01,1,0,1,0,1,0,0,0,0.128,1,0.0554966
0.850000,125.000000,1.01,1,0,1,0,1,0,0,0,0.256,1,0.0605867
0.850000,125.000000,1.01,1,0,1,0,1,0,0,0,0.512,1,0.0695362
0.850000,125.000000,1.01,1,0,1,0,1,0,0,0,1.024,1,0.0849443
0.850000,125.000000,1.01,1,0,1,0,1,0,0,0,0.016,2, 0.0496311
0.850000,125.000000,1.01,1,0,1,0,1,0,0,0,0.032,2,0.0506617
0.850000,125.000000,1.01,1,0,1,0,1,0,0,0,0.064,2,0.0523374
0.850000,125.000000,1.01,1,0,1,0,1,0,0,0,0.128,2,0.0555265
0.850000,125.000000,1.01,1,0,1,0,1,0,0,0,0.256,2,0.0617386
0.850000,125.000000,1.01,1,0,1,0,1,0,0,0,0.512,2,0.0719128
0.850000,125.000000,1.01,1,0,1,0,1,0,0,0,1.024,2,0.0893794
0.850000,125.000000,1.01,1,0,1,0,1,0,0,0,0.016,4, 0.0396220
0.850000,125.000000,1.01,1,0,1,0,1,0,0,0,0.032,4,0.0407409
0.850000,125.000000,1.01,1,0,1,0,1,0,0,0,0.064,4,0.0425812
0.850000,125.000000,1.01,1,0,1,0,1,0,0,0,0.128,4,0.0461635
0.850000,125.000000,1.01,1,0,1,0,1,0,0,0,0.256,4,0.0529360
0.850000,125.000000,1.01,1,0,1,0,1,0,0,0,0.512,4,0.0650674
0.850000,125.000000,1.01,1,0,1,0,1,0,0,0,1.024,4,0.0864389
0.850000,125.000000,1.01,1,0,1,0,1,0,0,0,0.016,8, 0.0102024
0.850000,125.000000,1.01,1,0,1,0,1,0,0,0,0.032,8,0.0114080
0.850000,125.000000,1.01,1,0,1,0,1,0,0,0,0.064,8,0.0134049
0.850000,125.000000,1.01,1,0,1,0,1,0,0,0,0.128,8,0.0173434
0.850000,125.000000,1.01,1,0,1,0,1,0,0,0,0.256,8,0.0249720
0.850000,125.000000,1.01,1,0,1,0,1,0,0,0,0.512,8,0.0392723
0.850000,125.000000,1.01,1,0,1,0,1,0,0,0,1.024,8,0.0646281
0.850000,125.000000,1.01,1,0,1,0,0,1,0,0,0.016,0.1,0.0233203
0.850000,125.000000,1.01,1,0,1,0,0,1,0,0,0.032,0.1,0.0238885
0.850000,125.000000,1.01,1,0,1,0,0,1,0,0,0.064,0.1,0.0249415
0.850000,125.000000,1.01,1,0,1,0,0,1,0,0,0.128,0.1,0.0270781
0.850000,125.000000,1.01,1,0,1,0,0,1,0,0,0.256,0.1,0.0312769
0.850000,125.000000,1.01,1,0,1,0,0,1,0,0,0.512,0.1,0.0400682
0.850000,125.000000,1.01,1,0,1,0,0,1,0,0,1.024,0.1,0.0582016
0.850000,125.000000,1.01,1,0,1,0,0,1,0,0,0.016,0.25, 0.0240564
0.850000,125.000000,1.01,1,0,1,0,0,1,0,0,0.032,0.25,0.0245921
0.850000,125.000000,1.01,1,0,1,0,0,1,0,0,0.064,0.25,0.0256911
0.850000,125.000000,1.01,1,0,1,0,0,1,0,0,0.128,0.25,0.0278127
0.850000,125.000000,1.01,1,0,1,0,0,1,0,0,0.256,0.25,0.0319301
0.850000,125.000000,1.01,1,0,1,0,0,1,0,0,0.512,0.25,0.0405230
0.850000,125.000000,1.01,1,0,1,0,0,1,0,0,1.024,0.25,0.0586341
0.850000,125.000000,1.01,1,0,1,0,0,1,0,0,0.016,0.5, 0.0293609
0.850000,125.000000,1.01,1,0,1,0,0,1,0,0,0.032,0.5,0.0299304
0.850000,125.000000,1.01,1,0,1,0,0,1,0,0,0.064,0.5,0.0307759
0.850000,125.000000,1.01,1,0,1,0,0,1,0,0,0.128,0.5,0.0325916
0.850000,125.000000,1.01,1,0,1,0,0,1,0,0,0.256,0.5,0.0361987
0.850000,125.000000,1.01,1,0,1,0,0,1,0,0,0.512,0.5,0.0442051
0.850000,125.000000,1.01,1,0,1,0,0,1,0,0,1.024,0.5,0.0610753
0.850000,125.000000,1.01,1,0,1,0,0,1,0,0,0.016,1, 0.0405089
0.850000,125.000000,1.01,1,0,1,0,0,1,0,0,0.032,1,0.0410262
0.850000,125.000000,1.01,1,0,1,0,0,1,0,0,0.064,1,0.0417808
0.850000,125.000000,1.01,1,0,1,0,0,1,0,0,0.128,1,0.0433422
0.850000,125.000000,1.01,1,0,1,0,0,1,0,0,0.256,1,0.0467337
0.850000,125.000000,1.01,1,0,1,0,0,1,0,0,0.512,1,0.0541600
0.850000,125.000000,1.01,1,0,1,0,0,1,0,0,1.024,1,0.0698404
0.850000,125.000000,1.01,1,0,1,0,0,1,0,0,0.016,2, 0.0614184
0.850000,125.000000,1.01,1,0,1,0,0,1,0,0,0.032,2,0.0617841
0.850000,125.000000,1.01,1,0,1,0,0,1,0,0,0.064,2,0.0624674
0.850000,125.000000,1.01,1,0,1,0,0,1,0,0,0.128,2,0.0640213
0.850000,125.000000,1.01,1,0,1,0,0,1,0,0,0.256,2,0.0680258
0.850000,125.000000,1.01,1,0,1,0,0,1,0,0,0.512,2,0.0753303
0.850000,125.000000,1.01,1,0,1,0,0,1,0,0,1.024,2,0.0901054
0.850000,125.000000,1.01,1,0,1,0,0,1,0,0,0.016,4, 0.1020154
0.850000,125.000000,1.01,1,0,1,0,0,1,0,0,0.032,4,0.1026339
0.850000,125.000000,1.01,1,0,1,0,0,1,0,0,0.064,4,0.1035795
0.850000,125.000000,1.01,1,0,1,0,0,1,0,0,0.128,4,0.1051017
0.850000,125.000000,1.01,1,0,1,0,0,1,0,0,0.256,4,0.1088347
0.850000,125.000000,1.01,1,0,1,0,0,1,0,0,0.512,4,0.1164083
0.850000,125.000000,1.01,1,0,1,0,0,1,0,0,1.024,4,0.1319650
0.850000,125.000000,1.01,1,0,1,0,0,1,0,0,0.016,8, 0.1843853
0.850000,125.000000,1.01,1,0,1,0,0,1,0,0,0.032,8,0.1847750
0.850000,125.000000,1.01,1,0,1,0,0,1,0,0,0.064,8,0.1854642
0.850000,125.000000,1.01,1,0,1,0,0,1,0,0,0.128,8,0.1869281
0.850000,125.000000,1.01,1,0,1,0,0,1,0,0,0.256,8,0.1901207
0.850000,125.000000,1.01,1,0,1,0,0,1,0,0,0.512,8,0.1983071
0.850000,125.000000,1.01,1,0,1,0,0,1,0,0,1.024,8,0.2145678
0.850000,125.000000,1.01,1,0,1,0,0,0,1,0,0.016,0.1,0.0354610
0.850000,125.000000,1.01,1,0,1,0,0,0,1,0,0.032,0.1,0.0364853
0.850000,125.000000,1.01,1,0,1,0,0,0,1,0,0.064,0.1,0.0381317
0.850000,125.000000,1.01,1,0,1,0,0,0,1,0,0.128,0.1,0.0411983
0.850000,125.000000,1.01,1,0,1,0,0,0,1,0,0.256,0.1,0.0467053
0.850000,125.000000,1.01,1,0,1,0,0,0,1,0,0.512,0.1,0.0563758
0.850000,125.000000,1.01,1,0,1,0,0,0,1,0,1.024,0.1,0.0734568
0.850000,125.000000,1.01,1,0,1,0,0,0,1,0,0.016,0.25, 0.0403561
0.850000,125.000000,1.01,1,0,1,0,0,0,1,0,0.032,0.25,0.0413365
0.850000,125.000000,1.01,1,0,1,0,0,0,1,0,0.064,0.25,0.0429091
0.850000,125.000000,1.01,1,0,1,0,0,0,1,0,0.128,0.25,0.0458836
0.850000,125.000000,1.01,1,0,1,0,0,0,1,0,0.256,0.25,0.0512838
0.850000,125.000000,1.01,1,0,1,0,0,0,1,0,0.512,0.25,0.0608192
0.850000,125.000000,1.01,1,0,1,0,0,0,1,0,1.024,0.25,0.0777814
0.850000,125.000000,1.01,1,0,1,0,0,0,1,0,0.016,0.5, 0.0488369
0.850000,125.000000,1.01,1,0,1,0,0,0,1,0,0.032,0.5,0.0498435
0.850000,125.000000,1.01,1,0,1,0,0,0,1,0,0.064,0.5,0.0514732
0.850000,125.000000,1.01,1,0,1,0,0,0,1,0,0.128,0.5,0.0546324
0.850000,125.000000,1.01,1,0,1,0,0,0,1,0,0.256,0.5,0.0602366
0.850000,125.000000,1.01,1,0,1,0,0,0,1,0,0.512,0.5,0.0699754
0.850000,125.000000,1.01,1,0,1,0,0,0,1,0,1.024,0.5,0.0868292
0.850000,125.000000,1.01,1,0,1,0,0,0,1,0,0.016,1, 0.0609932
0.850000,125.000000,1.01,1,0,1,0,0,0,1,0,0.032,1,0.0620600
0.850000,125.000000,1.01,1,0,1,0,0,0,1,0,0.064,1,0.0637940
0.850000,125.000000,1.01,1,0,1,0,0,0,1,0,0.128,1,0.0672756
0.850000,125.000000,1.01,1,0,1,0,0,0,1,0,0.256,1,0.0734885
0.850000,125.000000,1.01,1,0,1,0,0,0,1,0,0.512,1,0.0842021
0.850000,125.000000,1.01,1,0,1,0,0,0,1,0,1.024,1,0.1025456
0.850000,125.000000,1.01,1,0,1,0,0,0,1,0,0.016,2, 0.0786942
0.850000,125.000000,1.01,1,0,1,0,0,0,1,0,0.032,2,0.0798184
0.850000,125.000000,1.01,1,0,1,0,0,0,1,0,0.064,2,0.0816686
0.850000,125.000000,1.01,1,0,1,0,0,0,1,0,0.128,2,0.0857701
0.850000,125.000000,1.01,1,0,1,0,0,0,1,0,0.256,2,0.0926265
0.850000,125.000000,1.01,1,0,1,0,0,0,1,0,0.512,2,0.1049825
0.850000,125.000000,1.01,1,0,1,0,0,0,1,0,1.024,2,0.1260362
0.850000,125.000000,1.01,1,0,1,0,0,0,1,0,0.016,4, 0.1056067
0.850000,125.000000,1.01,1,0,1,0,0,0,1,0,0.032,4,0.1067768
0.850000,125.000000,1.01,1,0,1,0,0,0,1,0,0.064,4,0.1087264
0.850000,125.000000,1.01,1,0,1,0,0,0,1,0,0.128,4,0.1125989
0.850000,125.000000,1.01,1,0,1,0,0,0,1,0,0.256,4,0.1200965
0.850000,125.000000,1.01,1,0,1,0,0,0,1,0,0.512,4,0.1346210
0.850000,125.000000,1.01,1,0,1,0,0,0,1,0,1.024,4,0.1594124
0.850000,125.000000,1.01,1,0,1,0,0,0,1,0,0.016,8, 0.1467299
0.850000,125.000000,1.01,1,0,1,0,0,0,1,0,0.032,8,0.1480056
0.850000,125.000000,1.01,1,0,1,0,0,0,1,0,0.064,8,0.1501202
0.850000,125.000000,1.01,1,0,1,0,0,0,1,0,0.128,8,0.1543127
0.850000,125.000000,1.01,1,0,1,0,0,0,1,0,0.256,8,0.1627413
0.850000,125.000000,1.01,1,0,1,0,0,0,1,0,0.512,8,0.1785715
0.850000,125.000000,1.01,1,0,1,0,0,0,1,0,1.024,8,0.2083320
0.850000,125.000000,1.01,1,0,1,0,0,0,0,1,0.016,0.1,0.0213732
0.850000,125.000000,1.01,1,0,1,0,0,0,0,1,0.032,0.1,0.0220747
0.850000,125.000000,1.01,1,0,1,0,0,0,0,1,0.064,0.1,0.0232457
0.850000,125.000000,1.01,1,0,1,0,0,0,0,1,0.128,0.1,0.0256128
0.850000,125.000000,1.01,1,0,1,0,0,0,0,1,0.256,0.1,0.0307202
0.850000,125.000000,1.01,1,0,1,0,0,0,0,1,0.512,0.1,0.0412182
0.850000,125.000000,1.01,1,0,1,0,0,0,0,1,1.024,0.1,0.0633376
0.850000,125.000000,1.01,1,0,1,0,0,0,0,1,0.016,0.25, 0.0225582
0.850000,125.000000,1.01,1,0,1,0,0,0,0,1,0.032,0.25,0.0231963
0.850000,125.000000,1.01,1,0,1,0,0,0,0,1,0.064,0.25,0.0242916
0.850000,125.000000,1.01,1,0,1,0,0,0,0,1,0.128,0.25,0.0265998
0.850000,125.000000,1.01,1,0,1,0,0,0,0,1,0.256,0.25,0.0315263
0.850000,125.000000,1.01,1,0,1,0,0,0,0,1,0.512,0.25,0.0419159
0.850000,125.000000,1.01,1,0,1,0,0,0,0,1,1.024,0.25,0.0637030
0.850000,125.000000,1.01,1,0,1,0,0,0,0,1,0.016,0.5, 0.0297165
0.850000,125.000000,1.01,1,0,1,0,0,0,0,1,0.032,0.5,0.0302377
0.850000,125.000000,1.01,1,0,1,0,0,0,0,1,0.064,0.5,0.0311489
0.850000,125.000000,1.01,1,0,1,0,0,0,0,1,0.128,0.5,0.0328849
0.850000,125.000000,1.01,1,0,1,0,0,0,0,1,0.256,0.5,0.0371103
0.850000,125.000000,1.01,1,0,1,0,0,0,0,1,0.512,0.5,0.0462359
0.850000,125.000000,1.01,1,0,1,0,0,0,0,1,1.024,0.5,0.0665769
0.850000,125.000000,1.01,1,0,1,0,0,0,0,1,0.016,1, 0.0434481
0.850000,125.000000,1.01,1,0,1,0,0,0,0,1,0.032,1,0.0441279
0.850000,125.000000,1.01,1,0,1,0,0,0,0,1,0.064,1,0.0446463
0.850000,125.000000,1.01,1,0,1,0,0,0,0,1,0.128,1,0.0464763
0.850000,125.000000,1.01,1,0,1,0,0,0,0,1,0.256,1,0.0507331
0.850000,125.000000,1.01,1,0,1,0,0,0,0,1,0.512,1,0.0590951
0.850000,125.000000,1.01,1,0,1,0,0,0,0,1,1.024,1,0.0769054
0.850000,125.000000,1.01,1,0,1,0,0,0,0,1,0.016,2, 0.0687762
0.850000,125.000000,1.01,1,0,1,0,0,0,0,1,0.032,2,0.0692299
0.850000,125.000000,1.01,1,0,1,0,0,0,0,1,0.064,2,0.0700937
0.850000,125.000000,1.01,1,0,1,0,0,0,0,1,0.128,2,0.0723031
0.850000,125.000000,1.01,1,0,1,0,0,0,0,1,0.256,2,0.0760517
0.850000,125.000000,1.01,1,0,1,0,0,0,0,1,0.512,2,0.0840934
0.850000,125.000000,1.01,1,0,1,0,0,0,0,1,1.024,2,0.1003328
0.850000,125.000000,1.01,1,0,1,0,0,0,0,1,0.016,4, 0.1161231
0.850000,125.000000,1.01,1,0,1,0,0,0,0,1,0.032,4,0.1167345
0.850000,125.000000,1.01,1,0,1,0,0,0,0,1,0.064,4,0.1173083
0.850000,125.000000,1.01,1,0,1,0,0,0,0,1,0.128,4,0.1189881
0.850000,125.000000,1.01,1,0,1,0,0,0,0,1,0.256,4,0.1225745
0.850000,125.000000,1.01,1,0,1,0,0,0,0,1,0.512,4,0.1303578
0.850000,125.000000,1.01,1,0,1,0,0,0,0,1,1.024,4,0.1469047
0.850000,125.000000,1.01,1,0,1,0,0,0,0,1,0.016,8, 0.2056216
0.850000,125.000000,1.01,1,0,1,0,0,0,0,1,0.032,8,0.2058305
0.850000,125.000000,1.01,1,0,1,0,0,0,0,1,0.064,8,0.2062798
0.850000,125.000000,1.01,1,0,1,0,0,0,0,1,0.128,8,0.2073524
0.850000,125.000000,1.01,1,0,1,0,0,0,0,1,0.256,8,0.2099628
0.850000,125.000000,1.01,1,0,1,0,0,0,0,1,0.512,8,0.2175800
0.850000,125.000000,1.01,1,0,1,0,0,0,0,1,1.024,8,0.2345158
0.850000,125.000000,1.01,0,1,0,1,1,0,0,0,0.016,0.1,0.0368511
0.850000,125.000000,1.01,0,1,0,1,1,0,0,0,0.032,0.1,0.0377503
0.850000,125.000000,1.01,0,1,0,1,1,0,0,0,0.064,0.1,0.0391592
0.850000,125.000000,1.01,0,1,0,1,1,0,0,0,0.128,0.1,0.0417898
0.850000,125.000000,1.01,0,1,0,1,1,0,0,0,0.256,0.1,0.0465412
0.850000,125.000000,1.01,0,1,0,1,1,0,0,0,0.512,0.1,0.0549865
0.850000,125.000000,1.01,0,1,0,1,1,0,0,0,1.024,0.1,0.0698747
0.850000,125.000000,1.01,0,1,0,1,1,0,0,0,0.016,0.25, 0.0385411
0.850000,125.000000,1.01,0,1,0,1,1,0,0,0,0.032,0.25,0.0394091
0.850000,125.000000,1.01,0,1,0,1,1,0,0,0,0.064,0.25,0.0407899
0.850000,125.000000,1.01,0,1,0,1,1,0,0,0,0.128,0.25,0.0433885
0.850000,125.000000,1.01,0,1,0,1,1,0,0,0,0.256,0.25,0.0480809
0.850000,125.000000,1.01,0,1,0,1,1,0,0,0,0.512,0.25,0.0564597
0.850000,125.000000,1.01,0,1,0,1,1,0,0,0,1.024,0.25,0.0712357
0.850000,125.000000,1.01,0,1,0,1,1,0,0,0,0.016,0.5, 0.0403563
0.850000,125.000000,1.01,0,1,0,1,1,0,0,0,0.032,0.5,0.0412380
0.850000,125.000000,1.01,0,1,0,1,1,0,0,0,0.064,0.5,0.0426535
0.850000,125.000000,1.01,0,1,0,1,1,0,0,0,0.128,0.5,0.0452989
0.850000,125.000000,1.01,0,1,0,1,1,0,0,0,0.256,0.5,0.0501025
0.850000,125.000000,1.01,0,1,0,1,1,0,0,0,0.512,0.5,0.0585671
0.850000,125.000000,1.01,0,1,0,1,1,0,0,0,1.024,0.5,0.0734707
0.850000,125.000000,1.01,0,1,0,1,1,0,0,0,0.016,1, 0.0407696
0.850000,125.000000,1.01,0,1,0,1,1,0,0,0,0.032,1,0.0416830
0.850000,125.000000,1.01,0,1,0,1,1,0,0,0,0.064,1,0.0432350
0.850000,125.000000,1.01,0,1,0,1,1,0,0,0,0.128,1,0.0459573
0.850000,125.000000,1.01,0,1,0,1,1,0,0,0,0.256,1,0.0509575
0.850000,125.000000,1.01,0,1,0,1,1,0,0,0,0.512,1,0.0597876
0.850000,125.000000,1.01,0,1,0,1,1,0,0,0,1.024,1,0.0751548
0.850000,125.000000,1.01,0,1,0,1,1,0,0,0,0.016,2, 0.0355868
0.850000,125.000000,1.01,0,1,0,1,1,0,0,0,0.032,2,0.0365405
0.850000,125.000000,1.01,0,1,0,1,1,0,0,0,0.064,2,0.0380908
0.850000,125.000000,1.01,0,1,0,1,1,0,0,0,0.128,2,0.0410608
0.850000,125.000000,1.01,0,1,0,1,1,0,0,0,0.256,2,0.0465950
0.850000,125.000000,1.01,0,1,0,1,1,0,0,0,0.512,2,0.0563461
0.850000,125.000000,1.01,0,1,0,1,1,0,0,0,1.024,2,0.0728127
0.850000,125.000000,1.01,0,1,0,1,1,0,0,0,0.016,4, 0.0159428
0.850000,125.000000,1.01,0,1,0,1,1,0,0,0,0.032,4,0.0169813
0.850000,125.000000,1.01,0,1,0,1,1,0,0,0,0.064,4,0.0186814
0.850000,125.000000,1.01,0,1,0,1,1,0,0,0,0.128,4,0.0219724
0.850000,125.000000,1.01,0,1,0,1,1,0,0,0,0.256,4,0.0281735
0.850000,125.000000,1.01,0,1,0,1,1,0,0,0,0.512,4,0.0391933
0.850000,125.000000,1.01,0,1,0,1,1,0,0,0,1.024,4,0.0583870
0.850000,125.000000,1.01,0,1,0,1,1,0,0,0,0.016,8, -0.0351813
0.850000,125.000000,1.01,0,1,0,1,1,0,0,0,0.032,8,-0.0342324
0.850000,125.000000,1.01,0,1,0,1,1,0,0,0,0.064,8,-0.0317439
0.850000,125.000000,1.01,0,1,0,1,1,0,0,0,0.128,8,-0.0280832
0.850000,125.000000,1.01,0,1,0,1,1,0,0,0,0.256,8,-0.0211053
0.850000,125.000000,1.01,0,1,0,1,1,0,0,0,0.512,8,-0.0082942
0.850000,125.000000,1.01,0,1,0,1,1,0,0,0,1.024,8,0.0142686
0.850000,125.000000,1.01,0,1,0,1,0,1,0,0,0.016,0.1,0.0229484
0.850000,125.000000,1.01,0,1,0,1,0,1,0,0,0.032,0.1,0.0235465
0.850000,125.000000,1.01,0,1,0,1,0,1,0,0,0.064,0.1,0.0245223
0.850000,125.000000,1.01,0,1,0,1,0,1,0,0,0.128,0.1,0.0267110
0.850000,125.000000,1.01,0,1,0,1,0,1,0,0,0.256,0.1,0.0310719
0.850000,125.000000,1.01,0,1,0,1,0,1,0,0,0.512,0.1,0.0398260
0.850000,125.000000,1.01,0,1,0,1,0,1,0,0,1.024,0.1,0.0581129
0.850000,125.000000,1.01,0,1,0,1,0,1,0,0,0.016,0.25, 0.0237474
0.850000,125.000000,1.01,0,1,0,1,0,1,0,0,0.032,0.25,0.0243329
0.850000,125.000000,1.01,0,1,0,1,0,1,0,0,0.064,0.25,0.0253511
0.850000,125.000000,1.01,0,1,0,1,0,1,0,0,0.128,0.25,0.0274932
0.850000,125.000000,1.01,0,1,0,1,0,1,0,0,0.256,0.25,0.0317761
0.850000,125.000000,1.01,0,1,0,1,0,1,0,0,0.512,0.25,0.0403581
0.850000,125.000000,1.01,0,1,0,1,0,1,0,0,1.024,0.25,0.0583567
0.850000,125.000000,1.01,0,1,0,1,0,1,0,0,0.016,0.5, 0.0273390
0.850000,125.000000,1.01,0,1,0,1,0,1,0,0,0.032,0.5,0.0279873
0.850000,125.000000,1.01,0,1,0,1,0,1,0,0,0.064,0.5,0.0289162
0.850000,125.000000,1.01,0,1,0,1,0,1,0,0,0.128,0.5,0.0307765
0.850000,125.000000,1.01,0,1,0,1,0,1,0,0,0.256,0.5,0.0349032
0.850000,125.000000,1.01,0,1,0,1,0,1,0,0,0.512,0.5,0.0430827
0.850000,125.000000,1.01,0,1,0,1,0,1,0,0,1.024,0.5,0.0604920
0.850000,125.000000,1.01,0,1,0,1,0,1,0,0,0.016,1, 0.0351917
0.850000,125.000000,1.01,0,1,0,1,0,1,0,0,0.032,1,0.0357107
0.850000,125.000000,1.01,0,1,0,1,0,1,0,0,0.064,1,0.0366348
0.850000,125.000000,1.01,0,1,0,1,0,1,0,0,0.128,1,0.0383129
0.850000,125.000000,1.01,0,1,0,1,0,1,0,0,0.256,1,0.0422570
0.850000,125.000000,1.01,0,1,0,1,0,1,0,0,0.512,1,0.0499026
0.850000,125.000000,1.01,0,1,0,1,0,1,0,0,1.024,1,0.0665317
0.850000,125.000000,1.01,0,1,0,1,0,1,0,0,0.016,2, 0.0507992
0.850000,125.000000,1.01,0,1,0,1,0,1,0,0,0.032,2,0.0512853
0.850000,125.000000,1.01,0,1,0,1,0,1,0,0,0.064,2,0.0520856
0.850000,125.000000,1.01,0,1,0,1,0,1,0,0,0.128,2,0.0536725
0.850000,125.000000,1.01,0,1,0,1,0,1,0,0,0.256,2,0.0571305
0.850000,125.000000,1.01,0,1,0,1,0,1,0,0,0.512,2,0.0647128
0.850000,125.000000,1.01,0,1,0,1,0,1,0,0,1.024,2,0.0805692
0.850000,125.000000,1.01,0,1,0,1,0,1,0,0,0.016,4, 0.0797389
0.850000,125.000000,1.01,0,1,0,1,0,1,0,0,0.032,4,0.0801284
0.850000,125.000000,1.01,0,1,0,1,0,1,0,0,0.064,4,0.0808076
0.850000,125.000000,1.01,0,1,0,1,0,1,0,0,0.128,4,0.0822286
0.850000,125.000000,1.01,0,1,0,1,0,1,0,0,0.256,4,0.0853586
0.850000,125.000000,1.01,0,1,0,1,0,1,0,0,0.512,4,0.0929566
0.850000,125.000000,1.01,0,1,0,1,0,1,0,0,1.024,4,0.1090816
0.850000,125.000000,1.01,0,1,0,1,0,1,0,0,0.016,8, 0.1323890
0.850000,125.000000,1.01,0,1,0,1,0,1,0,0,0.032,8,0.1325278
0.850000,125.000000,1.01,0,1,0,1,0,1,0,0,0.064,8,0.1350670
0.850000,125.000000,1.01,0,1,0,1,0,1,0,0,0.128,8,0.1368121
0.850000,125.000000,1.01,0,1,0,1,0,1,0,0,0.256,8,0.1404442
0.850000,125.000000,1.01,0,1,0,1,0,1,0,0,0.512,8,0.1479375
0.850000,125.000000,1.01,0,1,0,1,0,1,0,0,1.024,8,0.1632536
0.850000,125.000000,1.01,0,1,0,1,0,0,1,0,0.016,0.1,0.0381139
0.850000,125.000000,1.01,0,1,0,1,0,0,1,0,0.032,0.1,0.0390917
0.850000,125.000000,1.01,0,1,0,1,0,0,1,0,0.064,0.1,0.0406700
0.850000,125.000000,1.01,0,1,0,1,0,0,1,0,0.128,0.1,0.0435954
0.850000,125.000000,1.01,0,1,0,1,0,0,1,0,0.256,0.1,0.0489213
0.850000,125.000000,1.01,0,1,0,1,0,0,1,0,0.512,0.1,0.0583549
0.850000,125.000000,1.01,0,1,0,1,0,0,1,0,1.024,0.1,0.0751696
0.850000,125.000000,1.01,0,1,0,1,0,0,1,0,0.016,0.25, 0.0437049
0.850000,125.000000,1.01,0,1,0,1,0,0,1,0,0.032,0.25,0.0446659
0.850000,125.000000,1.01,0,1,0,1,0,0,1,0,0.064,0.25,0.0462003
0.850000,125.000000,1.01,0,1,0,1,0,0,1,0,0.128,0.25,0.0490756
0.850000,125.000000,1.01,0,1,0,1,0,0,1,0,0.256,0.25,0.0543091
0.850000,125.000000,1.01,0,1,0,1,0,0,1,0,0.512,0.25,0.0636316
0.850000,125.000000,1.01,0,1,0,1,0,0,1,0,1.024,0.25,0.0803166
0.850000,125.000000,1.01,0,1,0,1,0,0,1,0,0.016,0.5, 0.0537954
0.850000,125.000000,1.01,0,1,0,1,0,0,1,0,0.032,0.5,0.0547642
0.850000,125.000000,1.01,0,1,0,1,0,0,1,0,0.064,0.5,0.0563266
0.850000,125.000000,1.01,0,1,0,1,0,0,1,0,0.128,0.5,0.0592242
0.850000,125.000000,1.01,0,1,0,1,0,0,1,0,0.256,0.5,0.0645311
0.850000,125.000000,1.01,0,1,0,1,0,0,1,0,0.512,0.5,0.0738192
0.850000,125.000000,1.01,0,1,0,1,0,0,1,0,1.024,0.5,0.0902920
0.850000,125.000000,1.01,0,1,0,1,0,0,1,0,0.016,1, 0.0699171
0.850000,125.000000,1.01,0,1,0,1,0,0,1,0,0.032,1,0.0709136
0.850000,125.000000,1.01,0,1,0,1,0,0,1,0,0.064,1,0.0725257
0.850000,125.000000,1.01,0,1,0,1,0,0,1,0,0.128,1,0.0756221
0.850000,125.000000,1.01,0,1,0,1,0,0,1,0,0.256,1,0.0812766
0.850000,125.000000,1.01,0,1,0,1,0,0,1,0,0.512,1,0.0912023
0.850000,125.000000,1.01,0,1,0,1,0,0,1,0,1.024,1,0.1084920
0.850000,125.000000,1.01,0,1,0,1,0,0,1,0,0.016,2, 0.0957310
0.850000,125.000000,1.01,0,1,0,1,0,0,1,0,0.032,2,0.0968061
0.850000,125.000000,1.01,0,1,0,1,0,0,1,0,0.064,2,0.0985246
0.850000,125.000000,1.01,0,1,0,1,0,0,1,0,0.128,2,0.1018560
0.850000,125.000000,1.01,0,1,0,1,0,0,1,0,0.256,2,0.1080234
0.850000,125.000000,1.01,0,1,0,1,0,0,1,0,0.512,2,0.1194744
0.850000,125.000000,1.01,0,1,0,1,0,0,1,0,1.024,2,0.1387339
0.850000,125.000000,1.01,0,1,0,1,0,0,1,0,0.016,4, 0.1390027
0.850000,125.000000,1.01,0,1,0,1,0,0,1,0,0.032,4,0.1401156
0.850000,125.000000,1.01,0,1,0,1,0,0,1,0,0.064,4,0.1419662
0.850000,125.000000,1.01,0,1,0,1,0,0,1,0,0.128,4,0.1456166
0.850000,125.000000,1.01,0,1,0,1,0,0,1,0,0.256,4,0.1525737
0.850000,125.000000,1.01,0,1,0,1,0,0,1,0,0.512,4,0.1653963
0.850000,125.000000,1.01,0,1,0,1,0,0,1,0,1.024,4,0.1877037
0.850000,125.000000,1.01,0,1,0,1,0,0,1,0,0.016,8, 0.2143595
0.850000,125.000000,1.01,0,1,0,1,0,0,1,0,0.032,8,0.2155361
0.850000,125.000000,1.01,0,1,0,1,0,0,1,0,0.064,8,0.2174886
0.850000,125.000000,1.01,0,1,0,1,0,0,1,0,0.128,8,0.2213695
0.850000,125.000000,1.01,0,1,0,1,0,0,1,0,0.256,8,0.2289737
0.850000,125.000000,1.01,0,1,0,1,0,0,1,0,0.512,8,0.2435213
0.850000,125.000000,1.01,0,1,0,1,0,0,1,0,1.024,8,0.2694327
0.850000,125.000000,1.01,0,1,0,1,0,0,0,1,0.016,0.1,0.0204653
0.850000,125.000000,1.01,0,1,0,1,0,0,0,1,0.032,0.1,0.0210330
0.850000,125.000000,1.01,0,1,0,1,0,0,0,1,0.064,0.1,0.0222150
0.850000,125.000000,1.01,0,1,0,1,0,0,0,1,0.128,0.1,0.0245967
0.850000,125.000000,1.01,0,1,0,1,0,0,0,1,0.256,0.1,0.0296199
0.850000,125.000000,1.01,0,1,0,1,0,0,0,1,0.512,0.1,0.0400375
0.850000,125.000000,1.01,0,1,0,1,0,0,0,1,1.024,0.1,0.0624418
0.850000,125.000000,1.01,0,1,0,1,0,0,0,1,0.016,0.25, 0.0209676
0.850000,125.000000,1.01,0,1,0,1,0,0,0,1,0.032,0.25,0.0215821
0.850000,125.000000,1.01,0,1,0,1,0,0,0,1,0.064,0.25,0.0226680
0.850000,125.000000,1.01,0,1,0,1,0,0,0,1,0.128,0.25,0.0250402
0.850000,125.000000,1.01,0,1,0,1,0,0,0,1,0.256,0.25,0.0299562
0.850000,125.000000,1.01,0,1,0,1,0,0,0,1,0.512,0.25,0.0403721
0.850000,125.000000,1.01,0,1,0,1,0,0,0,1,1.024,0.25,0.0626649
0.850000,125.000000,1.01,0,1,0,1,0,0,0,1,0.016,0.5, 0.0254083
0.850000,125.000000,1.01,0,1,0,1,0,0,0,1,0.032,0.5,0.0259619
0.850000,125.000000,1.01,0,1,0,1,0,0,0,1,0.064,0.5,0.0267674
0.850000,125.000000,1.01,0,1,0,1,0,0,0,1,0.128,0.5,0.0288470
0.850000,125.000000,1.01,0,1,0,1,0,0,0,1,0.256,0.5,0.0332122
0.850000,125.000000,1.01,0,1,0,1,0,0,0,1,0.512,0.5,0.0428675
0.850000,125.000000,1.01,0,1,0,1,0,0,0,1,1.024,0.5,0.0642231
0.850000,125.000000,1.01,0,1,0,1,0,0,0,1,0.016,1, 0.0355529
0.850000,125.000000,1.01,0,1,0,1,0,0,0,1,0.032,1,0.0359471
0.850000,125.000000,1.01,0,1,0,1,0,0,0,1,0.064,1,0.0368174
0.850000,125.000000,1.01,0,1,0,1,0,0,0,1,0.128,1,0.0386872
0.850000,125.000000,1.01,0,1,0,1,0,0,0,1,0.256,1,0.0425514
0.850000,125.000000,1.01,0,1,0,1,0,0,0,1,0.512,1,0.0512879
0.850000,125.000000,1.01,0,1,0,1,0,0,0,1,1.024,1,0.0707637
0.850000,125.000000,1.01,0,1,0,1,0,0,0,1,0.016,2, 0.0550948
0.850000,125.000000,1.01,0,1,0,1,0,0,0,1,0.032,2,0.0555839
0.850000,125.000000,1.01,0,1,0,1,0,0,0,1,0.064,2,0.0563589
0.850000,125.000000,1.01,0,1,0,1,0,0,0,1,0.128,2,0.0577331
0.850000,125.000000,1.01,0,1,0,1,0,0,0,1,0.256,2,0.0613620
0.850000,125.000000,1.01,0,1,0,1,0,0,0,1,0.512,2,0.0691445
0.850000,125.000000,1.01,0,1,0,1,0,0,0,1,1.024,2,0.0869493
0.850000,125.000000,1.01,0,1,0,1,0,0,0,1,0.016,4, 0.0900426
0.850000,125.000000,1.01,0,1,0,1,0,0,0,1,0.032,4,0.0903295
0.850000,125.000000,1.01,0,1,0,1,0,0,0,1,0.064,4,0.0908097
0.850000,125.000000,1.01,0,1,0,1,0,0,0,1,0.128,4,0.0920220
0.850000,125.000000,1.01,0,1,0,1,0,0,0,1,0.256,4,0.0959400
0.850000,125.000000,1.01,0,1,0,1,0,0,0,1,0.512,4,0.1040409
0.850000,125.000000,1.01,0,1,0,1,0,0,0,1,1.024,4,0.1209412
0.850000,125.000000,1.01,0,1,0,1,0,0,0,1,0.016,8, 0.1540845
0.850000,125.000000,1.01,0,1,0,1,0,0,0,1,0.032,8,0.1543828
0.850000,125.000000,1.01,0,1,0,1,0,0,0,1,0.064,8,0.1549171
0.850000,125.000000,1.01,0,1,0,1,0,0,0,1,0.128,8,0.1560822
0.850000,125.000000,1.01,0,1,0,1,0,0,0,1,0.256,8,0.1601133
0.850000,125.000000,1.01,0,1,0,1,0,0,0,1,0.512,8,0.1662868
0.850000,125.000000,1.01,0,1,0,1,0,0,0,1,1.024,8,0.1832864
0.750000,-40.000000,0.99,1,0,1,0,1,0,0,0,0.016,0.1,0.1801915
0.750000,-40.000000,0.99,1,0,1,0,1,0,0,0,0.032,0.1,0.1846963
0.750000,-40.000000,0.99,1,0,1,0,1,0,0,0,0.064,0.1,0.1914746
0.750000,-40.000000,0.99,1,0,1,0,1,0,0,0,0.128,0.1,0.2032513
0.750000,-40.000000,0.99,1,0,1,0,1,0,0,0,0.256,0.1,0.2229409
0.750000,-40.000000,0.99,1,0,1,0,1,0,0,0,0.512,0.1,0.2562931
0.750000,-40.000000,0.99,1,0,1,0,1,0,0,0,1.024,0.1,0.3145320
0.750000,-40.000000,0.99,1,0,1,0,1,0,0,0,0.016,0.25, 0.1876490
0.750000,-40.000000,0.99,1,0,1,0,1,0,0,0,0.032,0.25,0.1921256
0.750000,-40.000000,0.99,1,0,1,0,1,0,0,0,0.064,0.25,0.1989000
0.750000,-40.000000,0.99,1,0,1,0,1,0,0,0,0.128,0.25,0.2107222
0.750000,-40.000000,0.99,1,0,1,0,1,0,0,0,0.256,0.25,0.2305656
0.750000,-40.000000,0.99,1,0,1,0,1,0,0,0,0.512,0.25,0.2637019
0.750000,-40.000000,0.99,1,0,1,0,1,0,0,0,1.024,0.25,0.3219610
0.750000,-40.000000,0.99,1,0,1,0,1,0,0,0,0.016,0.5, 0.2026627
0.750000,-40.000000,0.99,1,0,1,0,1,0,0,0,0.032,0.5,0.2071218
0.750000,-40.000000,0.99,1,0,1,0,1,0,0,0,0.064,0.5,0.2139118
0.750000,-40.000000,0.99,1,0,1,0,1,0,0,0,0.128,0.5,0.2256828
0.750000,-40.000000,0.99,1,0,1,0,1,0,0,0,0.256,0.5,0.2455357
0.750000,-40.000000,0.99,1,0,1,0,1,0,0,0,0.512,0.5,0.2786777
0.750000,-40.000000,0.99,1,0,1,0,1,0,0,0,1.024,0.5,0.3368830
0.750000,-40.000000,0.99,1,0,1,0,1,0,0,0,0.016,1, 0.2340630
0.750000,-40.000000,0.99,1,0,1,0,1,0,0,0,0.032,1,0.2386386
0.750000,-40.000000,0.99,1,0,1,0,1,0,0,0,0.064,1,0.2452570
0.750000,-40.000000,0.99,1,0,1,0,1,0,0,0,0.128,1,0.2570677
0.750000,-40.000000,0.99,1,0,1,0,1,0,0,0,0.256,1,0.2769593
0.750000,-40.000000,0.99,1,0,1,0,1,0,0,0,0.512,1,0.3101800
0.750000,-40.000000,0.99,1,0,1,0,1,0,0,0,1.024,1,0.3683776
0.750000,-40.000000,0.99,1,0,1,0,1,0,0,0,0.016,2, 0.3009669
0.750000,-40.000000,0.99,1,0,1,0,1,0,0,0,0.032,2,0.3054560
0.750000,-40.000000,0.99,1,0,1,0,1,0,0,0,0.064,2,0.3121589
0.750000,-40.000000,0.99,1,0,1,0,1,0,0,0,0.128,2,0.3239189
0.750000,-40.000000,0.99,1,0,1,0,1,0,0,0,0.256,2,0.3436563
0.750000,-40.000000,0.99,1,0,1,0,1,0,0,0,0.512,2,0.3769613
0.750000,-40.000000,0.99,1,0,1,0,1,0,0,0,1.024,2,0.4351155
0.750000,-40.000000,0.99,1,0,1,0,1,0,0,0,0.016,4, 0.4126468
0.750000,-40.000000,0.99,1,0,1,0,1,0,0,0,0.032,4,0.4181774
0.750000,-40.000000,0.99,1,0,1,0,1,0,0,0,0.064,4,0.4260573
0.750000,-40.000000,0.99,1,0,1,0,1,0,0,0,0.128,4,0.4400212
0.750000,-40.000000,0.99,1,0,1,0,1,0,0,0,0.256,4,0.4621517
0.750000,-40.000000,0.99,1,0,1,0,1,0,0,0,0.512,4,0.4972693
0.750000,-40.000000,0.99,1,0,1,0,1,0,0,0,1.024,4,0.5563776
0.750000,-40.000000,0.99,1,0,1,0,1,0,0,0,0.016,8, 0.5674263
0.750000,-40.000000,0.99,1,0,1,0,1,0,0,0,0.032,8,0.5746609
0.750000,-40.000000,0.99,1,0,1,0,1,0,0,0,0.064,8,0.5857897
0.750000,-40.000000,0.99,1,0,1,0,1,0,0,0,0.128,8,0.6038721
0.750000,-40.000000,0.99,1,0,1,0,1,0,0,0,0.256,8,0.6314603
0.750000,-40.000000,0.99,1,0,1,0,1,0,0,0,0.512,8,0.6730184
0.750000,-40.000000,0.99,1,0,1,0,1,0,0,0,1.024,8,0.7372773
0.750000,-40.000000,0.99,1,0,1,0,0,1,0,0,0.016,0.1,0.0777406
0.750000,-40.000000,0.99,1,0,1,0,0,1,0,0,0.032,0.1,0.0816061
0.750000,-40.000000,0.99,1,0,1,0,0,1,0,0,0.064,0.1,0.0881728
0.750000,-40.000000,0.99,1,0,1,0,0,1,0,0,0.128,0.1,0.1003497
0.750000,-40.000000,0.99,1,0,1,0,0,1,0,0,0.256,0.1,0.1240409
0.750000,-40.000000,0.99,1,0,1,0,0,1,0,0,0.512,0.1,0.1710447
0.750000,-40.000000,0.99,1,0,1,0,0,1,0,0,1.024,0.1,0.2661023
0.750000,-40.000000,0.99,1,0,1,0,0,1,0,0,0.016,0.25, 0.0778470
0.750000,-40.000000,0.99,1,0,1,0,0,1,0,0,0.032,0.25,0.0816933
0.750000,-40.000000,0.99,1,0,1,0,0,1,0,0,0.064,0.25,0.0879663
0.750000,-40.000000,0.99,1,0,1,0,0,1,0,0,0.128,0.25,0.1003520
0.750000,-40.000000,0.99,1,0,1,0,0,1,0,0,0.256,0.25,0.1239229
0.750000,-40.000000,0.99,1,0,1,0,0,1,0,0,0.512,0.25,0.1707961
0.750000,-40.000000,0.99,1,0,1,0,0,1,0,0,1.024,0.25,0.2662931
0.750000,-40.000000,0.99,1,0,1,0,0,1,0,0,0.016,0.5, 0.0780413
0.750000,-40.000000,0.99,1,0,1,0,0,1,0,0,0.032,0.5,0.0818845
0.750000,-40.000000,0.99,1,0,1,0,0,1,0,0,0.064,0.5,0.0878991
0.750000,-40.000000,0.99,1,0,1,0,0,1,0,0,0.128,0.5,0.1001979
0.750000,-40.000000,0.99,1,0,1,0,0,1,0,0,0.256,0.5,0.1238449
0.750000,-40.000000,0.99,1,0,1,0,0,1,0,0,0.512,0.5,0.1704591
0.750000,-40.000000,0.99,1,0,1,0,0,1,0,0,1.024,0.5,0.2664578
0.750000,-40.000000,0.99,1,0,1,0,0,1,0,0,0.016,1, 0.0782092
0.750000,-40.000000,0.99,1,0,1,0,0,1,0,0,0.032,1,0.0818264
0.750000,-40.000000,0.99,1,0,1,0,0,1,0,0,0.064,1,0.0881733
0.750000,-40.000000,0.99,1,0,1,0,0,1,0,0,0.128,1,0.1000780
0.750000,-40.000000,0.99,1,0,1,0,0,1,0,0,0.256,1,0.1239350
0.750000,-40.000000,0.99,1,0,1,0,0,1,0,0,0.512,1,0.1705725
0.750000,-40.000000,0.99,1,0,1,0,0,1,0,0,1.024,1,0.2662882
0.750000,-40.000000,0.99,1,0,1,0,0,1,0,0,0.016,2, 0.0808664
0.750000,-40.000000,0.99,1,0,1,0,0,1,0,0,0.032,2,0.0844573
0.750000,-40.000000,0.99,1,0,1,0,0,1,0,0,0.064,2,0.0902572
0.750000,-40.000000,0.99,1,0,1,0,0,1,0,0,0.128,2,0.1021746
0.750000,-40.000000,0.99,1,0,1,0,0,1,0,0,0.256,2,0.1256746
0.750000,-40.000000,0.99,1,0,1,0,0,1,0,0,0.512,2,0.1718909
0.750000,-40.000000,0.99,1,0,1,0,0,1,0,0,1.024,2,0.2677301
0.750000,-40.000000,0.99,1,0,1,0,0,1,0,0,0.016,4, 0.1089827
0.750000,-40.000000,0.99,1,0,1,0,0,1,0,0,0.032,4,0.1118656
0.750000,-40.000000,0.99,1,0,1,0,0,1,0,0,0.064,4,0.1172622
0.750000,-40.000000,0.99,1,0,1,0,0,1,0,0,0.128,4,0.1268206
0.750000,-40.000000,0.99,1,0,1,0,0,1,0,0,0.256,4,0.1472075
0.750000,-40.000000,0.99,1,0,1,0,0,1,0,0,0.512,4,0.1888948
0.750000,-40.000000,0.99,1,0,1,0,0,1,0,0,1.024,4,0.2777977
0.750000,-40.000000,0.99,1,0,1,0,0,1,0,0,0.016,8, 0.1671638
0.750000,-40.000000,0.99,1,0,1,0,0,1,0,0,0.032,8,0.1700154
0.750000,-40.000000,0.99,1,0,1,0,0,1,0,0,0.064,8,0.1754672
0.750000,-40.000000,0.99,1,0,1,0,0,1,0,0,0.128,8,0.1824815
0.750000,-40.000000,0.99,1,0,1,0,0,1,0,0,0.256,8,0.1987237
0.750000,-40.000000,0.99,1,0,1,0,0,1,0,0,0.512,8,0.2339889
0.750000,-40.000000,0.99,1,0,1,0,0,1,0,0,1.024,8,0.3140243
0.750000,-40.000000,0.99,1,0,1,0,0,0,1,0,0.016,0.1,0.2825742
0.750000,-40.000000,0.99,1,0,1,0,0,0,1,0,0.032,0.1,0.2895062
0.750000,-40.000000,0.99,1,0,1,0,0,0,1,0,0.064,0.1,0.2998143
0.750000,-40.000000,0.99,1,0,1,0,0,0,1,0,0.128,0.1,0.3168757
0.750000,-40.000000,0.99,1,0,1,0,0,0,1,0,0.256,0.1,0.3440936
0.750000,-40.000000,0.99,1,0,1,0,0,0,1,0,0.512,0.1,0.3850537
0.750000,-40.000000,0.99,1,0,1,0,0,0,1,0,1.024,0.1,0.4476353
0.750000,-40.000000,0.99,1,0,1,0,0,0,1,0,0.016,0.25, 0.2906277
0.750000,-40.000000,0.99,1,0,1,0,0,0,1,0,0.032,0.25,0.2975906
0.750000,-40.000000,0.99,1,0,1,0,0,0,1,0,0.064,0.25,0.3078021
0.750000,-40.000000,0.99,1,0,1,0,0,0,1,0,0.128,0.25,0.3250537
0.750000,-40.000000,0.99,1,0,1,0,0,0,1,0,0.256,0.25,0.3520751
0.750000,-40.000000,0.99,1,0,1,0,0,0,1,0,0.512,0.25,0.3932974
0.750000,-40.000000,0.99,1,0,1,0,0,0,1,0,1.024,0.25,0.4558103
0.750000,-40.000000,0.99,1,0,1,0,0,0,1,0,0.016,0.5, 0.3067523
0.750000,-40.000000,0.99,1,0,1,0,0,0,1,0,0.032,0.5,0.3137078
0.750000,-40.000000,0.99,1,0,1,0,0,0,1,0,0.064,0.5,0.3239345
0.750000,-40.000000,0.99,1,0,1,0,0,0,1,0,0.128,0.5,0.3411438
0.750000,-40.000000,0.99,1,0,1,0,0,0,1,0,0.256,0.5,0.3681425
0.750000,-40.000000,0.99,1,0,1,0,0,0,1,0,0.512,0.5,0.4094438
0.750000,-40.000000,0.99,1,0,1,0,0,0,1,0,1.024,0.5,0.4719045
0.750000,-40.000000,0.99,1,0,1,0,0,0,1,0,0.016,1, 0.3401084
0.750000,-40.000000,0.99,1,0,1,0,0,0,1,0,0.032,1,0.3470536
0.750000,-40.000000,0.99,1,0,1,0,0,0,1,0,0.064,1,0.3572211
0.750000,-40.000000,0.99,1,0,1,0,0,0,1,0,0.128,1,0.3743859
0.750000,-40.000000,0.99,1,0,1,0,0,0,1,0,0.256,1,0.4012955
0.750000,-40.000000,0.99,1,0,1,0,0,0,1,0,0.512,1,0.4426506
0.750000,-40.000000,0.99,1,0,1,0,0,0,1,0,1.024,1,0.5051129
0.750000,-40.000000,0.99,1,0,1,0,0,0,1,0,0.016,2, 0.4105458
0.750000,-40.000000,0.99,1,0,1,0,0,0,1,0,0.032,2,0.4173504
0.750000,-40.000000,0.99,1,0,1,0,0,0,1,0,0.064,2,0.4275685
0.750000,-40.000000,0.99,1,0,1,0,0,0,1,0,0.128,2,0.4444362
0.750000,-40.000000,0.99,1,0,1,0,0,0,1,0,0.256,2,0.4715193
0.750000,-40.000000,0.99,1,0,1,0,0,0,1,0,0.512,2,0.5129687
0.750000,-40.000000,0.99,1,0,1,0,0,0,1,0,1.024,2,0.5757268
0.750000,-40.000000,0.99,1,0,1,0,0,0,1,0,0.016,4, 0.5627836
0.750000,-40.000000,0.99,1,0,1,0,0,0,1,0,0.032,4,0.5698702
0.750000,-40.000000,0.99,1,0,1,0,0,0,1,0,0.064,4,0.5802799
0.750000,-40.000000,0.99,1,0,1,0,0,0,1,0,0.128,4,0.5976519
0.750000,-40.000000,0.99,1,0,1,0,0,0,1,0,0.256,4,0.6250135
0.750000,-40.000000,0.99,1,0,1,0,0,0,1,0,0.512,4,0.6667380
0.750000,-40.000000,0.99,1,0,1,0,0,0,1,0,1.024,4,0.7296172
0.750000,-40.000000,0.99,1,0,1,0,0,0,1,0,0.016,8, 0.8349608
0.750000,-40.000000,0.99,1,0,1,0,0,0,1,0,0.032,8,0.8457856
0.750000,-40.000000,0.99,1,0,1,0,0,0,1,0,0.064,8,0.8600040
0.750000,-40.000000,0.99,1,0,1,0,0,0,1,0,0.128,8,0.8855719
0.750000,-40.000000,0.99,1,0,1,0,0,0,1,0,0.256,8,0.9223729
0.750000,-40.000000,0.99,1,0,1,0,0,0,1,0,0.512,8,0.9756653
0.750000,-40.000000,0.99,1,0,1,0,0,0,1,0,1.024,8,1.0506032
0.750000,-40.000000,0.99,1,0,1,0,0,0,0,1,0.016,0.1,0.1199682
0.750000,-40.000000,0.99,1,0,1,0,0,0,0,1,0.032,0.1,0.1242035
0.750000,-40.000000,0.99,1,0,1,0,0,0,0,1,0.064,0.1,0.1297083
0.750000,-40.000000,0.99,1,0,1,0,0,0,0,1,0.128,0.1,0.1415408
0.750000,-40.000000,0.99,1,0,1,0,0,0,0,1,0.256,0.1,0.1622708
0.750000,-40.000000,0.99,1,0,1,0,0,0,0,1,0.512,0.1,0.1975147
0.750000,-40.000000,0.99,1,0,1,0,0,0,0,1,1.024,0.1,0.2515692
0.750000,-40.000000,0.99,1,0,1,0,0,0,0,1,0.016,0.25, 0.1194156
0.750000,-40.000000,0.99,1,0,1,0,0,0,0,1,0.032,0.25,0.1238232
0.750000,-40.000000,0.99,1,0,1,0,0,0,0,1,0.064,0.25,0.1305396
0.750000,-40.000000,0.99,1,0,1,0,0,0,0,1,0.128,0.25,0.1418710
0.750000,-40.000000,0.99,1,0,1,0,0,0,0,1,0.256,0.25,0.1625929
0.750000,-40.000000,0.99,1,0,1,0,0,0,0,1,0.512,0.25,0.1974048
0.750000,-40.000000,0.99,1,0,1,0,0,0,0,1,1.024,0.25,0.2514061
0.750000,-40.000000,0.99,1,0,1,0,0,0,0,1,0.016,0.5, 0.1195892
0.750000,-40.000000,0.99,1,0,1,0,0,0,0,1,0.032,0.5,0.1239503
0.750000,-40.000000,0.99,1,0,1,0,0,0,0,1,0.064,0.5,0.1307154
0.750000,-40.000000,0.99,1,0,1,0,0,0,0,1,0.128,0.5,0.1414363
0.750000,-40.000000,0.99,1,0,1,0,0,0,0,1,0.256,0.5,0.1622354
0.750000,-40.000000,0.99,1,0,1,0,0,0,0,1,0.512,0.5,0.1975080
0.750000,-40.000000,0.99,1,0,1,0,0,0,0,1,1.024,0.5,0.2514301
0.750000,-40.000000,0.99,1,0,1,0,0,0,0,1,0.016,1, 0.1199329
0.750000,-40.000000,0.99,1,0,1,0,0,0,0,1,0.032,1,0.1242062
0.750000,-40.000000,0.99,1,0,1,0,0,0,0,1,0.064,1,0.1306107
0.750000,-40.000000,0.99,1,0,1,0,0,0,0,1,0.128,1,0.1417045
0.750000,-40.000000,0.99,1,0,1,0,0,0,0,1,0.256,1,0.1626187
0.750000,-40.000000,0.99,1,0,1,0,0,0,0,1,0.512,1,0.1975324
0.750000,-40.000000,0.99,1,0,1,0,0,0,0,1,1.024,1,0.2515258
0.750000,-40.000000,0.99,1,0,1,0,0,0,0,1,0.016,2, 0.1199005
0.750000,-40.000000,0.99,1,0,1,0,0,0,0,1,0.032,2,0.1238831
0.750000,-40.000000,0.99,1,0,1,0,0,0,0,1,0.064,2,0.1305372
0.750000,-40.000000,0.99,1,0,1,0,0,0,0,1,0.128,2,0.1422066
0.750000,-40.000000,0.99,1,0,1,0,0,0,0,1,0.256,2,0.1631545
0.750000,-40.000000,0.99,1,0,1,0,0,0,0,1,0.512,2,0.1981787
0.750000,-40.000000,0.99,1,0,1,0,0,0,0,1,1.024,2,0.2521161
0.750000,-40.000000,0.99,1,0,1,0,0,0,0,1,0.016,4, 0.1319940
0.750000,-40.000000,0.99,1,0,1,0,0,0,0,1,0.032,4,0.1353330
0.750000,-40.000000,0.99,1,0,1,0,0,0,0,1,0.064,4,0.1407218
0.750000,-40.000000,0.99,1,0,1,0,0,0,0,1,0.128,4,0.1508460
0.750000,-40.000000,0.99,1,0,1,0,0,0,0,1,0.256,4,0.1691787
0.750000,-40.000000,0.99,1,0,1,0,0,0,0,1,0.512,4,0.2023148
0.750000,-40.000000,0.99,1,0,1,0,0,0,0,1,1.024,4,0.2553684
0.750000,-40.000000,0.99,1,0,1,0,0,0,0,1,0.016,8, 0.2018861
0.750000,-40.000000,0.99,1,0,1,0,0,0,0,1,0.032,8,0.2052763
0.750000,-40.000000,0.99,1,0,1,0,0,0,0,1,0.064,8,0.2129728
0.750000,-40.000000,0.99,1,0,1,0,0,0,0,1,0.128,8,0.2225820
0.750000,-40.000000,0.99,1,0,1,0,0,0,0,1,0.256,8,0.2384390
0.750000,-40.000000,0.99,1,0,1,0,0,0,0,1,0.512,8,0.2654902
0.750000,-40.000000,0.99,1,0,1,0,0,0,0,1,1.024,8,0.3074935
0.750000,-40.000000,0.99,0,1,0,1,1,0,0,0,0.016,0.1,0.1800221
0.750000,-40.000000,0.99,0,1,0,1,1,0,0,0,0.032,0.1,0.1844578
0.750000,-40.000000,0.99,0,1,0,1,1,0,0,0,0.064,0.1,0.1912133
0.750000,-40.000000,0.99,0,1,0,1,1,0,0,0,0.128,0.1,0.2029507
0.750000,-40.000000,0.99,0,1,0,1,1,0,0,0,0.256,0.1,0.2227721
0.750000,-40.000000,0.99,0,1,0,1,1,0,0,0,0.512,0.1,0.2562474
0.750000,-40.000000,0.99,0,1,0,1,1,0,0,0,1.024,0.1,0.3143930
0.750000,-40.000000,0.99,0,1,0,1,1,0,0,0,0.016,0.25, 0.1898217
0.750000,-40.000000,0.99,0,1,0,1,1,0,0,0,0.032,0.25,0.1942788
0.750000,-40.000000,0.99,0,1,0,1,1,0,0,0,0.064,0.25,0.2009901
0.750000,-40.000000,0.99,0,1,0,1,1,0,0,0,0.128,0.25,0.2128911
0.750000,-40.000000,0.99,0,1,0,1,1,0,0,0,0.256,0.25,0.2329236
0.750000,-40.000000,0.99,0,1,0,1,1,0,0,0,0.512,0.25,0.2660149
0.750000,-40.000000,0.99,0,1,0,1,1,0,0,0,1.024,0.25,0.3247735
0.750000,-40.000000,0.99,0,1,0,1,1,0,0,0,0.016,0.5, 0.2092688
0.750000,-40.000000,0.99,0,1,0,1,1,0,0,0,0.032,0.5,0.2137395
0.750000,-40.000000,0.99,0,1,0,1,1,0,0,0,0.064,0.5,0.2204490
0.750000,-40.000000,0.99,0,1,0,1,1,0,0,0,0.128,0.5,0.2322782
0.750000,-40.000000,0.99,0,1,0,1,1,0,0,0,0.256,0.5,0.2524075
0.750000,-40.000000,0.99,0,1,0,1,1,0,0,0,0.512,0.5,0.2855766
0.750000,-40.000000,0.99,0,1,0,1,1,0,0,0,1.024,0.5,0.3442368
0.750000,-40.000000,0.99,0,1,0,1,1,0,0,0,0.016,1, 0.2476586
0.750000,-40.000000,0.99,0,1,0,1,1,0,0,0,0.032,1,0.2520862
0.750000,-40.000000,0.99,0,1,0,1,1,0,0,0,0.064,1,0.2588048
0.750000,-40.000000,0.99,0,1,0,1,1,0,0,0,0.128,1,0.2706570
0.750000,-40.000000,0.99,0,1,0,1,1,0,0,0,0.256,1,0.2905158
0.750000,-40.000000,0.99,0,1,0,1,1,0,0,0,0.512,1,0.3238999
0.750000,-40.000000,0.99,0,1,0,1,1,0,0,0,1.024,1,0.3824175
0.750000,-40.000000,0.99,0,1,0,1,1,0,0,0,0.016,2, 0.3224701
0.750000,-40.000000,0.99,0,1,0,1,1,0,0,0,0.032,2,0.3268076
0.750000,-40.000000,0.99,0,1,0,1,1,0,0,0,0.064,2,0.3336730
0.750000,-40.000000,0.99,0,1,0,1,1,0,0,0,0.128,2,0.3453292
0.750000,-40.000000,0.99,0,1,0,1,1,0,0,0,0.256,2,0.3650865
0.750000,-40.000000,0.99,0,1,0,1,1,0,0,0,0.512,2,0.3988521
0.750000,-40.000000,0.99,0,1,0,1,1,0,0,0,1.024,2,0.4568701
0.750000,-40.000000,0.99,0,1,0,1,1,0,0,0,0.016,4, 0.4542149
0.750000,-40.000000,0.99,0,1,0,1,1,0,0,0,0.032,4,0.4591672
0.750000,-40.000000,0.99,0,1,0,1,1,0,0,0,0.064,4,0.4664741
0.750000,-40.000000,0.99,0,1,0,1,1,0,0,0,0.128,4,0.4792397
0.750000,-40.000000,0.99,0,1,0,1,1,0,0,0,0.256,4,0.5006447
0.750000,-40.000000,0.99,0,1,0,1,1,0,0,0,0.512,4,0.5352487
0.750000,-40.000000,0.99,0,1,0,1,1,0,0,0,1.024,4,0.5939835
0.750000,-40.000000,0.99,0,1,0,1,1,0,0,0,0.016,8, 0.6552245
0.750000,-40.000000,0.99,0,1,0,1,1,0,0,0,0.032,8,0.6613394
0.750000,-40.000000,0.99,0,1,0,1,1,0,0,0,0.064,8,0.6701959
0.750000,-40.000000,0.99,0,1,0,1,1,0,0,0,0.128,8,0.6854805
0.750000,-40.000000,0.99,0,1,0,1,1,0,0,0,0.256,8,0.7096337
0.750000,-40.000000,0.99,0,1,0,1,1,0,0,0,0.512,8,0.7485642
0.750000,-40.000000,0.99,0,1,0,1,1,0,0,0,1.024,8,0.8116011
0.750000,-40.000000,0.99,0,1,0,1,0,1,0,0,0.016,0.1,0.0776631
0.750000,-40.000000,0.99,0,1,0,1,0,1,0,0,0.032,0.1,0.0813583
0.750000,-40.000000,0.99,0,1,0,1,0,1,0,0,0.064,0.1,0.0876996
0.750000,-40.000000,0.99,0,1,0,1,0,1,0,0,0.128,0.1,0.1003781
0.750000,-40.000000,0.99,0,1,0,1,0,1,0,0,0.256,0.1,0.1239100
0.750000,-40.000000,0.99,0,1,0,1,0,1,0,0,0.512,0.1,0.1703763
0.750000,-40.000000,0.99,0,1,0,1,0,1,0,0,1.024,0.1,0.2668307
0.750000,-40.000000,0.99,0,1,0,1,0,1,0,0,0.016,0.25, 0.0778273
0.750000,-40.000000,0.99,0,1,0,1,0,1,0,0,0.032,0.25,0.0818829
0.750000,-40.000000,0.99,0,1,0,1,0,1,0,0,0.064,0.25,0.0883171
0.750000,-40.000000,0.99,0,1,0,1,0,1,0,0,0.128,0.25,0.1003364
0.750000,-40.000000,0.99,0,1,0,1,0,1,0,0,0.256,0.25,0.1236369
0.750000,-40.000000,0.99,0,1,0,1,0,1,0,0,0.512,0.25,0.1706334
0.750000,-40.000000,0.99,0,1,0,1,0,1,0,0,1.024,0.25,0.2664760
0.750000,-40.000000,0.99,0,1,0,1,0,1,0,0,0.016,0.5, 0.0776332
0.750000,-40.000000,0.99,0,1,0,1,0,1,0,0,0.032,0.5,0.0816527
0.750000,-40.000000,0.99,0,1,0,1,0,1,0,0,0.064,0.5,0.0883187
0.750000,-40.000000,0.99,0,1,0,1,0,1,0,0,0.128,0.5,0.1004516
0.750000,-40.000000,0.99,0,1,0,1,0,1,0,0,0.256,0.5,0.1234586
0.750000,-40.000000,0.99,0,1,0,1,0,1,0,0,0.512,0.5,0.1698915
0.750000,-40.000000,0.99,0,1,0,1,0,1,0,0,1.024,0.5,0.2664450
0.750000,-40.000000,0.99,0,1,0,1,0,1,0,0,0.016,1, 0.0779657
0.750000,-40.000000,0.99,0,1,0,1,0,1,0,0,0.032,1,0.0817370
0.750000,-40.000000,0.99,0,1,0,1,0,1,0,0,0.064,1,0.0880897
0.750000,-40.000000,0.99,0,1,0,1,0,1,0,0,0.128,1,0.1000318
0.750000,-40.000000,0.99,0,1,0,1,0,1,0,0,0.256,1,0.1240359
0.750000,-40.000000,0.99,0,1,0,1,0,1,0,0,0.512,1,0.1702529
0.750000,-40.000000,0.99,0,1,0,1,0,1,0,0,1.024,1,0.2669951
0.750000,-40.000000,0.99,0,1,0,1,0,1,0,0,0.016,2, 0.0786084
0.750000,-40.000000,0.99,0,1,0,1,0,1,0,0,0.032,2,0.0825573
0.750000,-40.000000,0.99,0,1,0,1,0,1,0,0,0.064,2,0.0887870
0.750000,-40.000000,0.99,0,1,0,1,0,1,0,0,0.128,2,0.1009999
0.750000,-40.000000,0.99,0,1,0,1,0,1,0,0,0.256,2,0.1245601
0.750000,-40.000000,0.99,0,1,0,1,0,1,0,0,0.512,2,0.1711081
0.750000,-40.000000,0.99,0,1,0,1,0,1,0,0,1.024,2,0.2673930
0.750000,-40.000000,0.99,0,1,0,1,0,1,0,0,0.016,4, 0.0930764
0.750000,-40.000000,0.99,0,1,0,1,0,1,0,0,0.032,4,0.0967593
0.750000,-40.000000,0.99,0,1,0,1,0,1,0,0,0.064,4,0.1023871
0.750000,-40.000000,0.99,0,1,0,1,0,1,0,0,0.128,4,0.1133775
0.750000,-40.000000,0.99,0,1,0,1,0,1,0,0,0.256,4,0.1353134
0.750000,-40.000000,0.99,0,1,0,1,0,1,0,0,0.512,4,0.1795890
0.750000,-40.000000,0.99,0,1,0,1,0,1,0,0,1.024,4,0.2729109
0.750000,-40.000000,0.99,0,1,0,1,0,1,0,0,0.016,8, 0.1264172
0.750000,-40.000000,0.99,0,1,0,1,0,1,0,0,0.032,8,0.1297199
0.750000,-40.000000,0.99,0,1,0,1,0,1,0,0,0.064,8,0.1348555
0.750000,-40.000000,0.99,0,1,0,1,0,1,0,0,0.128,8,0.1454469
0.750000,-40.000000,0.99,0,1,0,1,0,1,0,0,0.256,8,0.1664177
0.750000,-40.000000,0.99,0,1,0,1,0,1,0,0,0.512,8,0.2076997
0.750000,-40.000000,0.99,0,1,0,1,0,1,0,0,1.024,8,0.2945680
0.750000,-40.000000,0.99,0,1,0,1,0,0,1,0,0.016,0.1,0.3108790
0.750000,-40.000000,0.99,0,1,0,1,0,0,1,0,0.032,0.1,0.3180909
0.750000,-40.000000,0.99,0,1,0,1,0,0,1,0,0.064,0.1,0.3286076
0.750000,-40.000000,0.99,0,1,0,1,0,0,1,0,0.128,0.1,0.3460509
0.750000,-40.000000,0.99,0,1,0,1,0,0,1,0,0.256,0.1,0.3724973
0.750000,-40.000000,0.99,0,1,0,1,0,0,1,0,0.512,0.1,0.4109811
0.750000,-40.000000,0.99,0,1,0,1,0,0,1,0,1.024,0.1,0.4657305
0.750000,-40.000000,0.99,0,1,0,1,0,0,1,0,0.016,0.25, 0.3230316
0.750000,-40.000000,0.99,0,1,0,1,0,0,1,0,0.032,0.25,0.3301638
0.750000,-40.000000,0.99,0,1,0,1,0,0,1,0,0.064,0.25,0.3408564
0.750000,-40.000000,0.99,0,1,0,1,0,0,1,0,0.128,0.25,0.3581397
0.750000,-40.000000,0.99,0,1,0,1,0,0,1,0,0.256,0.25,0.3846834
0.750000,-40.000000,0.99,0,1,0,1,0,0,1,0,0.512,0.25,0.4230225
0.750000,-40.000000,0.99,0,1,0,1,0,0,1,0,1.024,0.25,0.4780849
0.750000,-40.000000,0.99,0,1,0,1,0,0,1,0,0.016,0.5, 0.3480359
0.750000,-40.000000,0.99,0,1,0,1,0,0,1,0,0.032,0.5,0.3552430
0.750000,-40.000000,0.99,0,1,0,1,0,0,1,0,0.064,0.5,0.3657663
0.750000,-40.000000,0.99,0,1,0,1,0,0,1,0,0.128,0.5,0.3832140
0.750000,-40.000000,0.99,0,1,0,1,0,0,1,0,0.256,0.5,0.4097247
0.750000,-40.000000,0.99,0,1,0,1,0,0,1,0,0.512,0.5,0.4481726
0.750000,-40.000000,0.99,0,1,0,1,0,0,1,0,1.024,0.5,0.5029147
0.750000,-40.000000,0.99,0,1,0,1,0,0,1,0,0.016,1, 0.3987916
0.750000,-40.000000,0.99,0,1,0,1,0,0,1,0,0.032,1,0.4061255
0.750000,-40.000000,0.99,0,1,0,1,0,0,1,0,0.064,1,0.4165112
0.750000,-40.000000,0.99,0,1,0,1,0,0,1,0,0.128,1,0.4339989
0.750000,-40.000000,0.99,0,1,0,1,0,0,1,0,0.256,1,0.4605686
0.750000,-40.000000,0.99,0,1,0,1,0,0,1,0,0.512,1,0.4989436
0.750000,-40.000000,0.99,0,1,0,1,0,0,1,0,1.024,1,0.5541409
0.750000,-40.000000,0.99,0,1,0,1,0,0,1,0,0.016,2, 0.5009467
0.750000,-40.000000,0.99,0,1,0,1,0,0,1,0,0.032,2,0.5081904
0.750000,-40.000000,0.99,0,1,0,1,0,0,1,0,0.064,2,0.5187413
0.750000,-40.000000,0.99,0,1,0,1,0,0,1,0,0.128,2,0.5360200
0.750000,-40.000000,0.99,0,1,0,1,0,0,1,0,0.256,2,0.5625470
0.750000,-40.000000,0.99,0,1,0,1,0,0,1,0,0.512,2,0.6010821
0.750000,-40.000000,0.99,0,1,0,1,0,0,1,0,1.024,2,0.6562485
0.750000,-40.000000,0.99,0,1,0,1,0,0,1,0,0.016,4, 0.7046456
0.750000,-40.000000,0.99,0,1,0,1,0,0,1,0,0.032,4,0.7118430
0.750000,-40.000000,0.99,0,1,0,1,0,0,1,0,0.064,4,0.7222652
0.750000,-40.000000,0.99,0,1,0,1,0,0,1,0,0.128,4,0.7396199
0.750000,-40.000000,0.99,0,1,0,1,0,0,1,0,0.256,4,0.7659470
0.750000,-40.000000,0.99,0,1,0,1,0,0,1,0,0.512,4,0.8042352
0.750000,-40.000000,0.99,0,1,0,1,0,0,1,0,1.024,4,0.8592563
0.750000,-40.000000,0.99,0,1,0,1,0,0,1,0,0.016,8, 1.1065480
0.750000,-40.000000,0.99,0,1,0,1,0,0,1,0,0.032,8,1.1140902
0.750000,-40.000000,0.99,0,1,0,1,0,0,1,0,0.064,8,1.1249038
0.750000,-40.000000,0.99,0,1,0,1,0,0,1,0,0.128,8,1.1426782
0.750000,-40.000000,0.99,0,1,0,1,0,0,1,0,0.256,8,1.1696812
0.750000,-40.000000,0.99,0,1,0,1,0,0,1,0,0.512,8,1.2086040
0.750000,-40.000000,0.99,0,1,0,1,0,0,1,0,1.024,8,1.2642454
0.750000,-40.000000,0.99,0,1,0,1,0,0,0,1,0.016,0.1,0.1260495
0.750000,-40.000000,0.99,0,1,0,1,0,0,0,1,0.032,0.1,0.1297540
0.750000,-40.000000,0.99,0,1,0,1,0,0,0,1,0.064,0.1,0.1361735
0.750000,-40.000000,0.99,0,1,0,1,0,0,0,1,0.128,0.1,0.1443022
0.750000,-40.000000,0.99,0,1,0,1,0,0,0,1,0.256,0.1,0.1590164
0.750000,-40.000000,0.99,0,1,0,1,0,0,0,1,0.512,0.1,0.1844416
0.750000,-40.000000,0.99,0,1,0,1,0,0,0,1,1.024,0.1,0.2305371
0.750000,-40.000000,0.99,0,1,0,1,0,0,0,1,0.016,0.25, 0.1272371
0.750000,-40.000000,0.99,0,1,0,1,0,0,0,1,0.032,0.25,0.1304135
0.750000,-40.000000,0.99,0,1,0,1,0,0,0,1,0.064,0.25,0.1350068
0.750000,-40.000000,0.99,0,1,0,1,0,0,0,1,0.128,0.25,0.1441005
0.750000,-40.000000,0.99,0,1,0,1,0,0,0,1,0.256,0.25,0.1589908
0.750000,-40.000000,0.99,0,1,0,1,0,0,0,1,0.512,0.25,0.1845856
0.750000,-40.000000,0.99,0,1,0,1,0,0,0,1,1.024,0.25,0.2304297
0.750000,-40.000000,0.99,0,1,0,1,0,0,0,1,0.016,0.5, 0.1259329
0.750000,-40.000000,0.99,0,1,0,1,0,0,0,1,0.032,0.5,0.1296079
0.750000,-40.000000,0.99,0,1,0,1,0,0,0,1,0.064,0.5,0.1359161
0.750000,-40.000000,0.99,0,1,0,1,0,0,0,1,0.128,0.5,0.1442925
0.750000,-40.000000,0.99,0,1,0,1,0,0,0,1,0.256,0.5,0.1592653
0.750000,-40.000000,0.99,0,1,0,1,0,0,0,1,0.512,0.5,0.1840676
0.750000,-40.000000,0.99,0,1,0,1,0,0,0,1,1.024,0.5,0.2301999
0.750000,-40.000000,0.99,0,1,0,1,0,0,0,1,0.016,1, 0.1270258
0.750000,-40.000000,0.99,0,1,0,1,0,0,0,1,0.032,1,0.1296987
0.750000,-40.000000,0.99,0,1,0,1,0,0,0,1,0.064,1,0.1350884
0.750000,-40.000000,0.99,0,1,0,1,0,0,0,1,0.128,1,0.1437901
0.750000,-40.000000,0.99,0,1,0,1,0,0,0,1,0.256,1,0.1593172
0.750000,-40.000000,0.99,0,1,0,1,0,0,0,1,0.512,1,0.1843382
0.750000,-40.000000,0.99,0,1,0,1,0,0,0,1,1.024,1,0.2302122
0.750000,-40.000000,0.99,0,1,0,1,0,0,0,1,0.016,2, 0.1256124
0.750000,-40.000000,0.99,0,1,0,1,0,0,0,1,0.032,2,0.1291972
0.750000,-40.000000,0.99,0,1,0,1,0,0,0,1,0.064,2,0.1346329
0.750000,-40.000000,0.99,0,1,0,1,0,0,0,1,0.128,2,0.1436340
0.750000,-40.000000,0.99,0,1,0,1,0,0,0,1,0.256,2,0.1595297
0.750000,-40.000000,0.99,0,1,0,1,0,0,0,1,0.512,2,0.1845667
0.750000,-40.000000,0.99,0,1,0,1,0,0,0,1,1.024,2,0.2303239
0.750000,-40.000000,0.99,0,1,0,1,0,0,0,1,0.016,4, 0.1273051
0.750000,-40.000000,0.99,0,1,0,1,0,0,0,1,0.032,4,0.1305062
0.750000,-40.000000,0.99,0,1,0,1,0,0,0,1,0.064,4,0.1356358
0.750000,-40.000000,0.99,0,1,0,1,0,0,0,1,0.128,4,0.1442304
0.750000,-40.000000,0.99,0,1,0,1,0,0,0,1,0.256,4,0.1602712
0.750000,-40.000000,0.99,0,1,0,1,0,0,0,1,0.512,4,0.1841664
0.750000,-40.000000,0.99,0,1,0,1,0,0,0,1,1.024,4,0.2309259
0.750000,-40.000000,0.99,0,1,0,1,0,0,0,1,0.016,8, 0.1434580
0.750000,-40.000000,0.99,0,1,0,1,0,0,0,1,0.032,8,0.1461673
0.750000,-40.000000,0.99,0,1,0,1,0,0,0,1,0.064,8,0.1498764
0.750000,-40.000000,0.99,0,1,0,1,0,0,0,1,0.128,8,0.1564614
0.750000,-40.000000,0.99,0,1,0,1,0,0,0,1,0.256,8,0.1688312
0.750000,-40.000000,0.99,0,1,0,1,0,0,0,1,0.512,8,0.1910287
0.750000,-40.000000,0.99,0,1,0,1,0,0,0,1,1.024,8,0.2341778
