nom_voltage,nom_temperature,nom_process,related_pin A1,related_pin A2,related_pin A3,timing_type combinational,timing_sense negative_unate,cell_rise,rise_transition,cell_fall,fall_transition,output_load,input_slope,value
0.850000,125.000000,1.01,1,0,0,1,1,1,0,0,0,0.016,0.1,0.0485674
0.850000,125.000000,1.01,1,0,0,1,1,1,0,0,0,0.032,0.1,0.0495442
0.850000,125.000000,1.01,1,0,0,1,1,1,0,0,0,0.064,0.1,0.0507302
0.850000,125.000000,1.01,1,0,0,1,1,1,0,0,0,0.128,0.1,0.0528947
0.850000,125.000000,1.01,1,0,0,1,1,1,0,0,0,0.256,0.1,0.0568498
0.850000,125.000000,1.01,1,0,0,1,1,1,0,0,0,0.512,0.1,0.0640038
0.850000,125.000000,1.01,1,0,0,1,1,1,0,0,0,1.024,0.1,0.0772099
0.850000,125.000000,1.01,1,0,0,1,1,1,0,0,0,0.016,0.5, 0.0520088
0.850000,125.000000,1.01,1,0,0,1,1,1,0,0,0,0.032,0.5,0.0529796
0.850000,125.000000,1.01,1,0,0,1,1,1,0,0,0,0.064,0.5,0.0541433
0.850000,125.000000,1.01,1,0,0,1,1,1,0,0,0,0.128,0.5,0.0563131
0.850000,125.000000,1.01,1,0,0,1,1,1,0,0,0,0.256,0.5,0.0602479
0.850000,125.000000,1.01,1,0,0,1,1,1,0,0,0,0.512,0.5,0.0673953
0.850000,125.000000,1.01,1,0,0,1,1,1,0,0,0,1.024,0.5,0.0806530
0.850000,125.000000,1.01,1,0,0,1,1,1,0,0,0,0.016,1, 0.0571079
0.850000,125.000000,1.01,1,0,0,1,1,1,0,0,0,0.032,1,0.0580786
0.850000,125.000000,1.01,1,0,0,1,1,1,0,0,0,0.064,1,0.0592481
0.850000,125.000000,1.01,1,0,0,1,1,1,0,0,0,0.128,1,0.0614422
0.850000,125.000000,1.01,1,0,0,1,1,1,0,0,0,0.256,1,0.0653411
0.850000,125.000000,1.01,1,0,0,1,1,1,0,0,0,0.512,1,0.0724238
0.850000,125.000000,1.01,1,0,0,1,1,1,0,0,0,1.024,1,0.0855984
0.850000,125.000000,1.01,1,0,0,1,1,1,0,0,0,0.016,2, 0.0633072
0.850000,125.000000,1.01,1,0,0,1,1,1,0,0,0,0.032,2,0.0643243
0.850000,125.000000,1.01,1,0,0,1,1,1,0,0,0,0.064,2,0.0655277
0.850000,125.000000,1.01,1,0,0,1,1,1,0,0,0,0.128,2,0.0678189
0.850000,125.000000,1.01,1,0,0,1,1,1,0,0,0,0.256,2,0.0717928
0.850000,125.000000,1.01,1,0,0,1,1,1,0,0,0,0.512,2,0.0789228
0.850000,125.000000,1.01,1,0,0,1,1,1,0,0,0,1.024,2,0.0921610
0.850000,125.000000,1.01,1,0,0,1,1,1,0,0,0,0.016,4, 0.0691670
0.850000,125.000000,1.01,1,0,0,1,1,1,0,0,0,0.032,4,0.0702631
0.850000,125.000000,1.01,1,0,0,1,1,1,0,0,0,0.064,4,0.0715625
0.850000,125.000000,1.01,1,0,0,1,1,1,0,0,0,0.128,4,0.0740694
0.850000,125.000000,1.01,1,0,0,1,1,1,0,0,0,0.256,4,0.0783872
0.850000,125.000000,1.01,1,0,0,1,1,1,0,0,0,0.512,4,0.0859046
0.850000,125.000000,1.01,1,0,0,1,1,1,0,0,0,1.024,4,0.0994504
0.850000,125.000000,1.01,1,0,0,1,1,1,0,0,0,0.016,8, 0.0718223
0.850000,125.000000,1.01,1,0,0,1,1,1,0,0,0,0.032,8,0.0730123
0.850000,125.000000,1.01,1,0,0,1,1,1,0,0,0,0.064,8,0.0744431
0.850000,125.000000,1.01,1,0,0,1,1,1,0,0,0,0.128,8,0.0773580
0.850000,125.000000,1.01,1,0,0,1,1,1,0,0,0,0.256,8,0.0822515
0.850000,125.000000,1.01,1,0,0,1,1,1,0,0,0,0.512,8,0.0906882
0.850000,125.000000,1.01,1,0,0,1,1,1,0,0,0,1.024,8,0.1053383
0.850000,125.000000,1.01,1,0,0,1,1,1,0,0,0,0.016,16, 0.0659730
0.850000,125.000000,1.01,1,0,0,1,1,1,0,0,0,0.032,16,0.0672966
0.850000,125.000000,1.01,1,0,0,1,1,1,0,0,0,0.064,16,0.0688844
0.850000,125.000000,1.01,1,0,0,1,1,1,0,0,0,0.128,16,0.0719164
0.850000,125.000000,1.01,1,0,0,1,1,1,0,0,0,0.256,16,0.0775245
0.850000,125.000000,1.01,1,0,0,1,1,1,0,0,0,0.512,16,0.0874790
0.850000,125.000000,1.01,1,0,0,1,1,1,0,0,0,1.024,16,0.1046229
0.850000,125.000000,1.01,1,0,0,1,1,0,1,0,0,0.016,0.1,0.0155875
0.850000,125.000000,1.01,1,0,0,1,1,0,1,0,0,0.032,0.1,0.0161776
0.850000,125.000000,1.01,1,0,0,1,1,0,1,0,0,0.064,0.1,0.0170780
0.850000,125.000000,1.01,1,0,0,1,1,0,1,0,0,0.128,0.1,0.0188904
0.850000,125.000000,1.01,1,0,0,1,1,0,1,0,0,0.256,0.1,0.0228974
0.850000,125.000000,1.01,1,0,0,1,1,0,1,0,0,0.512,0.1,0.0314815
0.850000,125.000000,1.01,1,0,0,1,1,0,1,0,0,1.024,0.1,0.0502143
0.850000,125.000000,1.01,1,0,0,1,1,0,1,0,0,0.016,0.5, 0.0156937
0.850000,125.000000,1.01,1,0,0,1,1,0,1,0,0,0.032,0.5,0.0163643
0.850000,125.000000,1.01,1,0,0,1,1,0,1,0,0,0.064,0.5,0.0172105
0.850000,125.000000,1.01,1,0,0,1,1,0,1,0,0,0.128,0.5,0.0190694
0.850000,125.000000,1.01,1,0,0,1,1,0,1,0,0,0.256,0.5,0.0230507
0.850000,125.000000,1.01,1,0,0,1,1,0,1,0,0,0.512,0.5,0.0315516
0.850000,125.000000,1.01,1,0,0,1,1,0,1,0,0,1.024,0.5,0.0502882
0.850000,125.000000,1.01,1,0,0,1,1,0,1,0,0,0.016,1, 0.0168963
0.850000,125.000000,1.01,1,0,0,1,1,0,1,0,0,0.032,1,0.0175434
0.850000,125.000000,1.01,1,0,0,1,1,0,1,0,0,0.064,1,0.0183893
0.850000,125.000000,1.01,1,0,0,1,1,0,1,0,0,0.128,1,0.0200355
0.850000,125.000000,1.01,1,0,0,1,1,0,1,0,0,0.256,1,0.0238465
0.850000,125.000000,1.01,1,0,0,1,1,0,1,0,0,0.512,1,0.0322241
0.850000,125.000000,1.01,1,0,0,1,1,0,1,0,0,1.024,1,0.0506962
0.850000,125.000000,1.01,1,0,0,1,1,0,1,0,0,0.016,2, 0.0202877
0.850000,125.000000,1.01,1,0,0,1,1,0,1,0,0,0.032,2,0.0208158
0.850000,125.000000,1.01,1,0,0,1,1,0,1,0,0,0.064,2,0.0215558
0.850000,125.000000,1.01,1,0,0,1,1,0,1,0,0,0.128,2,0.0231953
0.850000,125.000000,1.01,1,0,0,1,1,0,1,0,0,0.256,2,0.0267527
0.850000,125.000000,1.01,1,0,0,1,1,0,1,0,0,0.512,2,0.0344042
0.850000,125.000000,1.01,1,0,0,1,1,0,1,0,0,1.024,2,0.0521339
0.850000,125.000000,1.01,1,0,0,1,1,0,1,0,0,0.016,4, 0.0270170
0.850000,125.000000,1.01,1,0,0,1,1,0,1,0,0,0.032,4,0.0275560
0.850000,125.000000,1.01,1,0,0,1,1,0,1,0,0,0.064,4,0.0281895
0.850000,125.000000,1.01,1,0,0,1,1,0,1,0,0,0.128,4,0.0296817
0.850000,125.000000,1.01,1,0,0,1,1,0,1,0,0,0.256,4,0.0330390
0.850000,125.000000,1.01,1,0,0,1,1,0,1,0,0,0.512,4,0.0400025
0.850000,125.000000,1.01,1,0,0,1,1,0,1,0,0,1.024,4,0.0562749
0.850000,125.000000,1.01,1,0,0,1,1,0,1,0,0,0.016,8, 0.0383740
0.850000,125.000000,1.01,1,0,0,1,1,0,1,0,0,0.032,8,0.0389721
0.850000,125.000000,1.01,1,0,0,1,1,0,1,0,0,0.064,8,0.0397582
0.850000,125.000000,1.01,1,0,0,1,1,0,1,0,0,0.128,8,0.0414670
0.850000,125.000000,1.01,1,0,0,1,1,0,1,0,0,0.256,8,0.0447950
0.850000,125.000000,1.01,1,0,0,1,1,0,1,0,0,0.512,8,0.0511792
0.850000,125.000000,1.01,1,0,0,1,1,0,1,0,0,1.024,8,0.0662646
0.850000,125.000000,1.01,1,0,0,1,1,0,1,0,0,0.016,16, 0.0602845
0.850000,125.000000,1.01,1,0,0,1,1,0,1,0,0,0.032,16,0.0608753
0.850000,125.000000,1.01,1,0,0,1,1,0,1,0,0,0.064,16,0.0616150
0.850000,125.000000,1.01,1,0,0,1,1,0,1,0,0,0.128,16,0.0631017
0.850000,125.000000,1.01,1,0,0,1,1,0,1,0,0,0.256,16,0.0657632
0.850000,125.000000,1.01,1,0,0,1,1,0,1,0,0,0.512,16,0.0728419
0.850000,125.000000,1.01,1,0,0,1,1,0,1,0,0,1.024,16,0.0874546
0.850000,125.000000,1.01,1,0,0,1,1,0,0,1,0,0.016,0.1,0.0529667
0.850000,125.000000,1.01,1,0,0,1,1,0,0,1,0,0.032,0.1,0.0541657
0.850000,125.000000,1.01,1,0,0,1,1,0,0,1,0,0.064,0.1,0.0555392
0.850000,125.000000,1.01,1,0,0,1,1,0,0,1,0,0.128,0.1,0.0581597
0.850000,125.000000,1.01,1,0,0,1,1,0,0,1,0,0.256,0.1,0.0628265
0.850000,125.000000,1.01,1,0,0,1,1,0,0,1,0,0.512,0.1,0.0711421
0.850000,125.000000,1.01,1,0,0,1,1,0,0,1,0,1.024,0.1,0.0865198
0.850000,125.000000,1.01,1,0,0,1,1,0,0,1,0,0.016,0.5, 0.0569115
0.850000,125.000000,1.01,1,0,0,1,1,0,0,1,0,0.032,0.5,0.0580878
0.850000,125.000000,1.01,1,0,0,1,1,0,0,1,0,0.064,0.5,0.0594925
0.850000,125.000000,1.01,1,0,0,1,1,0,0,1,0,0.128,0.5,0.0621171
0.850000,125.000000,1.01,1,0,0,1,1,0,0,1,0,0.256,0.5,0.0667909
0.850000,125.000000,1.01,1,0,0,1,1,0,0,1,0,0.512,0.5,0.0750852
0.850000,125.000000,1.01,1,0,0,1,1,0,0,1,0,1.024,0.5,0.0904260
0.850000,125.000000,1.01,1,0,0,1,1,0,0,1,0,0.016,1, 0.0641324
0.850000,125.000000,1.01,1,0,0,1,1,0,0,1,0,0.032,1,0.0653630
0.850000,125.000000,1.01,1,0,0,1,1,0,0,1,0,0.064,1,0.0667479
0.850000,125.000000,1.01,1,0,0,1,1,0,0,1,0,0.128,1,0.0693492
0.850000,125.000000,1.01,1,0,0,1,1,0,0,1,0,0.256,1,0.0740168
0.850000,125.000000,1.01,1,0,0,1,1,0,0,1,0,0.512,1,0.0823247
0.850000,125.000000,1.01,1,0,0,1,1,0,0,1,0,1.024,1,0.0975973
0.850000,125.000000,1.01,1,0,0,1,1,0,0,1,0,0.016,2, 0.0739885
0.850000,125.000000,1.01,1,0,0,1,1,0,0,1,0,0.032,2,0.0751714
0.850000,125.000000,1.01,1,0,0,1,1,0,0,1,0,0.064,2,0.0765870
0.850000,125.000000,1.01,1,0,0,1,1,0,0,1,0,0.128,2,0.0792548
0.850000,125.000000,1.01,1,0,0,1,1,0,0,1,0,0.256,2,0.0841278
0.850000,125.000000,1.01,1,0,0,1,1,0,0,1,0,0.512,2,0.0926423
0.850000,125.000000,1.01,1,0,0,1,1,0,0,1,0,1.024,2,0.1079499
0.850000,125.000000,1.01,1,0,0,1,1,0,0,1,0,0.016,4, 0.0873308
0.850000,125.000000,1.01,1,0,0,1,1,0,0,1,0,0.032,4,0.0885511
0.850000,125.000000,1.01,1,0,0,1,1,0,0,1,0,0.064,4,0.0898802
0.850000,125.000000,1.01,1,0,0,1,1,0,0,1,0,0.128,4,0.0928968
0.850000,125.000000,1.01,1,0,0,1,1,0,0,1,0,0.256,4,0.0981189
0.850000,125.000000,1.01,1,0,0,1,1,0,0,1,0,0.512,4,0.1071979
0.850000,125.000000,1.01,1,0,0,1,1,0,0,1,0,1.024,4,0.1230047
0.850000,125.000000,1.01,1,0,0,1,1,0,0,1,0,0.016,8, 0.1054912
0.850000,125.000000,1.01,1,0,0,1,1,0,0,1,0,0.032,8,0.1068220
0.850000,125.000000,1.01,1,0,0,1,1,0,0,1,0,0.064,8,0.1084556
0.850000,125.000000,1.01,1,0,0,1,1,0,0,1,0,0.128,8,0.1116072
0.850000,125.000000,1.01,1,0,0,1,1,0,0,1,0,0.256,8,0.1174975
0.850000,125.000000,1.01,1,0,0,1,1,0,0,1,0,0.512,8,0.1274733
0.850000,125.000000,1.01,1,0,0,1,1,0,0,1,0,1.024,8,0.1448399
0.850000,125.000000,1.01,1,0,0,1,1,0,0,1,0,0.016,16, 0.1319114
0.850000,125.000000,1.01,1,0,0,1,1,0,0,1,0,0.032,16,0.1332479
0.850000,125.000000,1.01,1,0,0,1,1,0,0,1,0,0.064,16,0.1349949
0.850000,125.000000,1.01,1,0,0,1,1,0,0,1,0,0.128,16,0.1383741
0.850000,125.000000,1.01,1,0,0,1,1,0,0,1,0,0.256,16,0.1451765
0.850000,125.000000,1.01,1,0,0,1,1,0,0,1,0,0.512,16,0.1566979
0.850000,125.000000,1.01,1,0,0,1,1,0,0,1,0,1.024,16,0.1769334
0.850000,125.000000,1.01,1,0,0,1,1,0,0,0,1,0.016,0.1,0.0165123
0.850000,125.000000,1.01,1,0,0,1,1,0,0,0,1,0.032,0.1,0.0171155
0.850000,125.000000,1.01,1,0,0,1,1,0,0,0,1,0.064,0.1,0.0181706
0.850000,125.000000,1.01,1,0,0,1,1,0,0,0,1,0.128,0.1,0.0202843
0.850000,125.000000,1.01,1,0,0,1,1,0,0,0,1,0.256,0.1,0.0248348
0.850000,125.000000,1.01,1,0,0,1,1,0,0,0,1,0.512,0.1,0.0348232
0.850000,125.000000,1.01,1,0,0,1,1,0,0,0,1,1.024,0.1,0.0575231
0.850000,125.000000,1.01,1,0,0,1,1,0,0,0,1,0.016,0.5, 0.0165900
0.850000,125.000000,1.01,1,0,0,1,1,0,0,0,1,0.032,0.5,0.0173402
0.850000,125.000000,1.01,1,0,0,1,1,0,0,0,1,0.064,0.5,0.0183048
0.850000,125.000000,1.01,1,0,0,1,1,0,0,0,1,0.128,0.5,0.0204304
0.850000,125.000000,1.01,1,0,0,1,1,0,0,0,1,0.256,0.5,0.0249617
0.850000,125.000000,1.01,1,0,0,1,1,0,0,0,1,0.512,0.5,0.0348938
0.850000,125.000000,1.01,1,0,0,1,1,0,0,0,1,1.024,0.5,0.0575947
0.850000,125.000000,1.01,1,0,0,1,1,0,0,0,1,0.016,1, 0.0178206
0.850000,125.000000,1.01,1,0,0,1,1,0,0,0,1,0.032,1,0.0185254
0.850000,125.000000,1.01,1,0,0,1,1,0,0,0,1,0.064,1,0.0193727
0.850000,125.000000,1.01,1,0,0,1,1,0,0,0,1,0.128,1,0.0214701
0.850000,125.000000,1.01,1,0,0,1,1,0,0,0,1,0.256,1,0.0258213
0.850000,125.000000,1.01,1,0,0,1,1,0,0,0,1,0.512,1,0.0355985
0.850000,125.000000,1.01,1,0,0,1,1,0,0,0,1,1.024,1,0.0579834
0.850000,125.000000,1.01,1,0,0,1,1,0,0,0,1,0.016,2, 0.0211700
0.850000,125.000000,1.01,1,0,0,1,1,0,0,0,1,0.032,2,0.0217606
0.850000,125.000000,1.01,1,0,0,1,1,0,0,0,1,0.064,2,0.0226912
0.850000,125.000000,1.01,1,0,0,1,1,0,0,0,1,0.128,2,0.0244796
0.850000,125.000000,1.01,1,0,0,1,1,0,0,0,1,0.256,2,0.0288322
0.850000,125.000000,1.01,1,0,0,1,1,0,0,0,1,0.512,2,0.0380405
0.850000,125.000000,1.01,1,0,0,1,1,0,0,0,1,1.024,2,0.0594646
0.850000,125.000000,1.01,1,0,0,1,1,0,0,0,1,0.016,4, 0.0275577
0.850000,125.000000,1.01,1,0,0,1,1,0,0,0,1,0.032,4,0.0281161
0.850000,125.000000,1.01,1,0,0,1,1,0,0,0,1,0.064,4,0.0289606
0.850000,125.000000,1.01,1,0,0,1,1,0,0,0,1,0.128,4,0.0310262
0.850000,125.000000,1.01,1,0,0,1,1,0,0,0,1,0.256,4,0.0351714
0.850000,125.000000,1.01,1,0,0,1,1,0,0,0,1,0.512,4,0.0437172
0.850000,125.000000,1.01,1,0,0,1,1,0,0,0,1,1.024,4,0.0635577
0.850000,125.000000,1.01,1,0,0,1,1,0,0,0,1,0.016,8, 0.0403117
0.850000,125.000000,1.01,1,0,0,1,1,0,0,0,1,0.032,8,0.0409374
0.850000,125.000000,1.01,1,0,0,1,1,0,0,0,1,0.064,8,0.0417179
0.850000,125.000000,1.01,1,0,0,1,1,0,0,0,1,0.128,8,0.0433106
0.850000,125.000000,1.01,1,0,0,1,1,0,0,0,1,0.256,8,0.0473007
0.850000,125.000000,1.01,1,0,0,1,1,0,0,0,1,0.512,8,0.0550460
0.850000,125.000000,1.01,1,0,0,1,1,0,0,0,1,1.024,8,0.0733541
0.850000,125.000000,1.01,1,0,0,1,1,0,0,0,1,0.016,16, 0.0628853
0.850000,125.000000,1.01,1,0,0,1,1,0,0,0,1,0.032,16,0.0640809
0.850000,125.000000,1.01,1,0,0,1,1,0,0,0,1,0.064,16,0.0646925
0.850000,125.000000,1.01,1,0,0,1,1,0,0,0,1,0.128,16,0.0665133
0.850000,125.000000,1.01,1,0,0,1,1,0,0,0,1,0.256,16,0.0703231
0.850000,125.000000,1.01,1,0,0,1,1,0,0,0,1,0.512,16,0.0782740
0.850000,125.000000,1.01,1,0,0,1,1,0,0,0,1,1.024,16,0.0949988
0.850000,125.000000,1.01,0,1,0,1,1,1,0,0,0,0.016,0.1,0.0459502
0.850000,125.000000,1.01,0,1,0,1,1,1,0,0,0,0.032,0.1,0.0469368
0.850000,125.000000,1.01,0,1,0,1,1,1,0,0,0,0.064,0.1,0.0480951
0.850000,125.000000,1.01,0,1,0,1,1,1,0,0,0,0.128,0.1,0.0502630
0.850000,125.000000,1.01,0,1,0,1,1,1,0,0,0,0.256,0.1,0.0541902
0.850000,125.000000,1.01,0,1,0,1,1,1,0,0,0,0.512,0.1,0.0613477
0.850000,125.000000,1.01,0,1,0,1,1,1,0,0,0,1.024,0.1,0.0746157
0.850000,125.000000,1.01,0,1,0,1,1,1,0,0,0,0.016,0.5, 0.0493442
0.850000,125.000000,1.01,0,1,0,1,1,1,0,0,0,0.032,0.5,0.0503142
0.850000,125.000000,1.01,0,1,0,1,1,1,0,0,0,0.064,0.5,0.0514752
0.850000,125.000000,1.01,0,1,0,1,1,1,0,0,0,0.128,0.5,0.0536310
0.850000,125.000000,1.01,0,1,0,1,1,1,0,0,0,0.256,0.5,0.0575718
0.850000,125.000000,1.01,0,1,0,1,1,1,0,0,0,0.512,0.5,0.0647261
0.850000,125.000000,1.01,0,1,0,1,1,1,0,0,0,1.024,0.5,0.0779459
0.850000,125.000000,1.01,0,1,0,1,1,1,0,0,0,0.016,1, 0.0543538
0.850000,125.000000,1.01,0,1,0,1,1,1,0,0,0,0.032,1,0.0553427
0.850000,125.000000,1.01,0,1,0,1,1,1,0,0,0,0.064,1,0.0565113
0.850000,125.000000,1.01,0,1,0,1,1,1,0,0,0,0.128,1,0.0587194
0.850000,125.000000,1.01,0,1,0,1,1,1,0,0,0,0.256,1,0.0626149
0.850000,125.000000,1.01,0,1,0,1,1,1,0,0,0,0.512,1,0.0696848
0.850000,125.000000,1.01,0,1,0,1,1,1,0,0,0,1.024,1,0.0828995
0.850000,125.000000,1.01,0,1,0,1,1,1,0,0,0,0.016,2, 0.0606372
0.850000,125.000000,1.01,0,1,0,1,1,1,0,0,0,0.032,2,0.0616647
0.850000,125.000000,1.01,0,1,0,1,1,1,0,0,0,0.064,2,0.0628786
0.850000,125.000000,1.01,0,1,0,1,1,1,0,0,0,0.128,2,0.0651943
0.850000,125.000000,1.01,0,1,0,1,1,1,0,0,0,0.256,2,0.0692209
0.850000,125.000000,1.01,0,1,0,1,1,1,0,0,0,0.512,2,0.0763693
0.850000,125.000000,1.01,0,1,0,1,1,1,0,0,0,1.024,2,0.0895623
0.850000,125.000000,1.01,0,1,0,1,1,1,0,0,0,0.016,4, 0.0667008
0.850000,125.000000,1.01,0,1,0,1,1,1,0,0,0,0.032,4,0.0678041
0.850000,125.000000,1.01,0,1,0,1,1,1,0,0,0,0.064,4,0.0691236
0.850000,125.000000,1.01,0,1,0,1,1,1,0,0,0,0.128,4,0.0715743
0.850000,125.000000,1.01,0,1,0,1,1,1,0,0,0,0.256,4,0.0761000
0.850000,125.000000,1.01,0,1,0,1,1,1,0,0,0,0.512,4,0.0837100
0.850000,125.000000,1.01,0,1,0,1,1,1,0,0,0,1.024,4,0.0973725
0.850000,125.000000,1.01,0,1,0,1,1,1,0,0,0,0.016,8, 0.0695580
0.850000,125.000000,1.01,0,1,0,1,1,1,0,0,0,0.032,8,0.0709235
0.850000,125.000000,1.01,0,1,0,1,1,1,0,0,0,0.064,8,0.0724383
0.850000,125.000000,1.01,0,1,0,1,1,1,0,0,0,0.128,8,0.0751855
0.850000,125.000000,1.01,0,1,0,1,1,1,0,0,0,0.256,8,0.0801367
0.850000,125.000000,1.01,0,1,0,1,1,1,0,0,0,0.512,8,0.0889018
0.850000,125.000000,1.01,0,1,0,1,1,1,0,0,0,1.024,8,0.1038113
0.850000,125.000000,1.01,0,1,0,1,1,1,0,0,0,0.016,16, 0.0644627
0.850000,125.000000,1.01,0,1,0,1,1,1,0,0,0,0.032,16,0.0658008
0.850000,125.000000,1.01,0,1,0,1,1,1,0,0,0,0.064,16,0.0674319
0.850000,125.000000,1.01,0,1,0,1,1,1,0,0,0,0.128,16,0.0705647
0.850000,125.000000,1.01,0,1,0,1,1,1,0,0,0,0.256,16,0.0764049
0.850000,125.000000,1.01,0,1,0,1,1,1,0,0,0,0.512,16,0.0866543
0.850000,125.000000,1.01,0,1,0,1,1,1,0,0,0,1.024,16,0.1044297
0.850000,125.000000,1.01,0,1,0,1,1,0,1,0,0,0.016,0.1,0.0155869
0.850000,125.000000,1.01,0,1,0,1,1,0,1,0,0,0.032,0.1,0.0162446
0.850000,125.000000,1.01,0,1,0,1,1,0,1,0,0,0.064,0.1,0.0170644
0.850000,125.000000,1.01,0,1,0,1,1,0,1,0,0,0.128,0.1,0.0189650
0.850000,125.000000,1.01,0,1,0,1,1,0,1,0,0,0.256,0.1,0.0229089
0.850000,125.000000,1.01,0,1,0,1,1,0,1,0,0,0.512,0.1,0.0314698
0.850000,125.000000,1.01,0,1,0,1,1,0,1,0,0,1.024,0.1,0.0502273
0.850000,125.000000,1.01,0,1,0,1,1,0,1,0,0,0.016,0.5, 0.0158931
0.850000,125.000000,1.01,0,1,0,1,1,0,1,0,0,0.032,0.5,0.0164775
0.850000,125.000000,1.01,0,1,0,1,1,0,1,0,0,0.064,0.5,0.0173861
0.850000,125.000000,1.01,0,1,0,1,1,0,1,0,0,0.128,0.5,0.0191758
0.850000,125.000000,1.01,0,1,0,1,1,0,1,0,0,0.256,0.5,0.0231277
0.850000,125.000000,1.01,0,1,0,1,1,0,1,0,0,0.512,0.5,0.0317012
0.850000,125.000000,1.01,0,1,0,1,1,0,1,0,0,1.024,0.5,0.0503419
0.850000,125.000000,1.01,0,1,0,1,1,0,1,0,0,0.016,1, 0.0174354
0.850000,125.000000,1.01,0,1,0,1,1,0,1,0,0,0.032,1,0.0180506
0.850000,125.000000,1.01,0,1,0,1,1,0,1,0,0,0.064,1,0.0188503
0.850000,125.000000,1.01,0,1,0,1,1,0,1,0,0,0.128,1,0.0205164
0.850000,125.000000,1.01,0,1,0,1,1,0,1,0,0,0.256,1,0.0242857
0.850000,125.000000,1.01,0,1,0,1,1,0,1,0,0,0.512,1,0.0325662
0.850000,125.000000,1.01,0,1,0,1,1,0,1,0,0,1.024,1,0.0507111
0.850000,125.000000,1.01,0,1,0,1,1,0,1,0,0,0.016,2, 0.0212355
0.850000,125.000000,1.01,0,1,0,1,1,0,1,0,0,0.032,2,0.0218110
0.850000,125.000000,1.01,0,1,0,1,1,0,1,0,0,0.064,2,0.0225501
0.850000,125.000000,1.01,0,1,0,1,1,0,1,0,0,0.128,2,0.0240809
0.850000,125.000000,1.01,0,1,0,1,1,0,1,0,0,0.256,2,0.0275419
0.850000,125.000000,1.01,0,1,0,1,1,0,1,0,0,0.512,2,0.0351675
0.850000,125.000000,1.01,0,1,0,1,1,0,1,0,0,1.024,2,0.0525660
0.850000,125.000000,1.01,0,1,0,1,1,0,1,0,0,0.016,4, 0.0284662
0.850000,125.000000,1.01,0,1,0,1,1,0,1,0,0,0.032,4,0.0290331
0.850000,125.000000,1.01,0,1,0,1,1,0,1,0,0,0.064,4,0.0297734
0.850000,125.000000,1.01,0,1,0,1,1,0,1,0,0,0.128,4,0.0312824
0.850000,125.000000,1.01,0,1,0,1,1,0,1,0,0,0.256,4,0.0344578
0.850000,125.000000,1.01,0,1,0,1,1,0,1,0,0,0.512,4,0.0413838
0.850000,125.000000,1.01,0,1,0,1,1,0,1,0,0,1.024,4,0.0572263
0.850000,125.000000,1.01,0,1,0,1,1,0,1,0,0,0.016,8, 0.0414277
0.850000,125.000000,1.01,0,1,0,1,1,0,1,0,0,0.032,8,0.0421459
0.850000,125.000000,1.01,0,1,0,1,1,0,1,0,0,0.064,8,0.0430017
0.850000,125.000000,1.01,0,1,0,1,1,0,1,0,0,0.128,8,0.0445738
0.850000,125.000000,1.01,0,1,0,1,1,0,1,0,0,0.256,8,0.0473034
0.850000,125.000000,1.01,0,1,0,1,1,0,1,0,0,0.512,8,0.0541418
0.850000,125.000000,1.01,0,1,0,1,1,0,1,0,0,1.024,8,0.0690459
0.850000,125.000000,1.01,0,1,0,1,1,0,1,0,0,0.016,16, 0.0658025
0.850000,125.000000,1.01,0,1,0,1,1,0,1,0,0,0.032,16,0.0663029
0.850000,125.000000,1.01,0,1,0,1,1,0,1,0,0,0.064,16,0.0663910
0.850000,125.000000,1.01,0,1,0,1,1,0,1,0,0,0.128,16,0.0681745
0.850000,125.000000,1.01,0,1,0,1,1,0,1,0,0,0.256,16,0.0717845
0.850000,125.000000,1.01,0,1,0,1,1,0,1,0,0,0.512,16,0.0788182
0.850000,125.000000,1.01,0,1,0,1,1,0,1,0,0,1.024,16,0.0933336
0.850000,125.000000,1.01,0,1,0,1,1,0,0,1,0,0.016,0.1,0.0485384
0.850000,125.000000,1.01,0,1,0,1,1,0,0,1,0,0.032,0.1,0.0496882
0.850000,125.000000,1.01,0,1,0,1,1,0,0,1,0,0.064,0.1,0.0510940
0.850000,125.000000,1.01,0,1,0,1,1,0,0,1,0,0.128,0.1,0.0536688
0.850000,125.000000,1.01,0,1,0,1,1,0,0,1,0,0.256,0.1,0.0582961
0.850000,125.000000,1.01,0,1,0,1,1,0,0,1,0,0.512,0.1,0.0665242
0.850000,125.000000,1.01,0,1,0,1,1,0,0,1,0,1.024,0.1,0.0819057
0.850000,125.000000,1.01,0,1,0,1,1,0,0,1,0,0.016,0.5, 0.0524943
0.850000,125.000000,1.01,0,1,0,1,1,0,0,1,0,0.032,0.5,0.0536440
0.850000,125.000000,1.01,0,1,0,1,1,0,0,1,0,0.064,0.5,0.0550228
0.850000,125.000000,1.01,0,1,0,1,1,0,0,1,0,0.128,0.5,0.0575759
0.850000,125.000000,1.01,0,1,0,1,1,0,0,1,0,0.256,0.5,0.0622427
0.850000,125.000000,1.01,0,1,0,1,1,0,0,1,0,0.512,0.5,0.0704329
0.850000,125.000000,1.01,0,1,0,1,1,0,0,1,0,1.024,0.5,0.0857881
0.850000,125.000000,1.01,0,1,0,1,1,0,0,1,0,0.016,1, 0.0591327
0.850000,125.000000,1.01,0,1,0,1,1,0,0,1,0,0.032,1,0.0603148
0.850000,125.000000,1.01,0,1,0,1,1,0,0,1,0,0.064,1,0.0617266
0.850000,125.000000,1.01,0,1,0,1,1,0,0,1,0,0.128,1,0.0642588
0.850000,125.000000,1.01,0,1,0,1,1,0,0,1,0,0.256,1,0.0689039
0.850000,125.000000,1.01,0,1,0,1,1,0,0,1,0,0.512,1,0.0771193
0.850000,125.000000,1.01,0,1,0,1,1,0,0,1,0,1.024,1,0.0923689
0.850000,125.000000,1.01,0,1,0,1,1,0,0,1,0,0.016,2, 0.0682299
0.850000,125.000000,1.01,0,1,0,1,1,0,0,1,0,0.032,2,0.0694352
0.850000,125.000000,1.01,0,1,0,1,1,0,0,1,0,0.064,2,0.0708917
0.850000,125.000000,1.01,0,1,0,1,1,0,0,1,0,0.128,2,0.0735628
0.850000,125.000000,1.01,0,1,0,1,1,0,0,1,0,0.256,2,0.0783754
0.850000,125.000000,1.01,0,1,0,1,1,0,0,1,0,0.512,2,0.0868853
0.850000,125.000000,1.01,0,1,0,1,1,0,0,1,0,1.024,2,0.1021917
0.850000,125.000000,1.01,0,1,0,1,1,0,0,1,0,0.016,4, 0.0804434
0.850000,125.000000,1.01,0,1,0,1,1,0,0,1,0,0.032,4,0.0816751
0.850000,125.000000,1.01,0,1,0,1,1,0,0,1,0,0.064,4,0.0831878
0.850000,125.000000,1.01,0,1,0,1,1,0,0,1,0,0.128,4,0.0860664
0.850000,125.000000,1.01,0,1,0,1,1,0,0,1,0,0.256,4,0.0914059
0.850000,125.000000,1.01,0,1,0,1,1,0,0,1,0,0.512,4,0.1005325
0.850000,125.000000,1.01,0,1,0,1,1,0,0,1,0,1.024,4,0.1164486
0.850000,125.000000,1.01,0,1,0,1,1,0,0,1,0,0.016,8, 0.0966407
0.850000,125.000000,1.01,0,1,0,1,1,0,0,1,0,0.032,8,0.0979938
0.850000,125.000000,1.01,0,1,0,1,1,0,0,1,0,0.064,8,0.0996467
0.850000,125.000000,1.01,0,1,0,1,1,0,0,1,0,0.128,8,0.1028354
0.850000,125.000000,1.01,0,1,0,1,1,0,0,1,0,0.256,8,0.1088431
0.850000,125.000000,1.01,0,1,0,1,1,0,0,1,0,0.512,8,0.1190052
0.850000,125.000000,1.01,0,1,0,1,1,0,0,1,0,1.024,8,0.1367939
0.850000,125.000000,1.01,0,1,0,1,1,0,0,1,0,0.016,16, 0.1200402
0.850000,125.000000,1.01,0,1,0,1,1,0,0,1,0,0.032,16,0.1215250
0.850000,125.000000,1.01,0,1,0,1,1,0,0,1,0,0.064,16,0.1230996
0.850000,125.000000,1.01,0,1,0,1,1,0,0,1,0,0.128,16,0.1266302
0.850000,125.000000,1.01,0,1,0,1,1,0,0,1,0,0.256,16,0.1332705
0.850000,125.000000,1.01,0,1,0,1,1,0,0,1,0,0.512,16,0.1453596
0.850000,125.000000,1.01,0,1,0,1,1,0,0,1,0,1.024,16,0.1660256
0.850000,125.000000,1.01,0,1,0,1,1,0,0,0,1,0.016,0.1,0.0154870
0.850000,125.000000,1.01,0,1,0,1,1,0,0,0,1,0.032,0.1,0.0161521
0.850000,125.000000,1.01,0,1,0,1,1,0,0,0,1,0.064,0.1,0.0171438
0.850000,125.000000,1.01,0,1,0,1,1,0,0,0,1,0.128,0.1,0.0192789
0.850000,125.000000,1.01,0,1,0,1,1,0,0,0,1,0.256,0.1,0.0239086
0.850000,125.000000,1.01,0,1,0,1,1,0,0,0,1,0.512,0.1,0.0341366
0.850000,125.000000,1.01,0,1,0,1,1,0,0,0,1,1.024,0.1,0.0570765
0.850000,125.000000,1.01,0,1,0,1,1,0,0,0,1,0.016,0.5, 0.0156845
0.850000,125.000000,1.01,0,1,0,1,1,0,0,0,1,0.032,0.5,0.0163578
0.850000,125.000000,1.01,0,1,0,1,1,0,0,0,1,0.064,0.5,0.0173421
0.850000,125.000000,1.01,0,1,0,1,1,0,0,0,1,0.128,0.5,0.0195761
0.850000,125.000000,1.01,0,1,0,1,1,0,0,0,1,0.256,0.5,0.0241339
0.850000,125.000000,1.01,0,1,0,1,1,0,0,0,1,0.512,0.5,0.0343033
0.850000,125.000000,1.01,0,1,0,1,1,0,0,0,1,1.024,0.5,0.0573228
0.850000,125.000000,1.01,0,1,0,1,1,0,0,0,1,0.016,1, 0.0173271
0.850000,125.000000,1.01,0,1,0,1,1,0,0,0,1,0.032,1,0.0179735
0.850000,125.000000,1.01,0,1,0,1,1,0,0,0,1,0.064,1,0.0189731
0.850000,125.000000,1.01,0,1,0,1,1,0,0,0,1,0.128,1,0.0209369
0.850000,125.000000,1.01,0,1,0,1,1,0,0,0,1,0.256,1,0.0253158
0.850000,125.000000,1.01,0,1,0,1,1,0,0,0,1,0.512,1,0.0352389
0.850000,125.000000,1.01,0,1,0,1,1,0,0,0,1,1.024,1,0.0576519
0.850000,125.000000,1.01,0,1,0,1,1,0,0,0,1,0.016,2, 0.0209434
0.850000,125.000000,1.01,0,1,0,1,1,0,0,0,1,0.032,2,0.0217372
0.850000,125.000000,1.01,0,1,0,1,1,0,0,0,1,0.064,2,0.0225280
0.850000,125.000000,1.01,0,1,0,1,1,0,0,0,1,0.128,2,0.0244810
0.850000,125.000000,1.01,0,1,0,1,1,0,0,0,1,0.256,2,0.0286713
0.850000,125.000000,1.01,0,1,0,1,1,0,0,0,1,0.512,2,0.0380035
0.850000,125.000000,1.01,0,1,0,1,1,0,0,0,1,1.024,2,0.0594021
0.850000,125.000000,1.01,0,1,0,1,1,0,0,0,1,0.016,4, 0.0284357
0.850000,125.000000,1.01,0,1,0,1,1,0,0,0,1,0.032,4,0.0291797
0.850000,125.000000,1.01,0,1,0,1,1,0,0,0,1,0.064,4,0.0302725
0.850000,125.000000,1.01,0,1,0,1,1,0,0,0,1,0.128,4,0.0319930
0.850000,125.000000,1.01,0,1,0,1,1,0,0,0,1,0.256,4,0.0361536
0.850000,125.000000,1.01,0,1,0,1,1,0,0,0,1,0.512,4,0.0443426
0.850000,125.000000,1.01,0,1,0,1,1,0,0,0,1,1.024,4,0.0641507
0.850000,125.000000,1.01,0,1,0,1,1,0,0,0,1,0.016,8, 0.0423659
0.850000,125.000000,1.01,0,1,0,1,1,0,0,0,1,0.032,8,0.0429206
0.850000,125.000000,1.01,0,1,0,1,1,0,0,0,1,0.064,8,0.0441608
0.850000,125.000000,1.01,0,1,0,1,1,0,0,0,1,0.128,8,0.0460545
0.850000,125.000000,1.01,0,1,0,1,1,0,0,0,1,0.256,8,0.0497159
0.850000,125.000000,1.01,0,1,0,1,1,0,0,0,1,0.512,8,0.0577500
0.850000,125.000000,1.01,0,1,0,1,1,0,0,0,1,1.024,8,0.0757643
0.850000,125.000000,1.01,0,1,0,1,1,0,0,0,1,0.016,16, 0.0683924
0.850000,125.000000,1.01,0,1,0,1,1,0,0,0,1,0.032,16,0.0689664
0.850000,125.000000,1.01,0,1,0,1,1,0,0,0,1,0.064,16,0.0697456
0.850000,125.000000,1.01,0,1,0,1,1,0,0,0,1,0.128,16,0.0715399
0.850000,125.000000,1.01,0,1,0,1,1,0,0,0,1,0.256,16,0.0758223
0.850000,125.000000,1.01,0,1,0,1,1,0,0,0,1,0.512,16,0.0834995
0.850000,125.000000,1.01,0,1,0,1,1,0,0,0,1,1.024,16,0.1012679
0.850000,125.000000,1.01,0,0,1,1,1,1,0,0,0,0.016,0.1,0.0405784
0.850000,125.000000,1.01,0,0,1,1,1,1,0,0,0,0.032,0.1,0.0415564
0.850000,125.000000,1.01,0,0,1,1,1,1,0,0,0,0.064,0.1,0.0427503
0.850000,125.000000,1.01,0,0,1,1,1,1,0,0,0,0.128,0.1,0.0449026
0.850000,125.000000,1.01,0,0,1,1,1,1,0,0,0,0.256,0.1,0.0488442
0.850000,125.000000,1.01,0,0,1,1,1,1,0,0,0,0.512,0.1,0.0560031
0.850000,125.000000,1.01,0,0,1,1,1,1,0,0,0,1.024,0.1,0.0692045
0.850000,125.000000,1.01,0,0,1,1,1,1,0,0,0,0.016,0.5, 0.0433711
0.850000,125.000000,1.01,0,0,1,1,1,1,0,0,0,0.032,0.5,0.0443468
0.850000,125.000000,1.01,0,0,1,1,1,1,0,0,0,0.064,0.5,0.0455015
0.850000,125.000000,1.01,0,0,1,1,1,1,0,0,0,0.128,0.5,0.0476541
0.850000,125.000000,1.01,0,0,1,1,1,1,0,0,0,0.256,0.5,0.0515607
0.850000,125.000000,1.01,0,0,1,1,1,1,0,0,0,0.512,0.5,0.0587100
0.850000,125.000000,1.01,0,0,1,1,1,1,0,0,0,1.024,0.5,0.0718837
0.850000,125.000000,1.01,0,0,1,1,1,1,0,0,0,0.016,1, 0.0470287
0.850000,125.000000,1.01,0,0,1,1,1,1,0,0,0,0.032,1,0.0480212
0.850000,125.000000,1.01,0,0,1,1,1,1,0,0,0,0.064,1,0.0492018
0.850000,125.000000,1.01,0,0,1,1,1,1,0,0,0,0.128,1,0.0514010
0.850000,125.000000,1.01,0,0,1,1,1,1,0,0,0,0.256,1,0.0553122
0.850000,125.000000,1.01,0,0,1,1,1,1,0,0,0,0.512,1,0.0624085
0.850000,125.000000,1.01,0,0,1,1,1,1,0,0,0,1.024,1,0.0755091
0.850000,125.000000,1.01,0,0,1,1,1,1,0,0,0,0.016,2, 0.0512200
0.850000,125.000000,1.01,0,0,1,1,1,1,0,0,0,0.032,2,0.0522647
0.850000,125.000000,1.01,0,0,1,1,1,1,0,0,0,0.064,2,0.0534979
0.850000,125.000000,1.01,0,0,1,1,1,1,0,0,0,0.128,2,0.0559397
0.850000,125.000000,1.01,0,0,1,1,1,1,0,0,0,0.256,2,0.0599748
0.850000,125.000000,1.01,0,0,1,1,1,1,0,0,0,0.512,2,0.0672075
0.850000,125.000000,1.01,0,0,1,1,1,1,0,0,0,1.024,2,0.0803818
0.850000,125.000000,1.01,0,0,1,1,1,1,0,0,0,0.016,4, 0.0534571
0.850000,125.000000,1.01,0,0,1,1,1,1,0,0,0,0.032,4,0.0546069
0.850000,125.000000,1.01,0,0,1,1,1,1,0,0,0,0.064,4,0.0559703
0.850000,125.000000,1.01,0,0,1,1,1,1,0,0,0,0.128,4,0.0586608
0.850000,125.000000,1.01,0,0,1,1,1,1,0,0,0,0.256,4,0.0633152
0.850000,125.000000,1.01,0,0,1,1,1,1,0,0,0,0.512,4,0.0711761
0.850000,125.000000,1.01,0,0,1,1,1,1,0,0,0,1.024,4,0.0850601
0.850000,125.000000,1.01,0,0,1,1,1,1,0,0,0,0.016,8, 0.0501171
0.850000,125.000000,1.01,0,0,1,1,1,1,0,0,0,0.032,8,0.0513950
0.850000,125.000000,1.01,0,0,1,1,1,1,0,0,0,0.064,8,0.0529386
0.850000,125.000000,1.01,0,0,1,1,1,1,0,0,0,0.128,8,0.0558735
0.850000,125.000000,1.01,0,0,1,1,1,1,0,0,0,0.256,8,0.0613714
0.850000,125.000000,1.01,0,0,1,1,1,1,0,0,0,0.512,8,0.0707112
0.850000,125.000000,1.01,0,0,1,1,1,1,0,0,0,1.024,8,0.0865017
0.850000,125.000000,1.01,0,0,1,1,1,1,0,0,0,0.016,16, 0.0346785
0.850000,125.000000,1.01,0,0,1,1,1,1,0,0,0,0.032,16,0.0363704
0.850000,125.000000,1.01,0,0,1,1,1,1,0,0,0,0.064,16,0.0381613
0.850000,125.000000,1.01,0,0,1,1,1,1,0,0,0,0.128,16,0.0416084
0.850000,125.000000,1.01,0,0,1,1,1,1,0,0,0,0.256,16,0.0477469
0.850000,125.000000,1.01,0,0,1,1,1,1,0,0,0,0.512,16,0.0588658
0.850000,125.000000,1.01,0,0,1,1,1,1,0,0,0,1.024,16,0.0778376
0.850000,125.000000,1.01,0,0,1,1,1,0,1,0,0,0.016,0.1,0.0156210
0.850000,125.000000,1.01,0,0,1,1,1,0,1,0,0,0.032,0.1,0.0162799
0.850000,125.000000,1.01,0,0,1,1,1,0,1,0,0,0.064,0.1,0.0171294
0.850000,125.000000,1.01,0,0,1,1,1,0,1,0,0,0.128,0.1,0.0189734
0.850000,125.000000,1.01,0,0,1,1,1,0,1,0,0,0.256,0.1,0.0229363
0.850000,125.000000,1.01,0,0,1,1,1,0,1,0,0,0.512,0.1,0.0314849
0.850000,125.000000,1.01,0,0,1,1,1,0,1,0,0,1.024,0.1,0.0502237
0.850000,125.000000,1.01,0,0,1,1,1,0,1,0,0,0.016,0.5, 0.0161315
0.850000,125.000000,1.01,0,0,1,1,1,0,1,0,0,0.032,0.5,0.0167546
0.850000,125.000000,1.01,0,0,1,1,1,0,1,0,0,0.064,0.5,0.0176558
0.850000,125.000000,1.01,0,0,1,1,1,0,1,0,0,0.128,0.5,0.0194586
0.850000,125.000000,1.01,0,0,1,1,1,0,1,0,0,0.256,0.5,0.0233540
0.850000,125.000000,1.01,0,0,1,1,1,0,1,0,0,0.512,0.5,0.0317935
0.850000,125.000000,1.01,0,0,1,1,1,0,1,0,0,1.024,0.5,0.0504084
0.850000,125.000000,1.01,0,0,1,1,1,0,1,0,0,0.016,1, 0.0180605
0.850000,125.000000,1.01,0,0,1,1,1,0,1,0,0,0.032,1,0.0186516
0.850000,125.000000,1.01,0,0,1,1,1,0,1,0,0,0.064,1,0.0194954
0.850000,125.000000,1.01,0,0,1,1,1,0,1,0,0,0.128,1,0.0212212
0.850000,125.000000,1.01,0,0,1,1,1,0,1,0,0,0.256,1,0.0248154
0.850000,125.000000,1.01,0,0,1,1,1,0,1,0,0,0.512,1,0.0329444
0.850000,125.000000,1.01,0,0,1,1,1,0,1,0,0,1.024,1,0.0510785
0.850000,125.000000,1.01,0,0,1,1,1,0,1,0,0,0.016,2, 0.0230644
0.850000,125.000000,1.01,0,0,1,1,1,0,1,0,0,0.032,2,0.0236334
0.850000,125.000000,1.01,0,0,1,1,1,0,1,0,0,0.064,2,0.0244262
0.850000,125.000000,1.01,0,0,1,1,1,0,1,0,0,0.128,2,0.0261120
0.850000,125.000000,1.01,0,0,1,1,1,0,1,0,0,0.256,2,0.0291364
0.850000,125.000000,1.01,0,0,1,1,1,0,1,0,0,0.512,2,0.0364257
0.850000,125.000000,1.01,0,0,1,1,1,0,1,0,0,1.024,2,0.0534083
0.850000,125.000000,1.01,0,0,1,1,1,0,1,0,0,0.016,4, 0.0328078
0.850000,125.000000,1.01,0,0,1,1,1,0,1,0,0,0.032,4,0.0332261
0.850000,125.000000,1.01,0,0,1,1,1,0,1,0,0,0.064,4,0.0339206
0.850000,125.000000,1.01,0,0,1,1,1,0,1,0,0,0.128,4,0.0355620
0.850000,125.000000,1.01,0,0,1,1,1,0,1,0,0,0.256,4,0.0387163
0.850000,125.000000,1.01,0,0,1,1,1,0,1,0,0,0.512,4,0.0451050
0.850000,125.000000,1.01,0,0,1,1,1,0,1,0,0,1.024,4,0.0603866
0.850000,125.000000,1.01,0,0,1,1,1,0,1,0,0,0.016,8, 0.0504089
0.850000,125.000000,1.01,0,0,1,1,1,0,1,0,0,0.032,8,0.0513748
0.850000,125.000000,1.01,0,0,1,1,1,0,1,0,0,0.064,8,0.0519593
0.850000,125.000000,1.01,0,0,1,1,1,0,1,0,0,0.128,8,0.0533127
0.850000,125.000000,1.01,0,0,1,1,1,0,1,0,0,0.256,8,0.0567228
0.850000,125.000000,1.01,0,0,1,1,1,0,1,0,0,0.512,8,0.0632506
0.850000,125.000000,1.01,0,0,1,1,1,0,1,0,0,1.024,8,0.0770600
0.850000,125.000000,1.01,0,0,1,1,1,0,1,0,0,0.016,16, 0.0852486
0.850000,125.000000,1.01,0,0,1,1,1,0,1,0,0,0.032,16,0.0859857
0.850000,125.000000,1.01,0,0,1,1,1,0,1,0,0,0.064,16,0.0870452
0.850000,125.000000,1.01,0,0,1,1,1,0,1,0,0,0.128,16,0.0887902
0.850000,125.000000,1.01,0,0,1,1,1,0,1,0,0,0.256,16,0.0920204
0.850000,125.000000,1.01,0,0,1,1,1,0,1,0,0,0.512,16,0.0981094
0.850000,125.000000,1.01,0,0,1,1,1,0,1,0,0,1.024,16,0.1117552
0.850000,125.000000,1.01,0,0,1,1,1,0,0,1,0,0.016,0.1,0.0428786
0.850000,125.000000,1.01,0,0,1,1,1,0,0,1,0,0.032,0.1,0.0440434
0.850000,125.000000,1.01,0,0,1,1,1,0,0,1,0,0.064,0.1,0.0454108
0.850000,125.000000,1.01,0,0,1,1,1,0,0,1,0,0.128,0.1,0.0479448
0.850000,125.000000,1.01,0,0,1,1,1,0,0,1,0,0.256,0.1,0.0525515
0.850000,125.000000,1.01,0,0,1,1,1,0,0,1,0,0.512,0.1,0.0607762
0.850000,125.000000,1.01,0,0,1,1,1,0,0,1,0,1.024,0.1,0.0761715
0.850000,125.000000,1.01,0,0,1,1,1,0,0,1,0,0.016,0.5, 0.0470270
0.850000,125.000000,1.01,0,0,1,1,1,0,0,1,0,0.032,0.5,0.0481581
0.850000,125.000000,1.01,0,0,1,1,1,0,0,1,0,0.064,0.5,0.0495181
0.850000,125.000000,1.01,0,0,1,1,1,0,0,1,0,0.128,0.5,0.0520337
0.850000,125.000000,1.01,0,0,1,1,1,0,0,1,0,0.256,0.5,0.0566104
0.850000,125.000000,1.01,0,0,1,1,1,0,0,1,0,0.512,0.5,0.0647756
0.850000,125.000000,1.01,0,0,1,1,1,0,0,1,0,1.024,0.5,0.0801330
0.850000,125.000000,1.01,0,0,1,1,1,0,0,1,0,0.016,1, 0.0531477
0.850000,125.000000,1.01,0,0,1,1,1,0,0,1,0,0.032,1,0.0543791
0.850000,125.000000,1.01,0,0,1,1,1,0,0,1,0,0.064,1,0.0557542
0.850000,125.000000,1.01,0,0,1,1,1,0,0,1,0,0.128,1,0.0583582
0.850000,125.000000,1.01,0,0,1,1,1,0,0,1,0,0.256,1,0.0630278
0.850000,125.000000,1.01,0,0,1,1,1,0,0,1,0,0.512,1,0.0712616
0.850000,125.000000,1.01,0,0,1,1,1,0,0,1,0,1.024,1,0.0865445
0.850000,125.000000,1.01,0,0,1,1,1,0,0,1,0,0.016,2, 0.0622141
0.850000,125.000000,1.01,0,0,1,1,1,0,0,1,0,0.032,2,0.0634627
0.850000,125.000000,1.01,0,0,1,1,1,0,0,1,0,0.064,2,0.0649194
0.850000,125.000000,1.01,0,0,1,1,1,0,0,1,0,0.128,2,0.0676740
0.850000,125.000000,1.01,0,0,1,1,1,0,0,1,0,0.256,2,0.0726325
0.850000,125.000000,1.01,0,0,1,1,1,0,0,1,0,0.512,2,0.0812969
0.850000,125.000000,1.01,0,0,1,1,1,0,0,1,0,1.024,2,0.0968012
0.850000,125.000000,1.01,0,0,1,1,1,0,0,1,0,0.016,4, 0.0748066
0.850000,125.000000,1.01,0,0,1,1,1,0,0,1,0,0.032,4,0.0761152
0.850000,125.000000,1.01,0,0,1,1,1,0,0,1,0,0.064,4,0.0776332
0.850000,125.000000,1.01,0,0,1,1,1,0,0,1,0,0.128,4,0.0806273
0.850000,125.000000,1.01,0,0,1,1,1,0,0,1,0,0.256,4,0.0862353
0.850000,125.000000,1.01,0,0,1,1,1,0,0,1,0,0.512,4,0.0958383
0.850000,125.000000,1.01,0,0,1,1,1,0,0,1,0,1.024,4,0.1124994
0.850000,125.000000,1.01,0,0,1,1,1,0,0,1,0,0.016,8, 0.0929161
0.850000,125.000000,1.01,0,0,1,1,1,0,0,1,0,0.032,8,0.0943241
0.850000,125.000000,1.01,0,0,1,1,1,0,0,1,0,0.064,8,0.0961335
0.850000,125.000000,1.01,0,0,1,1,1,0,0,1,0,0.128,8,0.0993615
0.850000,125.000000,1.01,0,0,1,1,1,0,0,1,0,0.256,8,0.1057251
0.850000,125.000000,1.01,0,0,1,1,1,0,0,1,0,0.512,8,0.1167413
0.850000,125.000000,1.01,0,0,1,1,1,0,0,1,0,1.024,8,0.1359450
0.850000,125.000000,1.01,0,0,1,1,1,0,0,1,0,0.016,16, 0.1210877
0.850000,125.000000,1.01,0,0,1,1,1,0,0,1,0,0.032,16,0.1226041
0.850000,125.000000,1.01,0,0,1,1,1,0,0,1,0,0.064,16,0.1244790
0.850000,125.000000,1.01,0,0,1,1,1,0,0,1,0,0.128,16,0.1281757
0.850000,125.000000,1.01,0,0,1,1,1,0,0,1,0,0.256,16,0.1356040
0.850000,125.000000,1.01,0,0,1,1,1,0,0,1,0,0.512,16,0.1485630
0.850000,125.000000,1.01,0,0,1,1,1,0,0,1,0,1.024,16,0.1713639
0.850000,125.000000,1.01,0,0,1,1,1,0,0,0,1,0.016,0.1,0.0144494
0.850000,125.000000,1.01,0,0,1,1,1,0,0,0,1,0.032,0.1,0.0151941
0.850000,125.000000,1.01,0,0,1,1,1,0,0,0,1,0.064,0.1,0.0161675
0.850000,125.000000,1.01,0,0,1,1,1,0,0,0,1,0.128,0.1,0.0184121
0.850000,125.000000,1.01,0,0,1,1,1,0,0,0,1,0.256,0.1,0.0231183
0.850000,125.000000,1.01,0,0,1,1,1,0,0,0,1,0.512,0.1,0.0335837
0.850000,125.000000,1.01,0,0,1,1,1,0,0,0,1,1.024,0.1,0.0567938
0.850000,125.000000,1.01,0,0,1,1,1,0,0,0,1,0.016,0.5, 0.0148909
0.850000,125.000000,1.01,0,0,1,1,1,0,0,0,1,0.032,0.5,0.0157238
0.850000,125.000000,1.01,0,0,1,1,1,0,0,0,1,0.064,0.5,0.0166553
0.850000,125.000000,1.01,0,0,1,1,1,0,0,0,1,0.128,0.5,0.0188237
0.850000,125.000000,1.01,0,0,1,1,1,0,0,0,1,0.256,0.5,0.0234681
0.850000,125.000000,1.01,0,0,1,1,1,0,0,0,1,0.512,0.5,0.0338695
0.850000,125.000000,1.01,0,0,1,1,1,0,0,0,1,1.024,0.5,0.0570247
0.850000,125.000000,1.01,0,0,1,1,1,0,0,0,1,0.016,1, 0.0173559
0.850000,125.000000,1.01,0,0,1,1,1,0,0,0,1,0.032,1,0.0180643
0.850000,125.000000,1.01,0,0,1,1,1,0,0,0,1,0.064,1,0.0190641
0.850000,125.000000,1.01,0,0,1,1,1,0,0,0,1,0.128,1,0.0210118
0.850000,125.000000,1.01,0,0,1,1,1,0,0,0,1,0.256,1,0.0254061
0.850000,125.000000,1.01,0,0,1,1,1,0,0,0,1,0.512,1,0.0352837
0.850000,125.000000,1.01,0,0,1,1,1,0,0,0,1,1.024,1,0.0575964
0.850000,125.000000,1.01,0,0,1,1,1,0,0,0,1,0.016,2, 0.0222928
0.850000,125.000000,1.01,0,0,1,1,1,0,0,0,1,0.032,2,0.0228505
0.850000,125.000000,1.01,0,0,1,1,1,0,0,0,1,0.064,2,0.0237051
0.850000,125.000000,1.01,0,0,1,1,1,0,0,0,1,0.128,2,0.0258083
0.850000,125.000000,1.01,0,0,1,1,1,0,0,0,1,0.256,2,0.0299098
0.850000,125.000000,1.01,0,0,1,1,1,0,0,0,1,0.512,2,0.0390728
0.850000,125.000000,1.01,0,0,1,1,1,0,0,0,1,1.024,2,0.0602897
0.850000,125.000000,1.01,0,0,1,1,1,0,0,0,1,0.016,4, 0.0322988
0.850000,125.000000,1.01,0,0,1,1,1,0,0,0,1,0.032,4,0.0328729
0.850000,125.000000,1.01,0,0,1,1,1,0,0,0,1,0.064,4,0.0340771
0.850000,125.000000,1.01,0,0,1,1,1,0,0,0,1,0.128,4,0.0357140
0.850000,125.000000,1.01,0,0,1,1,1,0,0,0,1,0.256,4,0.0399315
0.850000,125.000000,1.01,0,0,1,1,1,0,0,0,1,0.512,4,0.0481189
0.850000,125.000000,1.01,0,0,1,1,1,0,0,0,1,1.024,4,0.0673944
0.850000,125.000000,1.01,0,0,1,1,1,0,0,0,1,0.016,8, 0.0518541
0.850000,125.000000,1.01,0,0,1,1,1,0,0,0,1,0.032,8,0.0525486
0.850000,125.000000,1.01,0,0,1,1,1,0,0,0,1,0.064,8,0.0531992
0.850000,125.000000,1.01,0,0,1,1,1,0,0,0,1,0.128,8,0.0544774
0.850000,125.000000,1.01,0,0,1,1,1,0,0,0,1,0.256,8,0.0584678
0.850000,125.000000,1.01,0,0,1,1,1,0,0,0,1,0.512,8,0.0668656
0.850000,125.000000,1.01,0,0,1,1,1,0,0,0,1,1.024,8,0.0845026
0.850000,125.000000,1.01,0,0,1,1,1,0,0,0,1,0.016,16, 0.0874713
0.850000,125.000000,1.01,0,0,1,1,1,0,0,0,1,0.032,16,0.0878603
0.850000,125.000000,1.01,0,0,1,1,1,0,0,0,1,0.064,16,0.0878603
0.850000,125.000000,1.01,0,0,1,1,1,0,0,0,1,0.128,16,0.0895002
0.850000,125.000000,1.01,0,0,1,1,1,0,0,0,1,0.256,16,0.0936297
0.850000,125.000000,1.01,0,0,1,1,1,0,0,0,1,0.512,16,0.1022557
0.850000,125.000000,1.01,0,0,1,1,1,0,0,0,1,1.024,16,0.1203243
0.750000,-40.000000,0.99,1,0,0,1,1,1,0,0,0,0.016,0.1,0.3560150
0.750000,-40.000000,0.99,1,0,0,1,1,1,0,0,0,0.032,0.1,0.3610106
0.750000,-40.000000,0.99,1,0,0,1,1,1,0,0,0,0.064,0.1,0.3665361
0.750000,-40.000000,0.99,1,0,0,1,1,1,0,0,0,0.128,0.1,0.3761684
0.750000,-40.000000,0.99,1,0,0,1,1,1,0,0,0,0.256,0.1,0.3928450
0.750000,-40.000000,0.99,1,0,0,1,1,1,0,0,0,0.512,0.1,0.4215532
0.750000,-40.000000,0.99,1,0,0,1,1,1,0,0,0,1.024,0.1,0.4752834
0.750000,-40.000000,0.99,1,0,0,1,1,1,0,0,0,0.016,0.5, 0.3684455
0.750000,-40.000000,0.99,1,0,0,1,1,1,0,0,0,0.032,0.5,0.3735324
0.750000,-40.000000,0.99,1,0,0,1,1,1,0,0,0,0.064,0.5,0.3789691
0.750000,-40.000000,0.99,1,0,0,1,1,1,0,0,0,0.128,0.5,0.3885277
0.750000,-40.000000,0.99,1,0,0,1,1,1,0,0,0,0.256,0.5,0.4051774
0.750000,-40.000000,0.99,1,0,0,1,1,1,0,0,0,0.512,0.5,0.4340688
0.750000,-40.000000,0.99,1,0,0,1,1,1,0,0,0,1.024,0.5,0.4875967
0.750000,-40.000000,0.99,1,0,0,1,1,1,0,0,0,0.016,1, 0.3935530
0.750000,-40.000000,0.99,1,0,0,1,1,1,0,0,0,0.032,1,0.3985549
0.750000,-40.000000,0.99,1,0,0,1,1,1,0,0,0,0.064,1,0.4042064
0.750000,-40.000000,0.99,1,0,0,1,1,1,0,0,0,0.128,1,0.4138614
0.750000,-40.000000,0.99,1,0,0,1,1,1,0,0,0,0.256,1,0.4302519
0.750000,-40.000000,0.99,1,0,0,1,1,1,0,0,0,0.512,1,0.4593381
0.750000,-40.000000,0.99,1,0,0,1,1,1,0,0,0,1.024,1,0.5129642
0.750000,-40.000000,0.99,1,0,0,1,1,1,0,0,0,0.016,2, 0.4446306
0.750000,-40.000000,0.99,1,0,0,1,1,1,0,0,0,0.032,2,0.4497068
0.750000,-40.000000,0.99,1,0,0,1,1,1,0,0,0,0.064,2,0.4552175
0.750000,-40.000000,0.99,1,0,0,1,1,1,0,0,0,0.128,2,0.4649277
0.750000,-40.000000,0.99,1,0,0,1,1,1,0,0,0,0.256,2,0.4813289
0.750000,-40.000000,0.99,1,0,0,1,1,1,0,0,0,0.512,2,0.5101834
0.750000,-40.000000,0.99,1,0,0,1,1,1,0,0,0,1.024,2,0.5639842
0.750000,-40.000000,0.99,1,0,0,1,1,1,0,0,0,0.016,4, 0.5453977
0.750000,-40.000000,0.99,1,0,0,1,1,1,0,0,0,0.032,4,0.5504729
0.750000,-40.000000,0.99,1,0,0,1,1,1,0,0,0,0.064,4,0.5559369
0.750000,-40.000000,0.99,1,0,0,1,1,1,0,0,0,0.128,4,0.5656203
0.750000,-40.000000,0.99,1,0,0,1,1,1,0,0,0,0.256,4,0.5822003
0.750000,-40.000000,0.99,1,0,0,1,1,1,0,0,0,0.512,4,0.6111687
0.750000,-40.000000,0.99,1,0,0,1,1,1,0,0,0,1.024,4,0.6645998
0.750000,-40.000000,0.99,1,0,0,1,1,1,0,0,0,0.016,8, 0.7429177
0.750000,-40.000000,0.99,1,0,0,1,1,1,0,0,0,0.032,8,0.7480085
0.750000,-40.000000,0.99,1,0,0,1,1,1,0,0,0,0.064,8,0.7533552
0.750000,-40.000000,0.99,1,0,0,1,1,1,0,0,0,0.128,8,0.7629406
0.750000,-40.000000,0.99,1,0,0,1,1,1,0,0,0,0.256,8,0.7794353
0.750000,-40.000000,0.99,1,0,0,1,1,1,0,0,0,0.512,8,0.8085639
0.750000,-40.000000,0.99,1,0,0,1,1,1,0,0,0,1.024,8,0.8625302
0.750000,-40.000000,0.99,1,0,0,1,1,1,0,0,0,0.016,16, 1.1230842
0.750000,-40.000000,0.99,1,0,0,1,1,1,0,0,0,0.032,16,1.1281822
0.750000,-40.000000,0.99,1,0,0,1,1,1,0,0,0,0.064,16,1.1337765
0.750000,-40.000000,0.99,1,0,0,1,1,1,0,0,0,0.128,16,1.1431877
0.750000,-40.000000,0.99,1,0,0,1,1,1,0,0,0,0.256,16,1.1596242
0.750000,-40.000000,0.99,1,0,0,1,1,1,0,0,0,0.512,16,1.1885805
0.750000,-40.000000,0.99,1,0,0,1,1,1,0,0,0,1.024,16,1.2423654
0.750000,-40.000000,0.99,1,0,0,1,1,0,1,0,0,0.016,0.1,0.0571200
0.750000,-40.000000,0.99,1,0,0,1,1,0,1,0,0,0.032,0.1,0.0617755
0.750000,-40.000000,0.99,1,0,0,1,1,0,1,0,0,0.064,0.1,0.0675029
0.750000,-40.000000,0.99,1,0,0,1,1,0,1,0,0,0.128,0.1,0.0780137
0.750000,-40.000000,0.99,1,0,0,1,1,0,1,0,0,0.256,0.1,0.1002365
0.750000,-40.000000,0.99,1,0,0,1,1,0,1,0,0,0.512,0.1,0.1469907
0.750000,-40.000000,0.99,1,0,0,1,1,0,1,0,0,1.024,0.1,0.2448160
0.750000,-40.000000,0.99,1,0,0,1,1,0,1,0,0,0.016,0.5, 0.0572601
0.750000,-40.000000,0.99,1,0,0,1,1,0,1,0,0,0.032,0.5,0.0614999
0.750000,-40.000000,0.99,1,0,0,1,1,0,1,0,0,0.064,0.5,0.0672093
0.750000,-40.000000,0.99,1,0,0,1,1,0,1,0,0,0.128,0.5,0.0780201
0.750000,-40.000000,0.99,1,0,0,1,1,0,1,0,0,0.256,0.5,0.1004501
0.750000,-40.000000,0.99,1,0,0,1,1,0,1,0,0,0.512,0.5,0.1466511
0.750000,-40.000000,0.99,1,0,0,1,1,0,1,0,0,1.024,0.5,0.2449249
0.750000,-40.000000,0.99,1,0,0,1,1,0,1,0,0,0.016,1, 0.0574568
0.750000,-40.000000,0.99,1,0,0,1,1,0,1,0,0,0.032,1,0.0619349
0.750000,-40.000000,0.99,1,0,0,1,1,0,1,0,0,0.064,1,0.0672261
0.750000,-40.000000,0.99,1,0,0,1,1,0,1,0,0,0.128,1,0.0782289
0.750000,-40.000000,0.99,1,0,0,1,1,0,1,0,0,0.256,1,0.1001882
0.750000,-40.000000,0.99,1,0,0,1,1,0,1,0,0,0.512,1,0.1469895
0.750000,-40.000000,0.99,1,0,0,1,1,0,1,0,0,1.024,1,0.2449125
0.750000,-40.000000,0.99,1,0,0,1,1,0,1,0,0,0.016,2, 0.0571491
0.750000,-40.000000,0.99,1,0,0,1,1,0,1,0,0,0.032,2,0.0616137
0.750000,-40.000000,0.99,1,0,0,1,1,0,1,0,0,0.064,2,0.0672403
0.750000,-40.000000,0.99,1,0,0,1,1,0,1,0,0,0.128,2,0.0781148
0.750000,-40.000000,0.99,1,0,0,1,1,0,1,0,0,0.256,2,0.1004929
0.750000,-40.000000,0.99,1,0,0,1,1,0,1,0,0,0.512,2,0.1468880
0.750000,-40.000000,0.99,1,0,0,1,1,0,1,0,0,1.024,2,0.2447629
0.750000,-40.000000,0.99,1,0,0,1,1,0,1,0,0,0.016,4, 0.0573097
0.750000,-40.000000,0.99,1,0,0,1,1,0,1,0,0,0.032,4,0.0614627
0.750000,-40.000000,0.99,1,0,0,1,1,0,1,0,0,0.064,4,0.0672814
0.750000,-40.000000,0.99,1,0,0,1,1,0,1,0,0,0.128,4,0.0780394
0.750000,-40.000000,0.99,1,0,0,1,1,0,1,0,0,0.256,4,0.1004136
0.750000,-40.000000,0.99,1,0,0,1,1,0,1,0,0,0.512,4,0.1463652
0.750000,-40.000000,0.99,1,0,0,1,1,0,1,0,0,1.024,4,0.2447938
0.750000,-40.000000,0.99,1,0,0,1,1,0,1,0,0,0.016,8, 0.0573644
0.750000,-40.000000,0.99,1,0,0,1,1,0,1,0,0,0.032,8,0.0616932
0.750000,-40.000000,0.99,1,0,0,1,1,0,1,0,0,0.064,8,0.0673288
0.750000,-40.000000,0.99,1,0,0,1,1,0,1,0,0,0.128,8,0.0783086
0.750000,-40.000000,0.99,1,0,0,1,1,0,1,0,0,0.256,8,0.1005511
0.750000,-40.000000,0.99,1,0,0,1,1,0,1,0,0,0.512,8,0.1470058
0.750000,-40.000000,0.99,1,0,0,1,1,0,1,0,0,1.024,8,0.2449299
0.750000,-40.000000,0.99,1,0,0,1,1,0,1,0,0,0.016,16, 0.0589008
0.750000,-40.000000,0.99,1,0,0,1,1,0,1,0,0,0.032,16,0.0635994
0.750000,-40.000000,0.99,1,0,0,1,1,0,1,0,0,0.064,16,0.0686310
0.750000,-40.000000,0.99,1,0,0,1,1,0,1,0,0,0.128,16,0.0795561
0.750000,-40.000000,0.99,1,0,0,1,1,0,1,0,0,0.256,16,0.1014880
0.750000,-40.000000,0.99,1,0,0,1,1,0,1,0,0,0.512,16,0.1479113
0.750000,-40.000000,0.99,1,0,0,1,1,0,1,0,0,1.024,16,0.2454278
0.750000,-40.000000,0.99,1,0,0,1,1,0,0,1,0,0.016,0.1,0.2130268
0.750000,-40.000000,0.99,1,0,0,1,1,0,0,1,0,0.032,0.1,0.2190996
0.750000,-40.000000,0.99,1,0,0,1,1,0,0,1,0,0.064,0.1,0.2254986
0.750000,-40.000000,0.99,1,0,0,1,1,0,0,1,0,0.128,0.1,0.2360208
0.750000,-40.000000,0.99,1,0,0,1,1,0,0,1,0,0.256,0.1,0.2523943
0.750000,-40.000000,0.99,1,0,0,1,1,0,0,1,0,0.512,0.1,0.2772675
0.750000,-40.000000,0.99,1,0,0,1,1,0,0,1,0,1.024,0.1,0.3171104
0.750000,-40.000000,0.99,1,0,0,1,1,0,0,1,0,0.016,0.5, 0.2223860
0.750000,-40.000000,0.99,1,0,0,1,1,0,0,1,0,0.032,0.5,0.2284419
0.750000,-40.000000,0.99,1,0,0,1,1,0,0,1,0,0.064,0.5,0.2348551
0.750000,-40.000000,0.99,1,0,0,1,1,0,0,1,0,0.128,0.5,0.2453569
0.750000,-40.000000,0.99,1,0,0,1,1,0,0,1,0,0.256,0.5,0.2616871
0.750000,-40.000000,0.99,1,0,0,1,1,0,0,1,0,0.512,0.5,0.2866354
0.750000,-40.000000,0.99,1,0,0,1,1,0,0,1,0,1.024,0.5,0.3264432
0.750000,-40.000000,0.99,1,0,0,1,1,0,0,1,0,0.016,1, 0.2414601
0.750000,-40.000000,0.99,1,0,0,1,1,0,0,1,0,0.032,1,0.2475027
0.750000,-40.000000,0.99,1,0,0,1,1,0,0,1,0,0.064,1,0.2539206
0.750000,-40.000000,0.99,1,0,0,1,1,0,0,1,0,0.128,1,0.2644097
0.750000,-40.000000,0.99,1,0,0,1,1,0,0,1,0,0.256,1,0.2807532
0.750000,-40.000000,0.99,1,0,0,1,1,0,0,1,0,0.512,1,0.3056788
0.750000,-40.000000,0.99,1,0,0,1,1,0,0,1,0,1.024,1,0.3454765
0.750000,-40.000000,0.99,1,0,0,1,1,0,0,1,0,0.016,2, 0.2807032
0.750000,-40.000000,0.99,1,0,0,1,1,0,0,1,0,0.032,2,0.2867458
0.750000,-40.000000,0.99,1,0,0,1,1,0,0,1,0,0.064,2,0.2931520
0.750000,-40.000000,0.99,1,0,0,1,1,0,0,1,0,0.128,2,0.3036364
0.750000,-40.000000,0.99,1,0,0,1,1,0,0,1,0,0.256,2,0.3200151
0.750000,-40.000000,0.99,1,0,0,1,1,0,0,1,0,0.512,2,0.3448522
0.750000,-40.000000,0.99,1,0,0,1,1,0,0,1,0,1.024,2,0.3846760
0.750000,-40.000000,0.99,1,0,0,1,1,0,0,1,0,0.016,4, 0.3594638
0.750000,-40.000000,0.99,1,0,0,1,1,0,0,1,0,0.032,4,0.3654954
0.750000,-40.000000,0.99,1,0,0,1,1,0,0,1,0,0.064,4,0.3719163
0.750000,-40.000000,0.99,1,0,0,1,1,0,0,1,0,0.128,4,0.3824042
0.750000,-40.000000,0.99,1,0,0,1,1,0,0,1,0,0.256,4,0.3986721
0.750000,-40.000000,0.99,1,0,0,1,1,0,0,1,0,0.512,4,0.4235851
0.750000,-40.000000,0.99,1,0,0,1,1,0,0,1,0,1.024,4,0.4635042
0.750000,-40.000000,0.99,1,0,0,1,1,0,0,1,0,0.016,8, 0.4949144
0.750000,-40.000000,0.99,1,0,0,1,1,0,0,1,0,0.032,8,0.5012650
0.750000,-40.000000,0.99,1,0,0,1,1,0,0,1,0,0.064,8,0.5079430
0.750000,-40.000000,0.99,1,0,0,1,1,0,0,1,0,0.128,8,0.5189255
0.750000,-40.000000,0.99,1,0,0,1,1,0,0,1,0,0.256,8,0.5358707
0.750000,-40.000000,0.99,1,0,0,1,1,0,0,1,0,0.512,8,0.5611122
0.750000,-40.000000,0.99,1,0,0,1,1,0,0,1,0,1.024,8,0.6013876
0.750000,-40.000000,0.99,1,0,0,1,1,0,0,1,0,0.016,16, 0.7036758
0.750000,-40.000000,0.99,1,0,0,1,1,0,0,1,0,0.032,16,0.7110412
0.750000,-40.000000,0.99,1,0,0,1,1,0,0,1,0,0.064,16,0.7186496
0.750000,-40.000000,0.99,1,0,0,1,1,0,0,1,0,0.128,16,0.7311111
0.750000,-40.000000,0.99,1,0,0,1,1,0,0,1,0,0.256,16,0.7496679
0.750000,-40.000000,0.99,1,0,0,1,1,0,0,1,0,0.512,16,0.7773688
0.750000,-40.000000,0.99,1,0,0,1,1,0,0,1,0,1.024,16,0.8191214
0.750000,-40.000000,0.99,1,0,0,1,1,0,0,0,1,0.016,0.1,0.0616285
0.750000,-40.000000,0.99,1,0,0,1,1,0,0,0,1,0.032,0.1,0.0660814
0.750000,-40.000000,0.99,1,0,0,1,1,0,0,0,1,0.064,0.1,0.0706092
0.750000,-40.000000,0.99,1,0,0,1,1,0,0,0,1,0.128,0.1,0.0785398
0.750000,-40.000000,0.99,1,0,0,1,1,0,0,0,1,0.256,0.1,0.0914692
0.750000,-40.000000,0.99,1,0,0,1,1,0,0,0,1,0.512,0.1,0.1153984
0.750000,-40.000000,0.99,1,0,0,1,1,0,0,0,1,1.024,0.1,0.1675171
0.750000,-40.000000,0.99,1,0,0,1,1,0,0,0,1,0.016,0.5, 0.0617500
0.750000,-40.000000,0.99,1,0,0,1,1,0,0,0,1,0.032,0.5,0.0656897
0.750000,-40.000000,0.99,1,0,0,1,1,0,0,0,1,0.064,0.5,0.0705727
0.750000,-40.000000,0.99,1,0,0,1,1,0,0,0,1,0.128,0.5,0.0785320
0.750000,-40.000000,0.99,1,0,0,1,1,0,0,0,1,0.256,0.5,0.0911653
0.750000,-40.000000,0.99,1,0,0,1,1,0,0,0,1,0.512,0.5,0.1157359
0.750000,-40.000000,0.99,1,0,0,1,1,0,0,0,1,1.024,0.5,0.1678214
0.750000,-40.000000,0.99,1,0,0,1,1,0,0,0,1,0.016,1, 0.0617920
0.750000,-40.000000,0.99,1,0,0,1,1,0,0,0,1,0.032,1,0.0656979
0.750000,-40.000000,0.99,1,0,0,1,1,0,0,0,1,0.064,1,0.0704791
0.750000,-40.000000,0.99,1,0,0,1,1,0,0,0,1,0.128,1,0.0784965
0.750000,-40.000000,0.99,1,0,0,1,1,0,0,0,1,0.256,1,0.0910318
0.750000,-40.000000,0.99,1,0,0,1,1,0,0,0,1,0.512,1,0.1157572
0.750000,-40.000000,0.99,1,0,0,1,1,0,0,0,1,1.024,1,0.1678133
0.750000,-40.000000,0.99,1,0,0,1,1,0,0,0,1,0.016,2, 0.0617622
0.750000,-40.000000,0.99,1,0,0,1,1,0,0,0,1,0.032,2,0.0659621
0.750000,-40.000000,0.99,1,0,0,1,1,0,0,0,1,0.064,2,0.0705415
0.750000,-40.000000,0.99,1,0,0,1,1,0,0,0,1,0.128,2,0.0776150
0.750000,-40.000000,0.99,1,0,0,1,1,0,0,0,1,0.256,2,0.0913696
0.750000,-40.000000,0.99,1,0,0,1,1,0,0,0,1,0.512,2,0.1154909
0.750000,-40.000000,0.99,1,0,0,1,1,0,0,0,1,1.024,2,0.1677093
0.750000,-40.000000,0.99,1,0,0,1,1,0,0,0,1,0.016,4, 0.0615903
0.750000,-40.000000,0.99,1,0,0,1,1,0,0,0,1,0.032,4,0.0660034
0.750000,-40.000000,0.99,1,0,0,1,1,0,0,0,1,0.064,4,0.0702816
0.750000,-40.000000,0.99,1,0,0,1,1,0,0,0,1,0.128,4,0.0781089
0.750000,-40.000000,0.99,1,0,0,1,1,0,0,0,1,0.256,4,0.0914508
0.750000,-40.000000,0.99,1,0,0,1,1,0,0,0,1,0.512,4,0.1159159
0.750000,-40.000000,0.99,1,0,0,1,1,0,0,0,1,1.024,4,0.1679676
0.750000,-40.000000,0.99,1,0,0,1,1,0,0,0,1,0.016,8, 0.0662094
0.750000,-40.000000,0.99,1,0,0,1,1,0,0,0,1,0.032,8,0.0702201
0.750000,-40.000000,0.99,1,0,0,1,1,0,0,0,1,0.064,8,0.0741134
0.750000,-40.000000,0.99,1,0,0,1,1,0,0,0,1,0.128,8,0.0816324
0.750000,-40.000000,0.99,1,0,0,1,1,0,0,0,1,0.256,8,0.0943793
0.750000,-40.000000,0.99,1,0,0,1,1,0,0,0,1,0.512,8,0.1184598
0.750000,-40.000000,0.99,1,0,0,1,1,0,0,0,1,1.024,8,0.1689742
0.750000,-40.000000,0.99,1,0,0,1,1,0,0,0,1,0.016,16, 0.0791283
0.750000,-40.000000,0.99,1,0,0,1,1,0,0,0,1,0.032,16,0.0823673
0.750000,-40.000000,0.99,1,0,0,1,1,0,0,0,1,0.064,16,0.0866011
0.750000,-40.000000,0.99,1,0,0,1,1,0,0,0,1,0.128,16,0.0931610
0.750000,-40.000000,0.99,1,0,0,1,1,0,0,0,1,0.256,16,0.1060777
0.750000,-40.000000,0.99,1,0,0,1,1,0,0,0,1,0.512,16,0.1281145
0.750000,-40.000000,0.99,1,0,0,1,1,0,0,0,1,1.024,16,0.1761412
0.750000,-40.000000,0.99,0,1,0,1,1,1,0,0,0,0.016,0.1,0.3451426
0.750000,-40.000000,0.99,0,1,0,1,1,1,0,0,0,0.032,0.1,0.3501367
0.750000,-40.000000,0.99,0,1,0,1,1,1,0,0,0,0.064,0.1,0.3556649
0.750000,-40.000000,0.99,0,1,0,1,1,1,0,0,0,0.128,0.1,0.3653149
0.750000,-40.000000,0.99,0,1,0,1,1,1,0,0,0,0.256,0.1,0.3818489
0.750000,-40.000000,0.99,0,1,0,1,1,1,0,0,0,0.512,0.1,0.4107499
0.750000,-40.000000,0.99,0,1,0,1,1,1,0,0,0,1.024,0.1,0.4645048
0.750000,-40.000000,0.99,0,1,0,1,1,1,0,0,0,0.016,0.5, 0.3535072
0.750000,-40.000000,0.99,0,1,0,1,1,1,0,0,0,0.032,0.5,0.3585396
0.750000,-40.000000,0.99,0,1,0,1,1,1,0,0,0,0.064,0.5,0.3640890
0.750000,-40.000000,0.99,0,1,0,1,1,1,0,0,0,0.128,0.5,0.3736141
0.750000,-40.000000,0.99,0,1,0,1,1,1,0,0,0,0.256,0.5,0.3903730
0.750000,-40.000000,0.99,0,1,0,1,1,1,0,0,0,0.512,0.5,0.4191971
0.750000,-40.000000,0.99,0,1,0,1,1,1,0,0,0,1.024,0.5,0.4730434
0.750000,-40.000000,0.99,0,1,0,1,1,1,0,0,0,0.016,1, 0.3721267
0.750000,-40.000000,0.99,0,1,0,1,1,1,0,0,0,0.032,1,0.3770362
0.750000,-40.000000,0.99,0,1,0,1,1,1,0,0,0,0.064,1,0.3826112
0.750000,-40.000000,0.99,0,1,0,1,1,1,0,0,0,0.128,1,0.3923306
0.750000,-40.000000,0.99,0,1,0,1,1,1,0,0,0,0.256,1,0.4087229
0.750000,-40.000000,0.99,0,1,0,1,1,1,0,0,0,0.512,1,0.4378103
0.750000,-40.000000,0.99,0,1,0,1,1,1,0,0,0,1.024,1,0.4914403
0.750000,-40.000000,0.99,0,1,0,1,1,1,0,0,0,0.016,2, 0.4137216
0.750000,-40.000000,0.99,0,1,0,1,1,1,0,0,0,0.032,2,0.4187146
0.750000,-40.000000,0.99,0,1,0,1,1,1,0,0,0,0.064,2,0.4242473
0.750000,-40.000000,0.99,0,1,0,1,1,1,0,0,0,0.128,2,0.4338971
0.750000,-40.000000,0.99,0,1,0,1,1,1,0,0,0,0.256,2,0.4504645
0.750000,-40.000000,0.99,0,1,0,1,1,1,0,0,0,0.512,2,0.4794189
0.750000,-40.000000,0.99,0,1,0,1,1,1,0,0,0,1.024,2,0.5331564
0.750000,-40.000000,0.99,0,1,0,1,1,1,0,0,0,0.016,4, 0.5032375
0.750000,-40.000000,0.99,0,1,0,1,1,1,0,0,0,0.032,4,0.5082704
0.750000,-40.000000,0.99,0,1,0,1,1,1,0,0,0,0.064,4,0.5137905
0.750000,-40.000000,0.99,0,1,0,1,1,1,0,0,0,0.128,4,0.5233250
0.750000,-40.000000,0.99,0,1,0,1,1,1,0,0,0,0.256,4,0.5400768
0.750000,-40.000000,0.99,0,1,0,1,1,1,0,0,0,0.512,4,0.5689478
0.750000,-40.000000,0.99,0,1,0,1,1,1,0,0,0,1.024,4,0.6228215
0.750000,-40.000000,0.99,0,1,0,1,1,1,0,0,0,0.016,8, 0.6872269
0.750000,-40.000000,0.99,0,1,0,1,1,1,0,0,0,0.032,8,0.6921679
0.750000,-40.000000,0.99,0,1,0,1,1,1,0,0,0,0.064,8,0.6977213
0.750000,-40.000000,0.99,0,1,0,1,1,1,0,0,0,0.128,8,0.7073623
0.750000,-40.000000,0.99,0,1,0,1,1,1,0,0,0,0.256,8,0.7238692
0.750000,-40.000000,0.99,0,1,0,1,1,1,0,0,0,0.512,8,0.7528421
0.750000,-40.000000,0.99,0,1,0,1,1,1,0,0,0,1.024,8,0.8066240
0.750000,-40.000000,0.99,0,1,0,1,1,1,0,0,0,0.016,16, 1.0331014
0.750000,-40.000000,0.99,0,1,0,1,1,1,0,0,0,0.032,16,1.0385420
0.750000,-40.000000,0.99,0,1,0,1,1,1,0,0,0,0.064,16,1.0443820
0.750000,-40.000000,0.99,0,1,0,1,1,1,0,0,0,0.128,16,1.0543328
0.750000,-40.000000,0.99,0,1,0,1,1,1,0,0,0,0.256,16,1.0710184
0.750000,-40.000000,0.99,0,1,0,1,1,1,0,0,0,0.512,16,1.1002115
0.750000,-40.000000,0.99,0,1,0,1,1,1,0,0,0,1.024,16,1.1538674
0.750000,-40.000000,0.99,0,1,0,1,1,0,1,0,0,0.016,0.1,0.0574914
0.750000,-40.000000,0.99,0,1,0,1,1,0,1,0,0,0.032,0.1,0.0619488
0.750000,-40.000000,0.99,0,1,0,1,1,0,1,0,0,0.064,0.1,0.0675011
0.750000,-40.000000,0.99,0,1,0,1,1,0,1,0,0,0.128,0.1,0.0781323
0.750000,-40.000000,0.99,0,1,0,1,1,0,1,0,0,0.256,0.1,0.1002393
0.750000,-40.000000,0.99,0,1,0,1,1,0,1,0,0,0.512,0.1,0.1470310
0.750000,-40.000000,0.99,0,1,0,1,1,0,1,0,0,1.024,0.1,0.2449424
0.750000,-40.000000,0.99,0,1,0,1,1,0,1,0,0,0.016,0.5, 0.0573169
0.750000,-40.000000,0.99,0,1,0,1,1,0,1,0,0,0.032,0.5,0.0616908
0.750000,-40.000000,0.99,0,1,0,1,1,0,1,0,0,0.064,0.5,0.0673070
0.750000,-40.000000,0.99,0,1,0,1,1,0,1,0,0,0.128,0.5,0.0779934
0.750000,-40.000000,0.99,0,1,0,1,1,0,1,0,0,0.256,0.5,0.1004777
0.750000,-40.000000,0.99,0,1,0,1,1,0,1,0,0,0.512,0.5,0.1467664
0.750000,-40.000000,0.99,0,1,0,1,1,0,1,0,0,1.024,0.5,0.2448433
0.750000,-40.000000,0.99,0,1,0,1,1,0,1,0,0,0.016,1, 0.0572797
0.750000,-40.000000,0.99,0,1,0,1,1,0,1,0,0,0.032,1,0.0617479
0.750000,-40.000000,0.99,0,1,0,1,1,0,1,0,0,0.064,1,0.0671774
0.750000,-40.000000,0.99,0,1,0,1,1,0,1,0,0,0.128,1,0.0782260
0.750000,-40.000000,0.99,0,1,0,1,1,0,1,0,0,0.256,1,0.1001824
0.750000,-40.000000,0.99,0,1,0,1,1,0,1,0,0,0.512,1,0.1469929
0.750000,-40.000000,0.99,0,1,0,1,1,0,1,0,0,1.024,1,0.2449238
0.750000,-40.000000,0.99,0,1,0,1,1,0,1,0,0,0.016,2, 0.0574950
0.750000,-40.000000,0.99,0,1,0,1,1,0,1,0,0,0.032,2,0.0619488
0.750000,-40.000000,0.99,0,1,0,1,1,0,1,0,0,0.064,2,0.0675055
0.750000,-40.000000,0.99,0,1,0,1,1,0,1,0,0,0.128,2,0.0781143
0.750000,-40.000000,0.99,0,1,0,1,1,0,1,0,0,0.256,2,0.1002154
0.750000,-40.000000,0.99,0,1,0,1,1,0,1,0,0,0.512,2,0.1470327
0.750000,-40.000000,0.99,0,1,0,1,1,0,1,0,0,1.024,2,0.2449162
0.750000,-40.000000,0.99,0,1,0,1,1,0,1,0,0,0.016,4, 0.0570292
0.750000,-40.000000,0.99,0,1,0,1,1,0,1,0,0,0.032,4,0.0617560
0.750000,-40.000000,0.99,0,1,0,1,1,0,1,0,0,0.064,4,0.0673087
0.750000,-40.000000,0.99,0,1,0,1,1,0,1,0,0,0.128,4,0.0780107
0.750000,-40.000000,0.99,0,1,0,1,1,0,1,0,0,0.256,4,0.1004910
0.750000,-40.000000,0.99,0,1,0,1,1,0,1,0,0,0.512,4,0.1467662
0.750000,-40.000000,0.99,0,1,0,1,1,0,1,0,0,1.024,4,0.2449024
0.750000,-40.000000,0.99,0,1,0,1,1,0,1,0,0,0.016,8, 0.0573945
0.750000,-40.000000,0.99,0,1,0,1,1,0,1,0,0,0.032,8,0.0619534
0.750000,-40.000000,0.99,0,1,0,1,1,0,1,0,0,0.064,8,0.0674368
0.750000,-40.000000,0.99,0,1,0,1,1,0,1,0,0,0.128,8,0.0783324
0.750000,-40.000000,0.99,0,1,0,1,1,0,1,0,0,0.256,8,0.1003841
0.750000,-40.000000,0.99,0,1,0,1,1,0,1,0,0,0.512,8,0.1471565
0.750000,-40.000000,0.99,0,1,0,1,1,0,1,0,0,1.024,8,0.2448992
0.750000,-40.000000,0.99,0,1,0,1,1,0,1,0,0,0.016,16, 0.0640199
0.750000,-40.000000,0.99,0,1,0,1,1,0,1,0,0,0.032,16,0.0675793
0.750000,-40.000000,0.99,0,1,0,1,1,0,1,0,0,0.064,16,0.0725727
0.750000,-40.000000,0.99,0,1,0,1,1,0,1,0,0,0.128,16,0.0829298
0.750000,-40.000000,0.99,0,1,0,1,1,0,1,0,0,0.256,16,0.1044224
0.750000,-40.000000,0.99,0,1,0,1,1,0,1,0,0,0.512,16,0.1493869
0.750000,-40.000000,0.99,0,1,0,1,1,0,1,0,0,1.024,16,0.2464446
0.750000,-40.000000,0.99,0,1,0,1,1,0,0,1,0,0.016,0.1,0.2032993
0.750000,-40.000000,0.99,0,1,0,1,1,0,0,1,0,0.032,0.1,0.2091565
0.750000,-40.000000,0.99,0,1,0,1,1,0,0,1,0,0.064,0.1,0.2154361
0.750000,-40.000000,0.99,0,1,0,1,1,0,0,1,0,0.128,0.1,0.2257686
0.750000,-40.000000,0.99,0,1,0,1,1,0,0,1,0,0.256,0.1,0.2418449
0.750000,-40.000000,0.99,0,1,0,1,1,0,0,1,0,0.512,0.1,0.2662690
0.750000,-40.000000,0.99,0,1,0,1,1,0,0,1,0,1.024,0.1,0.3057583
0.750000,-40.000000,0.99,0,1,0,1,1,0,0,1,0,0.016,0.5, 0.2126977
0.750000,-40.000000,0.99,0,1,0,1,1,0,0,1,0,0.032,0.5,0.2186179
0.750000,-40.000000,0.99,0,1,0,1,1,0,0,1,0,0.064,0.5,0.2248765
0.750000,-40.000000,0.99,0,1,0,1,1,0,0,1,0,0.128,0.5,0.2351699
0.750000,-40.000000,0.99,0,1,0,1,1,0,0,1,0,0.256,0.5,0.2512642
0.750000,-40.000000,0.99,0,1,0,1,1,0,0,1,0,0.512,0.5,0.2757375
0.750000,-40.000000,0.99,0,1,0,1,1,0,0,1,0,1.024,0.5,0.3152785
0.750000,-40.000000,0.99,0,1,0,1,1,0,0,1,0,0.016,1, 0.2320533
0.750000,-40.000000,0.99,0,1,0,1,1,0,0,1,0,0.032,1,0.2379462
0.750000,-40.000000,0.99,0,1,0,1,1,0,0,1,0,0.064,1,0.2442567
0.750000,-40.000000,0.99,0,1,0,1,1,0,0,1,0,0.128,1,0.2545603
0.750000,-40.000000,0.99,0,1,0,1,1,0,0,1,0,0.256,1,0.2705919
0.750000,-40.000000,0.99,0,1,0,1,1,0,0,1,0,0.512,1,0.2950746
0.750000,-40.000000,0.99,0,1,0,1,1,0,0,1,0,1.024,1,0.3343382
0.750000,-40.000000,0.99,0,1,0,1,1,0,0,1,0,0.016,2, 0.2720942
0.750000,-40.000000,0.99,0,1,0,1,1,0,0,1,0,0.032,2,0.2780076
0.750000,-40.000000,0.99,0,1,0,1,1,0,0,1,0,0.064,2,0.2842845
0.750000,-40.000000,0.99,0,1,0,1,1,0,0,1,0,0.128,2,0.2945884
0.750000,-40.000000,0.99,0,1,0,1,1,0,0,1,0,0.256,2,0.3106387
0.750000,-40.000000,0.99,0,1,0,1,1,0,0,1,0,0.512,2,0.3351190
0.750000,-40.000000,0.99,0,1,0,1,1,0,0,1,0,1.024,2,0.3745314
0.750000,-40.000000,0.99,0,1,0,1,1,0,0,1,0,0.016,4, 0.3507618
0.750000,-40.000000,0.99,0,1,0,1,1,0,0,1,0,0.032,4,0.3567321
0.750000,-40.000000,0.99,0,1,0,1,1,0,0,1,0,0.064,4,0.3629543
0.750000,-40.000000,0.99,0,1,0,1,1,0,0,1,0,0.128,4,0.3733764
0.750000,-40.000000,0.99,0,1,0,1,1,0,0,1,0,0.256,4,0.3895071
0.750000,-40.000000,0.99,0,1,0,1,1,0,0,1,0,0.512,4,0.4140208
0.750000,-40.000000,0.99,0,1,0,1,1,0,0,1,0,1.024,4,0.4532768
0.750000,-40.000000,0.99,0,1,0,1,1,0,0,1,0,0.016,8, 0.4819312
0.750000,-40.000000,0.99,0,1,0,1,1,0,0,1,0,0.032,8,0.4882740
0.750000,-40.000000,0.99,0,1,0,1,1,0,0,1,0,0.064,8,0.4949360
0.750000,-40.000000,0.99,0,1,0,1,1,0,0,1,0,0.128,8,0.5057551
0.750000,-40.000000,0.99,0,1,0,1,1,0,0,1,0,0.256,8,0.5225848
0.750000,-40.000000,0.99,0,1,0,1,1,0,0,1,0,0.512,8,0.5480016
0.750000,-40.000000,0.99,0,1,0,1,1,0,0,1,0,1.024,8,0.5880216
0.750000,-40.000000,0.99,0,1,0,1,1,0,0,1,0,0.016,16, 0.6839811
0.750000,-40.000000,0.99,0,1,0,1,1,0,0,1,0,0.032,16,0.6913271
0.750000,-40.000000,0.99,0,1,0,1,1,0,0,1,0,0.064,16,0.6990391
0.750000,-40.000000,0.99,0,1,0,1,1,0,0,1,0,0.128,16,0.7113292
0.750000,-40.000000,0.99,0,1,0,1,1,0,0,1,0,0.256,16,0.7301008
0.750000,-40.000000,0.99,0,1,0,1,1,0,0,1,0,0.512,16,0.7573700
0.750000,-40.000000,0.99,0,1,0,1,1,0,0,1,0,1.024,16,0.7991501
0.750000,-40.000000,0.99,0,1,0,1,1,0,0,0,1,0.016,0.1,0.0597179
0.750000,-40.000000,0.99,0,1,0,1,1,0,0,0,1,0.032,0.1,0.0641132
0.750000,-40.000000,0.99,0,1,0,1,1,0,0,0,1,0.064,0.1,0.0686564
0.750000,-40.000000,0.99,0,1,0,1,1,0,0,0,1,0.128,0.1,0.0761344
0.750000,-40.000000,0.99,0,1,0,1,1,0,0,0,1,0.256,0.1,0.0895872
0.750000,-40.000000,0.99,0,1,0,1,1,0,0,0,1,0.512,0.1,0.1140393
0.750000,-40.000000,0.99,0,1,0,1,1,0,0,0,1,1.024,0.1,0.1665251
0.750000,-40.000000,0.99,0,1,0,1,1,0,0,0,1,0.016,0.5, 0.0598479
0.750000,-40.000000,0.99,0,1,0,1,1,0,0,0,1,0.032,0.5,0.0642641
0.750000,-40.000000,0.99,0,1,0,1,1,0,0,0,1,0.064,0.5,0.0687456
0.750000,-40.000000,0.99,0,1,0,1,1,0,0,0,1,0.128,0.5,0.0765459
0.750000,-40.000000,0.99,0,1,0,1,1,0,0,0,1,0.256,0.5,0.0895220
0.750000,-40.000000,0.99,0,1,0,1,1,0,0,0,1,0.512,0.5,0.1138312
0.750000,-40.000000,0.99,0,1,0,1,1,0,0,0,1,1.024,0.5,0.1665301
0.750000,-40.000000,0.99,0,1,0,1,1,0,0,0,1,0.016,1, 0.0598888
0.750000,-40.000000,0.99,0,1,0,1,1,0,0,0,1,0.032,1,0.0639698
0.750000,-40.000000,0.99,0,1,0,1,1,0,0,0,1,0.064,1,0.0684162
0.750000,-40.000000,0.99,0,1,0,1,1,0,0,0,1,0.128,1,0.0761775
0.750000,-40.000000,0.99,0,1,0,1,1,0,0,0,1,0.256,1,0.0893248
0.750000,-40.000000,0.99,0,1,0,1,1,0,0,0,1,0.512,1,0.1139909
0.750000,-40.000000,0.99,0,1,0,1,1,0,0,0,1,1.024,1,0.1662083
0.750000,-40.000000,0.99,0,1,0,1,1,0,0,0,1,0.016,2, 0.0600073
0.750000,-40.000000,0.99,0,1,0,1,1,0,0,0,1,0.032,2,0.0639782
0.750000,-40.000000,0.99,0,1,0,1,1,0,0,0,1,0.064,2,0.0683810
0.750000,-40.000000,0.99,0,1,0,1,1,0,0,0,1,0.128,2,0.0760809
0.750000,-40.000000,0.99,0,1,0,1,1,0,0,0,1,0.256,2,0.0893483
0.750000,-40.000000,0.99,0,1,0,1,1,0,0,0,1,0.512,2,0.1139448
0.750000,-40.000000,0.99,0,1,0,1,1,0,0,0,1,1.024,2,0.1663625
0.750000,-40.000000,0.99,0,1,0,1,1,0,0,0,1,0.016,4, 0.0601455
0.750000,-40.000000,0.99,0,1,0,1,1,0,0,0,1,0.032,4,0.0645115
0.750000,-40.000000,0.99,0,1,0,1,1,0,0,0,1,0.064,4,0.0690620
0.750000,-40.000000,0.99,0,1,0,1,1,0,0,0,1,0.128,4,0.0766397
0.750000,-40.000000,0.99,0,1,0,1,1,0,0,0,1,0.256,4,0.0898331
0.750000,-40.000000,0.99,0,1,0,1,1,0,0,0,1,0.512,4,0.1142370
0.750000,-40.000000,0.99,0,1,0,1,1,0,0,0,1,1.024,4,0.1666345
0.750000,-40.000000,0.99,0,1,0,1,1,0,0,0,1,0.016,8, 0.0656359
0.750000,-40.000000,0.99,0,1,0,1,1,0,0,0,1,0.032,8,0.0694928
0.750000,-40.000000,0.99,0,1,0,1,1,0,0,0,1,0.064,8,0.0737078
0.750000,-40.000000,0.99,0,1,0,1,1,0,0,0,1,0.128,8,0.0812382
0.750000,-40.000000,0.99,0,1,0,1,1,0,0,0,1,0.256,8,0.0938877
0.750000,-40.000000,0.99,0,1,0,1,1,0,0,0,1,0.512,8,0.1177843
0.750000,-40.000000,0.99,0,1,0,1,1,0,0,0,1,1.024,8,0.1684782
0.750000,-40.000000,0.99,0,1,0,1,1,0,0,0,1,0.016,16, 0.0786288
0.750000,-40.000000,0.99,0,1,0,1,1,0,0,0,1,0.032,16,0.0824992
0.750000,-40.000000,0.99,0,1,0,1,1,0,0,0,1,0.064,16,0.0865850
0.750000,-40.000000,0.99,0,1,0,1,1,0,0,0,1,0.128,16,0.0937489
0.750000,-40.000000,0.99,0,1,0,1,1,0,0,0,1,0.256,16,0.1058893
0.750000,-40.000000,0.99,0,1,0,1,1,0,0,0,1,0.512,16,0.1278584
0.750000,-40.000000,0.99,0,1,0,1,1,0,0,0,1,1.024,16,0.1758324
0.750000,-40.000000,0.99,0,0,1,1,1,1,0,0,0,0.016,0.1,0.3078452
0.750000,-40.000000,0.99,0,0,1,1,1,1,0,0,0,0.032,0.1,0.3127084
0.750000,-40.000000,0.99,0,0,1,1,1,1,0,0,0,0.064,0.1,0.3183873
0.750000,-40.000000,0.99,0,0,1,1,1,1,0,0,0,0.128,0.1,0.3280678
0.750000,-40.000000,0.99,0,0,1,1,1,1,0,0,0,0.256,0.1,0.3446552
0.750000,-40.000000,0.99,0,0,1,1,1,1,0,0,0,0.512,0.1,0.3736108
0.750000,-40.000000,0.99,0,0,1,1,1,1,0,0,0,1.024,0.1,0.4271034
0.750000,-40.000000,0.99,0,0,1,1,1,1,0,0,0,0.016,0.5, 0.3120740
0.750000,-40.000000,0.99,0,0,1,1,1,1,0,0,0,0.032,0.5,0.3171792
0.750000,-40.000000,0.99,0,0,1,1,1,1,0,0,0,0.064,0.5,0.3226380
0.750000,-40.000000,0.99,0,0,1,1,1,1,0,0,0,0.128,0.5,0.3322846
0.750000,-40.000000,0.99,0,0,1,1,1,1,0,0,0,0.256,0.5,0.3489009
0.750000,-40.000000,0.99,0,0,1,1,1,1,0,0,0,0.512,0.5,0.3778697
0.750000,-40.000000,0.99,0,0,1,1,1,1,0,0,0,1.024,0.5,0.4312486
0.750000,-40.000000,0.99,0,0,1,1,1,1,0,0,0,0.016,1, 0.3232249
0.750000,-40.000000,0.99,0,0,1,1,1,1,0,0,0,0.032,1,0.3282975
0.750000,-40.000000,0.99,0,0,1,1,1,1,0,0,0,0.064,1,0.3338121
0.750000,-40.000000,0.99,0,0,1,1,1,1,0,0,0,0.128,1,0.3435193
0.750000,-40.000000,0.99,0,0,1,1,1,1,0,0,0,0.256,1,0.3599200
0.750000,-40.000000,0.99,0,0,1,1,1,1,0,0,0,0.512,1,0.3887728
0.750000,-40.000000,0.99,0,0,1,1,1,1,0,0,0,1.024,1,0.4425895
0.750000,-40.000000,0.99,0,0,1,1,1,1,0,0,0,0.016,2, 0.3488911
0.750000,-40.000000,0.99,0,0,1,1,1,1,0,0,0,0.032,2,0.3538892
0.750000,-40.000000,0.99,0,0,1,1,1,1,0,0,0,0.064,2,0.3594571
0.750000,-40.000000,0.99,0,0,1,1,1,1,0,0,0,0.128,2,0.3690560
0.750000,-40.000000,0.99,0,0,1,1,1,1,0,0,0,0.256,2,0.3856457
0.750000,-40.000000,0.99,0,0,1,1,1,1,0,0,0,0.512,2,0.4144954
0.750000,-40.000000,0.99,0,0,1,1,1,1,0,0,0,1.024,2,0.4682074
0.750000,-40.000000,0.99,0,0,1,1,1,1,0,0,0,0.016,4, 0.4098710
0.750000,-40.000000,0.99,0,0,1,1,1,1,0,0,0,0.032,4,0.4149654
0.750000,-40.000000,0.99,0,0,1,1,1,1,0,0,0,0.064,4,0.4205339
0.750000,-40.000000,0.99,0,0,1,1,1,1,0,0,0,0.128,4,0.4302318
0.750000,-40.000000,0.99,0,0,1,1,1,1,0,0,0,0.256,4,0.4467584
0.750000,-40.000000,0.99,0,0,1,1,1,1,0,0,0,0.512,4,0.4758265
0.750000,-40.000000,0.99,0,0,1,1,1,1,0,0,0,1.024,4,0.5293787
0.750000,-40.000000,0.99,0,0,1,1,1,1,0,0,0,0.016,8, 0.5511704
0.750000,-40.000000,0.99,0,0,1,1,1,1,0,0,0,0.032,8,0.5564024
0.750000,-40.000000,0.99,0,0,1,1,1,1,0,0,0,0.064,8,0.5620164
0.750000,-40.000000,0.99,0,0,1,1,1,1,0,0,0,0.128,8,0.5719946
0.750000,-40.000000,0.99,0,0,1,1,1,1,0,0,0,0.256,8,0.5888311
0.750000,-40.000000,0.99,0,0,1,1,1,1,0,0,0,0.512,8,0.6177024
0.750000,-40.000000,0.99,0,0,1,1,1,1,0,0,0,1.024,8,0.6714266
0.750000,-40.000000,0.99,0,0,1,1,1,1,0,0,0,0.016,16, 0.7947703
0.750000,-40.000000,0.99,0,0,1,1,1,1,0,0,0,0.032,16,0.8012813
0.750000,-40.000000,0.99,0,0,1,1,1,1,0,0,0,0.064,16,0.8082480
0.750000,-40.000000,0.99,0,0,1,1,1,1,0,0,0,0.128,16,0.8195484
0.750000,-40.000000,0.99,0,0,1,1,1,1,0,0,0,0.256,16,0.8378092
0.750000,-40.000000,0.99,0,0,1,1,1,1,0,0,0,0.512,16,0.8682545
0.750000,-40.000000,0.99,0,0,1,1,1,1,0,0,0,1.024,16,0.9224728
0.750000,-40.000000,0.99,0,0,1,1,1,0,1,0,0,0.016,0.1,0.0570776
0.750000,-40.000000,0.99,0,0,1,1,1,0,1,0,0,0.032,0.1,0.0618356
0.750000,-40.000000,0.99,0,0,1,1,1,0,1,0,0,0.064,0.1,0.0671842
0.750000,-40.000000,0.99,0,0,1,1,1,0,1,0,0,0.128,0.1,0.0780390
0.750000,-40.000000,0.99,0,0,1,1,1,0,1,0,0,0.256,0.1,0.1004038
0.750000,-40.000000,0.99,0,0,1,1,1,0,1,0,0,0.512,0.1,0.1465483
0.750000,-40.000000,0.99,0,0,1,1,1,0,1,0,0,1.024,0.1,0.2448942
0.750000,-40.000000,0.99,0,0,1,1,1,0,1,0,0,0.016,0.5, 0.0573602
0.750000,-40.000000,0.99,0,0,1,1,1,0,1,0,0,0.032,0.5,0.0615857
0.750000,-40.000000,0.99,0,0,1,1,1,0,1,0,0,0.064,0.5,0.0672572
0.750000,-40.000000,0.99,0,0,1,1,1,0,1,0,0,0.128,0.5,0.0781793
0.750000,-40.000000,0.99,0,0,1,1,1,0,1,0,0,0.256,0.5,0.1003522
0.750000,-40.000000,0.99,0,0,1,1,1,0,1,0,0,0.512,0.5,0.1465864
0.750000,-40.000000,0.99,0,0,1,1,1,0,1,0,0,1.024,0.5,0.2446430
0.750000,-40.000000,0.99,0,0,1,1,1,0,1,0,0,0.016,1, 0.0571152
0.750000,-40.000000,0.99,0,0,1,1,1,0,1,0,0,0.032,1,0.0615981
0.750000,-40.000000,0.99,0,0,1,1,1,0,1,0,0,0.064,1,0.0672224
0.750000,-40.000000,0.99,0,0,1,1,1,0,1,0,0,0.128,1,0.0780991
0.750000,-40.000000,0.99,0,0,1,1,1,0,1,0,0,0.256,1,0.1004828
0.750000,-40.000000,0.99,0,0,1,1,1,0,1,0,0,0.512,1,0.1468574
0.750000,-40.000000,0.99,0,0,1,1,1,0,1,0,0,1.024,1,0.2447445
0.750000,-40.000000,0.99,0,0,1,1,1,0,1,0,0,0.016,2, 0.0574005
0.750000,-40.000000,0.99,0,0,1,1,1,0,1,0,0,0.032,2,0.0617080
0.750000,-40.000000,0.99,0,0,1,1,1,0,1,0,0,0.064,2,0.0672488
0.750000,-40.000000,0.99,0,0,1,1,1,0,1,0,0,0.128,2,0.0780839
0.750000,-40.000000,0.99,0,0,1,1,1,0,1,0,0,0.256,2,0.1001922
0.750000,-40.000000,0.99,0,0,1,1,1,0,1,0,0,0.512,2,0.1470269
0.750000,-40.000000,0.99,0,0,1,1,1,0,1,0,0,1.024,2,0.2448592
0.750000,-40.000000,0.99,0,0,1,1,1,0,1,0,0,0.016,4, 0.0574894
0.750000,-40.000000,0.99,0,0,1,1,1,0,1,0,0,0.032,4,0.0618822
0.750000,-40.000000,0.99,0,0,1,1,1,0,1,0,0,0.064,4,0.0673097
0.750000,-40.000000,0.99,0,0,1,1,1,0,1,0,0,0.128,4,0.0782493
0.750000,-40.000000,0.99,0,0,1,1,1,0,1,0,0,0.256,4,0.1007593
0.750000,-40.000000,0.99,0,0,1,1,1,0,1,0,0,0.512,4,0.1465206
0.750000,-40.000000,0.99,0,0,1,1,1,0,1,0,0,1.024,4,0.2447133
0.750000,-40.000000,0.99,0,0,1,1,1,0,1,0,0,0.016,8, 0.0620784
0.750000,-40.000000,0.99,0,0,1,1,1,0,1,0,0,0.032,8,0.0662091
0.750000,-40.000000,0.99,0,0,1,1,1,0,1,0,0,0.064,8,0.0714427
0.750000,-40.000000,0.99,0,0,1,1,1,0,1,0,0,0.128,8,0.0818308
0.750000,-40.000000,0.99,0,0,1,1,1,0,1,0,0,0.256,8,0.1032273
0.750000,-40.000000,0.99,0,0,1,1,1,0,1,0,0,0.512,8,0.1486367
0.750000,-40.000000,0.99,0,0,1,1,1,0,1,0,0,1.024,8,0.2467173
0.750000,-40.000000,0.99,0,0,1,1,1,0,1,0,0,0.016,16, 0.0852161
0.750000,-40.000000,0.99,0,0,1,1,1,0,1,0,0,0.032,16,0.0880873
0.750000,-40.000000,0.99,0,0,1,1,1,0,1,0,0,0.064,16,0.0921921
0.750000,-40.000000,0.99,0,0,1,1,1,0,1,0,0,0.128,16,0.1015467
0.750000,-40.000000,0.99,0,0,1,1,1,0,1,0,0,0.256,16,0.1198119
0.750000,-40.000000,0.99,0,0,1,1,1,0,1,0,0,0.512,16,0.1609917
0.750000,-40.000000,0.99,0,0,1,1,1,0,1,0,0,1.024,16,0.2526369
0.750000,-40.000000,0.99,0,0,1,1,1,0,0,1,0,0.016,0.1,0.1888867
0.750000,-40.000000,0.99,0,0,1,1,1,0,0,1,0,0.032,0.1,0.1946276
0.750000,-40.000000,0.99,0,0,1,1,1,0,0,1,0,0.064,0.1,0.2006945
0.750000,-40.000000,0.99,0,0,1,1,1,0,0,1,0,0.128,0.1,0.2107992
0.750000,-40.000000,0.99,0,0,1,1,1,0,0,1,0,0.256,0.1,0.2264738
0.750000,-40.000000,0.99,0,0,1,1,1,0,0,1,0,0.512,0.1,0.2505828
0.750000,-40.000000,0.99,0,0,1,1,1,0,0,1,0,1.024,0.1,0.2897307
0.750000,-40.000000,0.99,0,0,1,1,1,0,0,1,0,0.016,0.5, 0.1984431
0.750000,-40.000000,0.99,0,0,1,1,1,0,0,1,0,0.032,0.5,0.2041853
0.750000,-40.000000,0.99,0,0,1,1,1,0,0,1,0,0.064,0.5,0.2103061
0.750000,-40.000000,0.99,0,0,1,1,1,0,0,1,0,0.128,0.5,0.2203346
0.750000,-40.000000,0.99,0,0,1,1,1,0,0,1,0,0.256,0.5,0.2359904
0.750000,-40.000000,0.99,0,0,1,1,1,0,0,1,0,0.512,0.5,0.2601649
0.750000,-40.000000,0.99,0,0,1,1,1,0,0,1,0,1.024,0.5,0.2993848
0.750000,-40.000000,0.99,0,0,1,1,1,0,0,1,0,0.016,1, 0.2179908
0.750000,-40.000000,0.99,0,0,1,1,1,0,0,1,0,0.032,1,0.2237342
0.750000,-40.000000,0.99,0,0,1,1,1,0,0,1,0,0.064,1,0.2298061
0.750000,-40.000000,0.99,0,0,1,1,1,0,0,1,0,0.128,1,0.2399093
0.750000,-40.000000,0.99,0,0,1,1,1,0,0,1,0,0.256,1,0.2555774
0.750000,-40.000000,0.99,0,0,1,1,1,0,0,1,0,0.512,1,0.2796950
0.750000,-40.000000,0.99,0,0,1,1,1,0,0,1,0,1.024,1,0.3188469
0.750000,-40.000000,0.99,0,0,1,1,1,0,0,1,0,0.016,2, 0.2589444
0.750000,-40.000000,0.99,0,0,1,1,1,0,0,1,0,0.032,2,0.2646870
0.750000,-40.000000,0.99,0,0,1,1,1,0,0,1,0,0.064,2,0.2708039
0.750000,-40.000000,0.99,0,0,1,1,1,0,0,1,0,0.128,2,0.2808260
0.750000,-40.000000,0.99,0,0,1,1,1,0,0,1,0,0.256,2,0.2965445
0.750000,-40.000000,0.99,0,0,1,1,1,0,0,1,0,0.512,2,0.3207135
0.750000,-40.000000,0.99,0,0,1,1,1,0,0,1,0,1.024,2,0.3599604
0.750000,-40.000000,0.99,0,0,1,1,1,0,0,1,0,0.016,4, 0.3363442
0.750000,-40.000000,0.99,0,0,1,1,1,0,0,1,0,0.032,4,0.3421697
0.750000,-40.000000,0.99,0,0,1,1,1,0,0,1,0,0.064,4,0.3483407
0.750000,-40.000000,0.99,0,0,1,1,1,0,0,1,0,0.128,4,0.3584292
0.750000,-40.000000,0.99,0,0,1,1,1,0,0,1,0,0.256,4,0.3741740
0.750000,-40.000000,0.99,0,0,1,1,1,0,0,1,0,0.512,4,0.3983357
0.750000,-40.000000,0.99,0,0,1,1,1,0,0,1,0,1.024,4,0.4377459
0.750000,-40.000000,0.99,0,0,1,1,1,0,0,1,0,0.016,8, 0.4625242
0.750000,-40.000000,0.99,0,0,1,1,1,0,0,1,0,0.032,8,0.4686360
0.750000,-40.000000,0.99,0,0,1,1,1,0,0,1,0,0.064,8,0.4751917
0.750000,-40.000000,0.99,0,0,1,1,1,0,0,1,0,0.128,8,0.4860500
0.750000,-40.000000,0.99,0,0,1,1,1,0,0,1,0,0.256,8,0.5027347
0.750000,-40.000000,0.99,0,0,1,1,1,0,0,1,0,0.512,8,0.5278350
0.750000,-40.000000,0.99,0,0,1,1,1,0,0,1,0,1.024,8,0.5676321
0.750000,-40.000000,0.99,0,0,1,1,1,0,0,1,0,0.016,16, 0.6543582
0.750000,-40.000000,0.99,0,0,1,1,1,0,0,1,0,0.032,16,0.6616227
0.750000,-40.000000,0.99,0,0,1,1,1,0,0,1,0,0.064,16,0.6692523
0.750000,-40.000000,0.99,0,0,1,1,1,0,0,1,0,0.128,16,0.6815574
0.750000,-40.000000,0.99,0,0,1,1,1,0,0,1,0,0.256,16,0.7001353
0.750000,-40.000000,0.99,0,0,1,1,1,0,0,1,0,0.512,16,0.7276467
0.750000,-40.000000,0.99,0,0,1,1,1,0,0,1,0,1.024,16,0.7688086
0.750000,-40.000000,0.99,0,0,1,1,1,0,0,0,1,0.016,0.1,0.0577541
0.750000,-40.000000,0.99,0,0,1,1,1,0,0,0,1,0.032,0.1,0.0618352
0.750000,-40.000000,0.99,0,0,1,1,1,0,0,0,1,0.064,0.1,0.0662281
0.750000,-40.000000,0.99,0,0,1,1,1,0,0,0,1,0.128,0.1,0.0740283
0.750000,-40.000000,0.99,0,0,1,1,1,0,0,0,1,0.256,0.1,0.0872222
0.750000,-40.000000,0.99,0,0,1,1,1,0,0,0,1,0.512,0.1,0.1119177
0.750000,-40.000000,0.99,0,0,1,1,1,0,0,0,1,1.024,0.1,0.1651738
0.750000,-40.000000,0.99,0,0,1,1,1,0,0,0,1,0.016,0.5, 0.0576862
0.750000,-40.000000,0.99,0,0,1,1,1,0,0,0,1,0.032,0.5,0.0619777
0.750000,-40.000000,0.99,0,0,1,1,1,0,0,0,1,0.064,0.5,0.0663045
0.750000,-40.000000,0.99,0,0,1,1,1,0,0,0,1,0.128,0.5,0.0739603
0.750000,-40.000000,0.99,0,0,1,1,1,0,0,0,1,0.256,0.5,0.0870109
0.750000,-40.000000,0.99,0,0,1,1,1,0,0,0,1,0.512,0.5,0.1120850
0.750000,-40.000000,0.99,0,0,1,1,1,0,0,0,1,1.024,0.5,0.1650421
0.750000,-40.000000,0.99,0,0,1,1,1,0,0,0,1,0.016,1, 0.0577853
0.750000,-40.000000,0.99,0,0,1,1,1,0,0,0,1,0.032,1,0.0617893
0.750000,-40.000000,0.99,0,0,1,1,1,0,0,0,1,0.064,1,0.0662233
0.750000,-40.000000,0.99,0,0,1,1,1,0,0,0,1,0.128,1,0.0740251
0.750000,-40.000000,0.99,0,0,1,1,1,0,0,0,1,0.256,1,0.0871753
0.750000,-40.000000,0.99,0,0,1,1,1,0,0,0,1,0.512,1,0.1119031
0.750000,-40.000000,0.99,0,0,1,1,1,0,0,0,1,1.024,1,0.1651714
0.750000,-40.000000,0.99,0,0,1,1,1,0,0,0,1,0.016,2, 0.0580594
0.750000,-40.000000,0.99,0,0,1,1,1,0,0,0,1,0.032,2,0.0617602
0.750000,-40.000000,0.99,0,0,1,1,1,0,0,0,1,0.064,2,0.0661391
0.750000,-40.000000,0.99,0,0,1,1,1,0,0,0,1,0.128,2,0.0744193
0.750000,-40.000000,0.99,0,0,1,1,1,0,0,0,1,0.256,2,0.0869677
0.750000,-40.000000,0.99,0,0,1,1,1,0,0,0,1,0.512,2,0.1120423
0.750000,-40.000000,0.99,0,0,1,1,1,0,0,0,1,1.024,2,0.1650189
0.750000,-40.000000,0.99,0,0,1,1,1,0,0,0,1,0.016,4, 0.0583975
0.750000,-40.000000,0.99,0,0,1,1,1,0,0,0,1,0.032,4,0.0625659
0.750000,-40.000000,0.99,0,0,1,1,1,0,0,0,1,0.064,4,0.0664806
0.750000,-40.000000,0.99,0,0,1,1,1,0,0,0,1,0.128,4,0.0741026
0.750000,-40.000000,0.99,0,0,1,1,1,0,0,0,1,0.256,4,0.0879089
0.750000,-40.000000,0.99,0,0,1,1,1,0,0,0,1,0.512,4,0.1121296
0.750000,-40.000000,0.99,0,0,1,1,1,0,0,0,1,1.024,4,0.1650220
0.750000,-40.000000,0.99,0,0,1,1,1,0,0,0,1,0.016,8, 0.0646751
0.750000,-40.000000,0.99,0,0,1,1,1,0,0,0,1,0.032,8,0.0685261
0.750000,-40.000000,0.99,0,0,1,1,1,0,0,0,1,0.064,8,0.0730749
0.750000,-40.000000,0.99,0,0,1,1,1,0,0,0,1,0.128,8,0.0808261
0.750000,-40.000000,0.99,0,0,1,1,1,0,0,0,1,0.256,8,0.0931326
0.750000,-40.000000,0.99,0,0,1,1,1,0,0,0,1,0.512,8,0.1166179
0.750000,-40.000000,0.99,0,0,1,1,1,0,0,0,1,1.024,8,0.1681985
0.750000,-40.000000,0.99,0,0,1,1,1,0,0,0,1,0.016,16, 0.0787746
0.750000,-40.000000,0.99,0,0,1,1,1,0,0,0,1,0.032,16,0.0822942
0.750000,-40.000000,0.99,0,0,1,1,1,0,0,0,1,0.064,16,0.0859692
0.750000,-40.000000,0.99,0,0,1,1,1,0,0,0,1,0.128,16,0.0931240
0.750000,-40.000000,0.99,0,0,1,1,1,0,0,0,1,0.256,16,0.1054834
0.750000,-40.000000,0.99,0,0,1,1,1,0,0,0,1,0.512,16,0.1274252
0.750000,-40.000000,0.99,0,0,1,1,1,0,0,0,1,1.024,16,0.1751512
