nom_voltage,nom_temperature,nom_process,related_pin A1,related_pin A2,timing_type combinational,timing_sense positive_unate,cell_rise,rise_transition,cell_fall,fall_transition,output_load,input_slope,value
0.850000,125.000000,1.01,1,0,1,1,1,0,0,0,0.016,0.1,0.0393939
0.850000,125.000000,1.01,1,0,1,1,1,0,0,0,0.032,0.1,0.0406102
0.850000,125.000000,1.01,1,0,1,1,1,0,0,0,0.064,0.1,0.0419388
0.850000,125.000000,1.01,1,0,1,1,1,0,0,0,0.128,0.1,0.0444205
0.850000,125.000000,1.01,1,0,1,1,1,0,0,0,0.256,0.1,0.0490548
0.850000,125.000000,1.01,1,0,1,1,1,0,0,0,0.512,0.1,0.0571152
0.850000,125.000000,1.01,1,0,1,1,1,0,0,0,1.024,0.1,0.0715132
0.850000,125.000000,1.01,1,0,1,1,1,0,0,0,0.016,1, 0.0434345
0.850000,125.000000,1.01,1,0,1,1,1,0,0,0,0.032,1,0.0446446
0.850000,125.000000,1.01,1,0,1,1,1,0,0,0,0.064,1,0.0459354
0.850000,125.000000,1.01,1,0,1,1,1,0,0,0,0.128,1,0.0483803
0.850000,125.000000,1.01,1,0,1,1,1,0,0,0,0.256,1,0.0528411
0.850000,125.000000,1.01,1,0,1,1,1,0,0,0,0.512,1,0.0607992
0.850000,125.000000,1.01,1,0,1,1,1,0,0,0,1.024,1,0.0751191
0.850000,125.000000,1.01,1,0,1,1,1,0,0,0,0.016,2, 0.0507560
0.850000,125.000000,1.01,1,0,1,1,1,0,0,0,0.032,2,0.0519712
0.850000,125.000000,1.01,1,0,1,1,1,0,0,0,0.064,2,0.0532820
0.850000,125.000000,1.01,1,0,1,1,1,0,0,0,0.128,2,0.0557716
0.850000,125.000000,1.01,1,0,1,1,1,0,0,0,0.256,2,0.0602753
0.850000,125.000000,1.01,1,0,1,1,1,0,0,0,0.512,2,0.0681632
0.850000,125.000000,1.01,1,0,1,1,1,0,0,0,1.024,2,0.0821972
0.850000,125.000000,1.01,1,0,1,1,1,0,0,0,0.016,4, 0.0594659
0.850000,125.000000,1.01,1,0,1,1,1,0,0,0,0.032,4,0.0607472
0.850000,125.000000,1.01,1,0,1,1,1,0,0,0,0.064,4,0.0621461
0.850000,125.000000,1.01,1,0,1,1,1,0,0,0,0.128,4,0.0648557
0.850000,125.000000,1.01,1,0,1,1,1,0,0,0,0.256,4,0.0696101
0.850000,125.000000,1.01,1,0,1,1,1,0,0,0,0.512,4,0.0780188
0.850000,125.000000,1.01,1,0,1,1,1,0,0,0,1.024,4,0.0925482
0.850000,125.000000,1.01,1,0,1,1,1,0,0,0,0.016,8, 0.0693876
0.850000,125.000000,1.01,1,0,1,1,1,0,0,0,0.032,8,0.0707377
0.850000,125.000000,1.01,1,0,1,1,1,0,0,0,0.064,8,0.0722151
0.850000,125.000000,1.01,1,0,1,1,1,0,0,0,0.128,8,0.0753627
0.850000,125.000000,1.01,1,0,1,1,1,0,0,0,0.256,8,0.0807589
0.850000,125.000000,1.01,1,0,1,1,1,0,0,0,0.512,8,0.0901115
0.850000,125.000000,1.01,1,0,1,1,1,0,0,0,1.024,8,0.1064791
0.850000,125.000000,1.01,1,0,1,1,1,0,0,0,0.016,16, 0.0798131
0.850000,125.000000,1.01,1,0,1,1,1,0,0,0,0.032,16,0.0812956
0.850000,125.000000,1.01,1,0,1,1,1,0,0,0,0.064,16,0.0829237
0.850000,125.000000,1.01,1,0,1,1,1,0,0,0,0.128,16,0.0861209
0.850000,125.000000,1.01,1,0,1,1,1,0,0,0,0.256,16,0.0921670
0.850000,125.000000,1.01,1,0,1,1,1,0,0,0,0.512,16,0.1034831
0.850000,125.000000,1.01,1,0,1,1,1,0,0,0,1.024,16,0.1220940
0.850000,125.000000,1.01,1,0,1,1,1,0,0,0,0.016,32, 0.0889689
0.850000,125.000000,1.01,1,0,1,1,1,0,0,0,0.032,32,0.0905574
0.850000,125.000000,1.01,1,0,1,1,1,0,0,0,0.064,32,0.0923103
0.850000,125.000000,1.01,1,0,1,1,1,0,0,0,0.128,32,0.0957695
0.850000,125.000000,1.01,1,0,1,1,1,0,0,0,0.256,32,0.1024810
0.850000,125.000000,1.01,1,0,1,1,1,0,0,0,0.512,32,0.1151074
0.850000,125.000000,1.01,1,0,1,1,1,0,0,0,1.024,32,0.1373459
0.850000,125.000000,1.01,1,0,1,1,0,1,0,0,0.016,0.1,0.0255571
0.850000,125.000000,1.01,1,0,1,1,0,1,0,0,0.032,0.1,0.0262490
0.850000,125.000000,1.01,1,0,1,1,0,1,0,0,0.064,0.1,0.0270609
0.850000,125.000000,1.01,1,0,1,1,0,1,0,0,0.128,0.1,0.0288345
0.850000,125.000000,1.01,1,0,1,1,0,1,0,0,0.256,0.1,0.0327515
0.850000,125.000000,1.01,1,0,1,1,0,1,0,0,0.512,0.1,0.0408521
0.850000,125.000000,1.01,1,0,1,1,0,1,0,0,1.024,0.1,0.0582281
0.850000,125.000000,1.01,1,0,1,1,0,1,0,0,0.016,1, 0.0262401
0.850000,125.000000,1.01,1,0,1,1,0,1,0,0,0.032,1,0.0269317
0.850000,125.000000,1.01,1,0,1,1,0,1,0,0,0.064,1,0.0277938
0.850000,125.000000,1.01,1,0,1,1,0,1,0,0,0.128,1,0.0294755
0.850000,125.000000,1.01,1,0,1,1,0,1,0,0,0.256,1,0.0331885
0.850000,125.000000,1.01,1,0,1,1,0,1,0,0,0.512,1,0.0413530
0.850000,125.000000,1.01,1,0,1,1,0,1,0,0,1.024,1,0.0587190
0.850000,125.000000,1.01,1,0,1,1,0,1,0,0,0.016,2, 0.0322651
0.850000,125.000000,1.01,1,0,1,1,0,1,0,0,0.032,2,0.0328583
0.850000,125.000000,1.01,1,0,1,1,0,1,0,0,0.064,2,0.0333761
0.850000,125.000000,1.01,1,0,1,1,0,1,0,0,0.128,2,0.0346734
0.850000,125.000000,1.01,1,0,1,1,0,1,0,0,0.256,2,0.0381381
0.850000,125.000000,1.01,1,0,1,1,0,1,0,0,0.512,2,0.0450735
0.850000,125.000000,1.01,1,0,1,1,0,1,0,0,1.024,2,0.0612630
0.850000,125.000000,1.01,1,0,1,1,0,1,0,0,0.016,4, 0.0444287
0.850000,125.000000,1.01,1,0,1,1,0,1,0,0,0.032,4,0.0449573
0.850000,125.000000,1.01,1,0,1,1,0,1,0,0,0.064,4,0.0456762
0.850000,125.000000,1.01,1,0,1,1,0,1,0,0,0.128,4,0.0469439
0.850000,125.000000,1.01,1,0,1,1,0,1,0,0,0.256,4,0.0498163
0.850000,125.000000,1.01,1,0,1,1,0,1,0,0,0.512,4,0.0561088
0.850000,125.000000,1.01,1,0,1,1,0,1,0,0,1.024,4,0.0703348
0.850000,125.000000,1.01,1,0,1,1,0,1,0,0,0.016,8, 0.0662654
0.850000,125.000000,1.01,1,0,1,1,0,1,0,0,0.032,8,0.0667273
0.850000,125.000000,1.01,1,0,1,1,0,1,0,0,0.064,8,0.0674111
0.850000,125.000000,1.01,1,0,1,1,0,1,0,0,0.128,8,0.0688909
0.850000,125.000000,1.01,1,0,1,1,0,1,0,0,0.256,8,0.0718826
0.850000,125.000000,1.01,1,0,1,1,0,1,0,0,0.512,8,0.0769249
0.850000,125.000000,1.01,1,0,1,1,0,1,0,0,1.024,8,0.0898513
0.850000,125.000000,1.01,1,0,1,1,0,1,0,0,0.016,16, 0.1050418
0.850000,125.000000,1.01,1,0,1,1,0,1,0,0,0.032,16,0.1056353
0.850000,125.000000,1.01,1,0,1,1,0,1,0,0,0.064,16,0.1062968
0.850000,125.000000,1.01,1,0,1,1,0,1,0,0,0.128,16,0.1085206
0.850000,125.000000,1.01,1,0,1,1,0,1,0,0,0.256,16,0.1107220
0.850000,125.000000,1.01,1,0,1,1,0,1,0,0,0.512,16,0.1169686
0.850000,125.000000,1.01,1,0,1,1,0,1,0,0,1.024,16,0.1285561
0.850000,125.000000,1.01,1,0,1,1,0,1,0,0,0.016,32, 0.1759324
0.850000,125.000000,1.01,1,0,1,1,0,1,0,0,0.032,32,0.1767798
0.850000,125.000000,1.01,1,0,1,1,0,1,0,0,0.064,32,0.1769259
0.850000,125.000000,1.01,1,0,1,1,0,1,0,0,0.128,32,0.1786319
0.850000,125.000000,1.01,1,0,1,1,0,1,0,0,0.256,32,0.1834341
0.850000,125.000000,1.01,1,0,1,1,0,1,0,0,0.512,32,0.1900957
0.850000,125.000000,1.01,1,0,1,1,0,1,0,0,1.024,32,0.2036123
0.850000,125.000000,1.01,1,0,1,1,0,0,1,0,0.016,0.1,0.0332233
0.850000,125.000000,1.01,1,0,1,1,0,0,1,0,0.032,0.1,0.0345201
0.850000,125.000000,1.01,1,0,1,1,0,0,1,0,0.064,0.1,0.0359233
0.850000,125.000000,1.01,1,0,1,1,0,0,1,0,0.128,0.1,0.0385974
0.850000,125.000000,1.01,1,0,1,1,0,0,1,0,0.256,0.1,0.0435085
0.850000,125.000000,1.01,1,0,1,1,0,0,1,0,0.512,0.1,0.0523692
0.850000,125.000000,1.01,1,0,1,1,0,0,1,0,1.024,0.1,0.0685218
0.850000,125.000000,1.01,1,0,1,1,0,0,1,0,0.016,1, 0.0384173
0.850000,125.000000,1.01,1,0,1,1,0,0,1,0,0.032,1,0.0396712
0.850000,125.000000,1.01,1,0,1,1,0,0,1,0,0.064,1,0.0410239
0.850000,125.000000,1.01,1,0,1,1,0,0,1,0,0.128,1,0.0435968
0.850000,125.000000,1.01,1,0,1,1,0,0,1,0,0.256,1,0.0483487
0.850000,125.000000,1.01,1,0,1,1,0,0,1,0,0.512,1,0.0570218
0.850000,125.000000,1.01,1,0,1,1,0,0,1,0,1.024,1,0.0729440
0.850000,125.000000,1.01,1,0,1,1,0,0,1,0,0.016,2, 0.0464788
0.850000,125.000000,1.01,1,0,1,1,0,0,1,0,0.032,2,0.0477258
0.850000,125.000000,1.01,1,0,1,1,0,0,1,0,0.064,2,0.0491329
0.850000,125.000000,1.01,1,0,1,1,0,0,1,0,0.128,2,0.0517575
0.850000,125.000000,1.01,1,0,1,1,0,0,1,0,0.256,2,0.0565960
0.850000,125.000000,1.01,1,0,1,1,0,0,1,0,0.512,2,0.0652677
0.850000,125.000000,1.01,1,0,1,1,0,0,1,0,1.024,2,0.0810103
0.850000,125.000000,1.01,1,0,1,1,0,0,1,0,0.016,4, 0.0569932
0.850000,125.000000,1.01,1,0,1,1,0,0,1,0,0.032,4,0.0582841
0.850000,125.000000,1.01,1,0,1,1,0,0,1,0,0.064,4,0.0597090
0.850000,125.000000,1.01,1,0,1,1,0,0,1,0,0.128,4,0.0625700
0.850000,125.000000,1.01,1,0,1,1,0,0,1,0,0.256,4,0.0677830
0.850000,125.000000,1.01,1,0,1,1,0,0,1,0,0.512,4,0.0770097
0.850000,125.000000,1.01,1,0,1,1,0,0,1,0,1.024,4,0.0936090
0.850000,125.000000,1.01,1,0,1,1,0,0,1,0,0.016,8, 0.0697960
0.850000,125.000000,1.01,1,0,1,1,0,0,1,0,0.032,8,0.0711778
0.850000,125.000000,1.01,1,0,1,1,0,0,1,0,0.064,8,0.0727180
0.850000,125.000000,1.01,1,0,1,1,0,0,1,0,0.128,8,0.0756293
0.850000,125.000000,1.01,1,0,1,1,0,0,1,0,0.256,8,0.0813073
0.850000,125.000000,1.01,1,0,1,1,0,0,1,0,0.512,8,0.0919147
0.850000,125.000000,1.01,1,0,1,1,0,0,1,0,1.024,8,0.1100764
0.850000,125.000000,1.01,1,0,1,1,0,0,1,0,0.016,16, 0.0842420
0.850000,125.000000,1.01,1,0,1,1,0,0,1,0,0.032,16,0.0857267
0.850000,125.000000,1.01,1,0,1,1,0,0,1,0,0.064,16,0.0873582
0.850000,125.000000,1.01,1,0,1,1,0,0,1,0,0.128,16,0.0906493
0.850000,125.000000,1.01,1,0,1,1,0,0,1,0,0.256,16,0.0968611
0.850000,125.000000,1.01,1,0,1,1,0,0,1,0,0.512,16,0.1089765
0.850000,125.000000,1.01,1,0,1,1,0,0,1,0,1.024,16,0.1301403
0.850000,125.000000,1.01,1,0,1,1,0,0,1,0,0.016,32, 0.0990877
0.850000,125.000000,1.01,1,0,1,1,0,0,1,0,0.032,32,0.1006509
0.850000,125.000000,1.01,1,0,1,1,0,0,1,0,0.064,32,0.1024011
0.850000,125.000000,1.01,1,0,1,1,0,0,1,0,0.128,32,0.1058973
0.850000,125.000000,1.01,1,0,1,1,0,0,1,0,0.256,32,0.1128484
0.850000,125.000000,1.01,1,0,1,1,0,0,1,0,0.512,32,0.1264632
0.850000,125.000000,1.01,1,0,1,1,0,0,1,0,1.024,32,0.1516824
0.850000,125.000000,1.01,1,0,1,1,0,0,0,1,0.016,0.1,0.0185517
0.850000,125.000000,1.01,1,0,1,1,0,0,0,1,0.032,0.1,0.0191658
0.850000,125.000000,1.01,1,0,1,1,0,0,0,1,0.064,0.1,0.0200778
0.850000,125.000000,1.01,1,0,1,1,0,0,0,1,0.128,0.1,0.0221325
0.850000,125.000000,1.01,1,0,1,1,0,0,0,1,0.256,0.1,0.0268379
0.850000,125.000000,1.01,1,0,1,1,0,0,0,1,0.512,0.1,0.0371104
0.850000,125.000000,1.01,1,0,1,1,0,0,0,1,1.024,0.1,0.0599308
0.850000,125.000000,1.01,1,0,1,1,0,0,0,1,0.016,1, 0.0195247
0.850000,125.000000,1.01,1,0,1,1,0,0,0,1,0.032,1,0.0201830
0.850000,125.000000,1.01,1,0,1,1,0,0,0,1,0.064,1,0.0209600
0.850000,125.000000,1.01,1,0,1,1,0,0,0,1,0.128,1,0.0228961
0.850000,125.000000,1.01,1,0,1,1,0,0,0,1,0.256,1,0.0274613
0.850000,125.000000,1.01,1,0,1,1,0,0,0,1,0.512,1,0.0376554
0.850000,125.000000,1.01,1,0,1,1,0,0,0,1,1.024,1,0.0601415
0.850000,125.000000,1.01,1,0,1,1,0,0,0,1,0.016,2, 0.0249957
0.850000,125.000000,1.01,1,0,1,1,0,0,0,1,0.032,2,0.0256782
0.850000,125.000000,1.01,1,0,1,1,0,0,0,1,0.064,2,0.0263735
0.850000,125.000000,1.01,1,0,1,1,0,0,0,1,0.128,2,0.0280458
0.850000,125.000000,1.01,1,0,1,1,0,0,0,1,0.256,2,0.0318355
0.850000,125.000000,1.01,1,0,1,1,0,0,0,1,0.512,2,0.0408871
0.850000,125.000000,1.01,1,0,1,1,0,0,0,1,1.024,2,0.0621077
0.850000,125.000000,1.01,1,0,1,1,0,0,0,1,0.016,4, 0.0363550
0.850000,125.000000,1.01,1,0,1,1,0,0,0,1,0.032,4,0.0366490
0.850000,125.000000,1.01,1,0,1,1,0,0,0,1,0.064,4,0.0371492
0.850000,125.000000,1.01,1,0,1,1,0,0,0,1,0.128,4,0.0386491
0.850000,125.000000,1.01,1,0,1,1,0,0,0,1,0.256,4,0.0422250
0.850000,125.000000,1.01,1,0,1,1,0,0,0,1,0.512,4,0.0504260
0.850000,125.000000,1.01,1,0,1,1,0,0,0,1,1.024,4,0.0694728
0.850000,125.000000,1.01,1,0,1,1,0,0,0,1,0.016,8, 0.0563089
0.850000,125.000000,1.01,1,0,1,1,0,0,0,1,0.032,8,0.0566424
0.850000,125.000000,1.01,1,0,1,1,0,0,0,1,0.064,8,0.0572890
0.850000,125.000000,1.01,1,0,1,1,0,0,0,1,0.128,8,0.0590990
0.850000,125.000000,1.01,1,0,1,1,0,0,0,1,0.256,8,0.0624039
0.850000,125.000000,1.01,1,0,1,1,0,0,0,1,0.512,8,0.0703841
0.850000,125.000000,1.01,1,0,1,1,0,0,0,1,1.024,8,0.0872608
0.850000,125.000000,1.01,1,0,1,1,0,0,0,1,0.016,16, 0.0921399
0.850000,125.000000,1.01,1,0,1,1,0,0,0,1,0.032,16,0.0925536
0.850000,125.000000,1.01,1,0,1,1,0,0,0,1,0.064,16,0.0930767
0.850000,125.000000,1.01,1,0,1,1,0,0,0,1,0.128,16,0.0939352
0.850000,125.000000,1.01,1,0,1,1,0,0,0,1,0.256,16,0.0981826
0.850000,125.000000,1.01,1,0,1,1,0,0,0,1,0.512,16,0.1049262
0.850000,125.000000,1.01,1,0,1,1,0,0,0,1,1.024,16,0.1226024
0.850000,125.000000,1.01,1,0,1,1,0,0,0,1,0.016,32, 0.1563238
0.850000,125.000000,1.01,1,0,1,1,0,0,0,1,0.032,32,0.1566941
0.850000,125.000000,1.01,1,0,1,1,0,0,0,1,0.064,32,0.1571370
0.850000,125.000000,1.01,1,0,1,1,0,0,0,1,0.128,32,0.1581482
0.850000,125.000000,1.01,1,0,1,1,0,0,0,1,0.256,32,0.1615272
0.850000,125.000000,1.01,1,0,1,1,0,0,0,1,0.512,32,0.1694402
0.850000,125.000000,1.01,1,0,1,1,0,0,0,1,1.024,32,0.1866996
0.850000,125.000000,1.01,0,1,1,1,1,0,0,0,0.016,0.1,0.0359429
0.850000,125.000000,1.01,0,1,1,1,1,0,0,0,0.032,0.1,0.0371396
0.850000,125.000000,1.01,0,1,1,1,1,0,0,0,0.064,0.1,0.0384270
0.850000,125.000000,1.01,0,1,1,1,1,0,0,0,0.128,0.1,0.0408297
0.850000,125.000000,1.01,0,1,1,1,1,0,0,0,0.256,0.1,0.0452465
0.850000,125.000000,1.01,0,1,1,1,1,0,0,0,0.512,0.1,0.0532442
0.850000,125.000000,1.01,0,1,1,1,1,0,0,0,1.024,0.1,0.0675083
0.850000,125.000000,1.01,0,1,1,1,1,0,0,0,0.016,1, 0.0401013
0.850000,125.000000,1.01,0,1,1,1,1,0,0,0,0.032,1,0.0412592
0.850000,125.000000,1.01,0,1,1,1,1,0,0,0,0.064,1,0.0425177
0.850000,125.000000,1.01,0,1,1,1,1,0,0,0,0.128,1,0.0448443
0.850000,125.000000,1.01,0,1,1,1,1,0,0,0,0.256,1,0.0491414
0.850000,125.000000,1.01,0,1,1,1,1,0,0,0,0.512,1,0.0569543
0.850000,125.000000,1.01,0,1,1,1,1,0,0,0,1.024,1,0.0710767
0.850000,125.000000,1.01,0,1,1,1,1,0,0,0,0.016,2, 0.0468844
0.850000,125.000000,1.01,0,1,1,1,1,0,0,0,0.032,2,0.0480822
0.850000,125.000000,1.01,0,1,1,1,1,0,0,0,0.064,2,0.0493742
0.850000,125.000000,1.01,0,1,1,1,1,0,0,0,0.128,2,0.0517821
0.850000,125.000000,1.01,0,1,1,1,1,0,0,0,0.256,2,0.0562073
0.850000,125.000000,1.01,0,1,1,1,1,0,0,0,0.512,2,0.0641244
0.850000,125.000000,1.01,0,1,1,1,1,0,0,0,1.024,2,0.0780812
0.850000,125.000000,1.01,0,1,1,1,1,0,0,0,0.016,4, 0.0550070
0.850000,125.000000,1.01,0,1,1,1,1,0,0,0,0.032,4,0.0563122
0.850000,125.000000,1.01,0,1,1,1,1,0,0,0,0.064,4,0.0577071
0.850000,125.000000,1.01,0,1,1,1,1,0,0,0,0.128,4,0.0603704
0.850000,125.000000,1.01,0,1,1,1,1,0,0,0,0.256,4,0.0653712
0.850000,125.000000,1.01,0,1,1,1,1,0,0,0,0.512,4,0.0739361
0.850000,125.000000,1.01,0,1,1,1,1,0,0,0,1.024,4,0.0888732
0.850000,125.000000,1.01,0,1,1,1,1,0,0,0,0.016,8, 0.0649139
0.850000,125.000000,1.01,0,1,1,1,1,0,0,0,0.032,8,0.0662972
0.850000,125.000000,1.01,0,1,1,1,1,0,0,0,0.064,8,0.0678079
0.850000,125.000000,1.01,0,1,1,1,1,0,0,0,0.128,8,0.0707224
0.850000,125.000000,1.01,0,1,1,1,1,0,0,0,0.256,8,0.0762895
0.850000,125.000000,1.01,0,1,1,1,1,0,0,0,0.512,8,0.0862923
0.850000,125.000000,1.01,0,1,1,1,1,0,0,0,1.024,8,0.1038362
0.850000,125.000000,1.01,0,1,1,1,1,0,0,0,0.016,16, 0.0746768
0.850000,125.000000,1.01,0,1,1,1,1,0,0,0,0.032,16,0.0767133
0.850000,125.000000,1.01,0,1,1,1,1,0,0,0,0.064,16,0.0784198
0.850000,125.000000,1.01,0,1,1,1,1,0,0,0,0.128,16,0.0817450
0.850000,125.000000,1.01,0,1,1,1,1,0,0,0,0.256,16,0.0881658
0.850000,125.000000,1.01,0,1,1,1,1,0,0,0,0.512,16,0.1000869
0.850000,125.000000,1.01,0,1,1,1,1,0,0,0,1.024,16,0.1209145
0.850000,125.000000,1.01,0,1,1,1,1,0,0,0,0.016,32, 0.0869076
0.850000,125.000000,1.01,0,1,1,1,1,0,0,0,0.032,32,0.0886342
0.850000,125.000000,1.01,0,1,1,1,1,0,0,0,0.064,32,0.0905264
0.850000,125.000000,1.01,0,1,1,1,1,0,0,0,0.128,32,0.0942796
0.850000,125.000000,1.01,0,1,1,1,1,0,0,0,0.256,32,0.1015930
0.850000,125.000000,1.01,0,1,1,1,1,0,0,0,0.512,32,0.1164545
0.850000,125.000000,1.01,0,1,1,1,1,0,0,0,1.024,32,0.1416644
0.850000,125.000000,1.01,0,1,1,1,0,1,0,0,0.016,0.1,0.0235714
0.850000,125.000000,1.01,0,1,1,1,0,1,0,0,0.032,0.1,0.0242291
0.850000,125.000000,1.01,0,1,1,1,0,1,0,0,0.064,0.1,0.0250281
0.850000,125.000000,1.01,0,1,1,1,0,1,0,0,0.128,0.1,0.0267746
0.850000,125.000000,1.01,0,1,1,1,0,1,0,0,0.256,0.1,0.0307576
0.850000,125.000000,1.01,0,1,1,1,0,1,0,0,0.512,0.1,0.0392762
0.850000,125.000000,1.01,0,1,1,1,0,1,0,0,1.024,0.1,0.0571992
0.850000,125.000000,1.01,0,1,1,1,0,1,0,0,0.016,1, 0.0245091
0.850000,125.000000,1.01,0,1,1,1,0,1,0,0,0.032,1,0.0252138
0.850000,125.000000,1.01,0,1,1,1,0,1,0,0,0.064,1,0.0260283
0.850000,125.000000,1.01,0,1,1,1,0,1,0,0,0.128,1,0.0278208
0.850000,125.000000,1.01,0,1,1,1,0,1,0,0,0.256,1,0.0316230
0.850000,125.000000,1.01,0,1,1,1,0,1,0,0,0.512,1,0.0397126
0.850000,125.000000,1.01,0,1,1,1,0,1,0,0,1.024,1,0.0576437
0.850000,125.000000,1.01,0,1,1,1,0,1,0,0,0.016,2, 0.0316140
0.850000,125.000000,1.01,0,1,1,1,0,1,0,0,0.032,2,0.0320698
0.850000,125.000000,1.01,0,1,1,1,0,1,0,0,0.064,2,0.0327156
0.850000,125.000000,1.01,0,1,1,1,0,1,0,0,0.128,2,0.0341218
0.850000,125.000000,1.01,0,1,1,1,0,1,0,0,0.256,2,0.0372039
0.850000,125.000000,1.01,0,1,1,1,0,1,0,0,0.512,2,0.0444694
0.850000,125.000000,1.01,0,1,1,1,0,1,0,0,1.024,2,0.0607601
0.850000,125.000000,1.01,0,1,1,1,0,1,0,0,0.016,4, 0.0449582
0.850000,125.000000,1.01,0,1,1,1,0,1,0,0,0.032,4,0.0455641
0.850000,125.000000,1.01,0,1,1,1,0,1,0,0,0.064,4,0.0462483
0.850000,125.000000,1.01,0,1,1,1,0,1,0,0,0.128,4,0.0476497
0.850000,125.000000,1.01,0,1,1,1,0,1,0,0,0.256,4,0.0507652
0.850000,125.000000,1.01,0,1,1,1,0,1,0,0,0.512,4,0.0572801
0.850000,125.000000,1.01,0,1,1,1,0,1,0,0,1.024,4,0.0717627
0.850000,125.000000,1.01,0,1,1,1,0,1,0,0,0.016,8, 0.0713377
0.850000,125.000000,1.01,0,1,1,1,0,1,0,0,0.032,8,0.0718156
0.850000,125.000000,1.01,0,1,1,1,0,1,0,0,0.064,8,0.0724103
0.850000,125.000000,1.01,0,1,1,1,0,1,0,0,0.128,8,0.0737733
0.850000,125.000000,1.01,0,1,1,1,0,1,0,0,0.256,8,0.0764654
0.850000,125.000000,1.01,0,1,1,1,0,1,0,0,0.512,8,0.0829370
0.850000,125.000000,1.01,0,1,1,1,0,1,0,0,1.024,8,0.0969332
0.850000,125.000000,1.01,0,1,1,1,0,1,0,0,0.016,16, 0.1202831
0.850000,125.000000,1.01,0,1,1,1,0,1,0,0,0.032,16,0.1205871
0.850000,125.000000,1.01,0,1,1,1,0,1,0,0,0.064,16,0.1212305
0.850000,125.000000,1.01,0,1,1,1,0,1,0,0,0.128,16,0.1225427
0.850000,125.000000,1.01,0,1,1,1,0,1,0,0,0.256,16,0.1252978
0.850000,125.000000,1.01,0,1,1,1,0,1,0,0,0.512,16,0.1325331
0.850000,125.000000,1.01,0,1,1,1,0,1,0,0,1.024,16,0.1472497
0.850000,125.000000,1.01,0,1,1,1,0,1,0,0,0.016,32, 0.2147119
0.850000,125.000000,1.01,0,1,1,1,0,1,0,0,0.032,32,0.2155651
0.850000,125.000000,1.01,0,1,1,1,0,1,0,0,0.064,32,0.2166038
0.850000,125.000000,1.01,0,1,1,1,0,1,0,0,0.128,32,0.2186353
0.850000,125.000000,1.01,0,1,1,1,0,1,0,0,0.256,32,0.2225307
0.850000,125.000000,1.01,0,1,1,1,0,1,0,0,0.512,32,0.2297160
0.850000,125.000000,1.01,0,1,1,1,0,1,0,0,1.024,32,0.2447647
0.850000,125.000000,1.01,0,1,1,1,0,0,1,0,0.016,0.1,0.0293722
0.850000,125.000000,1.01,0,1,1,1,0,0,1,0,0.032,0.1,0.0306688
0.850000,125.000000,1.01,0,1,1,1,0,0,1,0,0.064,0.1,0.0320564
0.850000,125.000000,1.01,0,1,1,1,0,0,1,0,0.128,0.1,0.0347093
0.850000,125.000000,1.01,0,1,1,1,0,0,1,0,0.256,0.1,0.0395670
0.850000,125.000000,1.01,0,1,1,1,0,0,1,0,0.512,0.1,0.0483915
0.850000,125.000000,1.01,0,1,1,1,0,0,1,0,1.024,0.1,0.0644601
0.850000,125.000000,1.01,0,1,1,1,0,0,1,0,0.016,1, 0.0335780
0.850000,125.000000,1.01,0,1,1,1,0,0,1,0,0.032,1,0.0348498
0.850000,125.000000,1.01,0,1,1,1,0,0,1,0,0.064,1,0.0362000
0.850000,125.000000,1.01,0,1,1,1,0,0,1,0,0.128,1,0.0387525
0.850000,125.000000,1.01,0,1,1,1,0,0,1,0,0.256,1,0.0434764
0.850000,125.000000,1.01,0,1,1,1,0,0,1,0,0.512,1,0.0520512
0.850000,125.000000,1.01,0,1,1,1,0,0,1,0,1.024,1,0.0679408
0.850000,125.000000,1.01,0,1,1,1,0,0,1,0,0.016,2, 0.0393939
0.850000,125.000000,1.01,0,1,1,1,0,0,1,0,0.032,2,0.0406936
0.850000,125.000000,1.01,0,1,1,1,0,0,1,0,0.064,2,0.0421196
0.850000,125.000000,1.01,0,1,1,1,0,0,1,0,0.128,2,0.0448737
0.850000,125.000000,1.01,0,1,1,1,0,0,1,0,0.256,2,0.0499211
0.850000,125.000000,1.01,0,1,1,1,0,0,1,0,0.512,2,0.0589694
0.850000,125.000000,1.01,0,1,1,1,0,0,1,0,1.024,2,0.0748449
0.850000,125.000000,1.01,0,1,1,1,0,0,1,0,0.016,4, 0.0463857
0.850000,125.000000,1.01,0,1,1,1,0,0,1,0,0.032,4,0.0478279
0.850000,125.000000,1.01,0,1,1,1,0,0,1,0,0.064,4,0.0493666
0.850000,125.000000,1.01,0,1,1,1,0,0,1,0,0.128,4,0.0523439
0.850000,125.000000,1.01,0,1,1,1,0,0,1,0,0.256,4,0.0579356
0.850000,125.000000,1.01,0,1,1,1,0,0,1,0,0.512,4,0.0679595
0.850000,125.000000,1.01,0,1,1,1,0,0,1,0,1.024,4,0.0851596
0.850000,125.000000,1.01,0,1,1,1,0,0,1,0,0.016,8, 0.0529979
0.850000,125.000000,1.01,0,1,1,1,0,0,1,0,0.032,8,0.0544721
0.850000,125.000000,1.01,0,1,1,1,0,0,1,0,0.064,8,0.0562061
0.850000,125.000000,1.01,0,1,1,1,0,0,1,0,0.128,8,0.0593237
0.850000,125.000000,1.01,0,1,1,1,0,0,1,0,0.256,8,0.0657758
0.850000,125.000000,1.01,0,1,1,1,0,0,1,0,0.512,8,0.0772635
0.850000,125.000000,1.01,0,1,1,1,0,0,1,0,1.024,8,0.0975509
0.850000,125.000000,1.01,0,1,1,1,0,0,1,0,0.016,16, 0.0578244
0.850000,125.000000,1.01,0,1,1,1,0,0,1,0,0.032,16,0.0595611
0.850000,125.000000,1.01,0,1,1,1,0,0,1,0,0.064,16,0.0614096
0.850000,125.000000,1.01,0,1,1,1,0,0,1,0,0.128,16,0.0650354
0.850000,125.000000,1.01,0,1,1,1,0,0,1,0,0.256,16,0.0718116
0.850000,125.000000,1.01,0,1,1,1,0,0,1,0,0.512,16,0.0855799
0.850000,125.000000,1.01,0,1,1,1,0,0,1,0,1.024,16,0.1094889
0.850000,125.000000,1.01,0,1,1,1,0,0,1,0,0.016,32, 0.0576567
0.850000,125.000000,1.01,0,1,1,1,0,0,1,0,0.032,32,0.0594917
0.850000,125.000000,1.01,0,1,1,1,0,0,1,0,0.064,32,0.0615141
0.850000,125.000000,1.01,0,1,1,1,0,0,1,0,0.128,32,0.0650450
0.850000,125.000000,1.01,0,1,1,1,0,0,1,0,0.256,32,0.0727677
0.850000,125.000000,1.01,0,1,1,1,0,0,1,0,0.512,32,0.0876654
0.850000,125.000000,1.01,0,1,1,1,0,0,1,0,1.024,32,0.1164176
0.850000,125.000000,1.01,0,1,1,1,0,0,0,1,0.016,0.1,0.0186227
0.850000,125.000000,1.01,0,1,1,1,0,0,0,1,0.032,0.1,0.0192388
0.850000,125.000000,1.01,0,1,1,1,0,0,0,1,0.064,0.1,0.0201449
0.850000,125.000000,1.01,0,1,1,1,0,0,0,1,0.128,0.1,0.0222118
0.850000,125.000000,1.01,0,1,1,1,0,0,0,1,0.256,0.1,0.0268755
0.850000,125.000000,1.01,0,1,1,1,0,0,0,1,0.512,0.1,0.0373010
0.850000,125.000000,1.01,0,1,1,1,0,0,0,1,1.024,0.1,0.0600214
0.850000,125.000000,1.01,0,1,1,1,0,0,0,1,0.016,1, 0.0207730
0.850000,125.000000,1.01,0,1,1,1,0,0,0,1,0.032,1,0.0213204
0.850000,125.000000,1.01,0,1,1,1,0,0,0,1,0.064,1,0.0221000
0.850000,125.000000,1.01,0,1,1,1,0,0,0,1,0.128,1,0.0240552
0.850000,125.000000,1.01,0,1,1,1,0,0,0,1,0.256,1,0.0283338
0.850000,125.000000,1.01,0,1,1,1,0,0,0,1,0.512,1,0.0382557
0.850000,125.000000,1.01,0,1,1,1,0,0,0,1,1.024,1,0.0604282
0.850000,125.000000,1.01,0,1,1,1,0,0,0,1,0.016,2, 0.0286579
0.850000,125.000000,1.01,0,1,1,1,0,0,0,1,0.032,2,0.0293056
0.850000,125.000000,1.01,0,1,1,1,0,0,0,1,0.064,2,0.0300119
0.850000,125.000000,1.01,0,1,1,1,0,0,0,1,0.128,2,0.0314446
0.850000,125.000000,1.01,0,1,1,1,0,0,0,1,0.256,2,0.0352698
0.850000,125.000000,1.01,0,1,1,1,0,0,0,1,0.512,2,0.0436175
0.850000,125.000000,1.01,0,1,1,1,0,0,0,1,1.024,2,0.0640290
0.850000,125.000000,1.01,0,1,1,1,0,0,0,1,0.016,4, 0.0431865
0.850000,125.000000,1.01,0,1,1,1,0,0,0,1,0.032,4,0.0437103
0.850000,125.000000,1.01,0,1,1,1,0,0,0,1,0.064,4,0.0443071
0.850000,125.000000,1.01,0,1,1,1,0,0,0,1,0.128,4,0.0455941
0.850000,125.000000,1.01,0,1,1,1,0,0,0,1,0.256,4,0.0490197
0.850000,125.000000,1.01,0,1,1,1,0,0,0,1,0.512,4,0.0568145
0.850000,125.000000,1.01,0,1,1,1,0,0,0,1,1.024,4,0.0748087
0.850000,125.000000,1.01,0,1,1,1,0,0,0,1,0.016,8, 0.0690459
0.850000,125.000000,1.01,0,1,1,1,0,0,0,1,0.032,8,0.0694832
0.850000,125.000000,1.01,0,1,1,1,0,0,0,1,0.064,8,0.0699273
0.850000,125.000000,1.01,0,1,1,1,0,0,0,1,0.128,8,0.0715804
0.850000,125.000000,1.01,0,1,1,1,0,0,0,1,0.256,8,0.0753305
0.850000,125.000000,1.01,0,1,1,1,0,0,0,1,0.512,8,0.0830511
0.850000,125.000000,1.01,0,1,1,1,0,0,0,1,1.024,8,0.0993507
0.850000,125.000000,1.01,0,1,1,1,0,0,0,1,0.016,16, 0.1172125
0.850000,125.000000,1.01,0,1,1,1,0,0,0,1,0.032,16,0.1172125
0.850000,125.000000,1.01,0,1,1,1,0,0,0,1,0.064,16,0.1172125
0.850000,125.000000,1.01,0,1,1,1,0,0,0,1,0.128,16,0.1196401
0.850000,125.000000,1.01,0,1,1,1,0,0,0,1,0.256,16,0.1223195
0.850000,125.000000,1.01,0,1,1,1,0,0,0,1,0.512,16,0.1304425
0.850000,125.000000,1.01,0,1,1,1,0,0,0,1,1.024,16,0.1473882
0.850000,125.000000,1.01,0,1,1,1,0,0,0,1,0.016,32, 0.2084372
0.850000,125.000000,1.01,0,1,1,1,0,0,0,1,0.032,32,0.2089087
0.850000,125.000000,1.01,0,1,1,1,0,0,0,1,0.064,32,0.2094461
0.850000,125.000000,1.01,0,1,1,1,0,0,0,1,0.128,32,0.2105961
0.850000,125.000000,1.01,0,1,1,1,0,0,0,1,0.256,32,0.2144462
0.850000,125.000000,1.01,0,1,1,1,0,0,0,1,0.512,32,0.2222097
0.850000,125.000000,1.01,0,1,1,1,0,0,0,1,1.024,32,0.2396835
0.750000,-40.000000,0.99,1,0,1,1,1,0,0,0,0.016,0.1,0.1367279
0.750000,-40.000000,0.99,1,0,1,1,1,0,0,0,0.032,0.1,0.1437860
0.750000,-40.000000,0.99,1,0,1,1,1,0,0,0,0.064,0.1,0.1505570
0.750000,-40.000000,0.99,1,0,1,1,1,0,0,0,0.128,0.1,0.1621888
0.750000,-40.000000,0.99,1,0,1,1,1,0,0,0,0.256,0.1,0.1818299
0.750000,-40.000000,0.99,1,0,1,1,1,0,0,0,0.512,0.1,0.2143374
0.750000,-40.000000,0.99,1,0,1,1,1,0,0,0,1.024,0.1,0.2718093
0.750000,-40.000000,0.99,1,0,1,1,1,0,0,0,0.016,1, 0.1460039
0.750000,-40.000000,0.99,1,0,1,1,1,0,0,0,0.032,1,0.1531872
0.750000,-40.000000,0.99,1,0,1,1,1,0,0,0,0.064,1,0.1598350
0.750000,-40.000000,0.99,1,0,1,1,1,0,0,0,0.128,1,0.1715040
0.750000,-40.000000,0.99,1,0,1,1,1,0,0,0,0.256,1,0.1909028
0.750000,-40.000000,0.99,1,0,1,1,1,0,0,0,0.512,1,0.2236095
0.750000,-40.000000,0.99,1,0,1,1,1,0,0,0,1.024,1,0.2809688
0.750000,-40.000000,0.99,1,0,1,1,1,0,0,0,0.016,2, 0.1650706
0.750000,-40.000000,0.99,1,0,1,1,1,0,0,0,0.032,2,0.1721709
0.750000,-40.000000,0.99,1,0,1,1,1,0,0,0,0.064,2,0.1788949
0.750000,-40.000000,0.99,1,0,1,1,1,0,0,0,0.128,2,0.1905943
0.750000,-40.000000,0.99,1,0,1,1,1,0,0,0,0.256,2,0.2102717
0.750000,-40.000000,0.99,1,0,1,1,1,0,0,0,0.512,2,0.2427558
0.750000,-40.000000,0.99,1,0,1,1,1,0,0,0,1.024,2,0.3006530
0.750000,-40.000000,0.99,1,0,1,1,1,0,0,0,0.016,4, 0.2046755
0.750000,-40.000000,0.99,1,0,1,1,1,0,0,0,0.032,4,0.2115718
0.750000,-40.000000,0.99,1,0,1,1,1,0,0,0,0.064,4,0.2183757
0.750000,-40.000000,0.99,1,0,1,1,1,0,0,0,0.128,4,0.2299686
0.750000,-40.000000,0.99,1,0,1,1,1,0,0,0,0.256,4,0.2494583
0.750000,-40.000000,0.99,1,0,1,1,1,0,0,0,0.512,4,0.2824867
0.750000,-40.000000,0.99,1,0,1,1,1,0,0,0,1.024,4,0.3397029
0.750000,-40.000000,0.99,1,0,1,1,1,0,0,0,0.016,8, 0.2854343
0.750000,-40.000000,0.99,1,0,1,1,1,0,0,0,0.032,8,0.2925888
0.750000,-40.000000,0.99,1,0,1,1,1,0,0,0,0.064,8,0.2993551
0.750000,-40.000000,0.99,1,0,1,1,1,0,0,0,0.128,8,0.3111461
0.750000,-40.000000,0.99,1,0,1,1,1,0,0,0,0.256,8,0.3302932
0.750000,-40.000000,0.99,1,0,1,1,1,0,0,0,0.512,8,0.3630065
0.750000,-40.000000,0.99,1,0,1,1,1,0,0,0,1.024,8,0.4206200
0.750000,-40.000000,0.99,1,0,1,1,1,0,0,0,0.016,16, 0.4210048
0.750000,-40.000000,0.99,1,0,1,1,1,0,0,0,0.032,16,0.4304895
0.750000,-40.000000,0.99,1,0,1,1,1,0,0,0,0.064,16,0.4391134
0.750000,-40.000000,0.99,1,0,1,1,1,0,0,0,0.128,16,0.4533232
0.750000,-40.000000,0.99,1,0,1,1,1,0,0,0,0.256,16,0.4752559
0.750000,-40.000000,0.99,1,0,1,1,1,0,0,0,0.512,16,0.5104808
0.750000,-40.000000,0.99,1,0,1,1,1,0,0,0,1.024,16,0.5679834
0.750000,-40.000000,0.99,1,0,1,1,1,0,0,0,0.016,32, 0.6187411
0.750000,-40.000000,0.99,1,0,1,1,1,0,0,0,0.032,32,0.6325309
0.750000,-40.000000,0.99,1,0,1,1,1,0,0,0,0.064,32,0.6446119
0.750000,-40.000000,0.99,1,0,1,1,1,0,0,0,0.128,32,0.6644330
0.750000,-40.000000,0.99,1,0,1,1,1,0,0,0,0.256,32,0.6932040
0.750000,-40.000000,0.99,1,0,1,1,1,0,0,0,0.512,32,0.7355477
0.750000,-40.000000,0.99,1,0,1,1,1,0,0,0,1.024,32,0.8003004
0.750000,-40.000000,0.99,1,0,1,1,0,1,0,0,0.016,0.1,0.0738503
0.750000,-40.000000,0.99,1,0,1,1,0,1,0,0,0.032,0.1,0.0804825
0.750000,-40.000000,0.99,1,0,1,1,0,1,0,0,0.064,0.1,0.0871028
0.750000,-40.000000,0.99,1,0,1,1,0,1,0,0,0.128,0.1,0.0994117
0.750000,-40.000000,0.99,1,0,1,1,0,1,0,0,0.256,0.1,0.1241329
0.750000,-40.000000,0.99,1,0,1,1,0,1,0,0,0.512,0.1,0.1721024
0.750000,-40.000000,0.99,1,0,1,1,0,1,0,0,1.024,0.1,0.2689590
0.750000,-40.000000,0.99,1,0,1,1,0,1,0,0,0.016,1, 0.0736431
0.750000,-40.000000,0.99,1,0,1,1,0,1,0,0,0.032,1,0.0801473
0.750000,-40.000000,0.99,1,0,1,1,0,1,0,0,0.064,1,0.0869640
0.750000,-40.000000,0.99,1,0,1,1,0,1,0,0,0.128,1,0.0999312
0.750000,-40.000000,0.99,1,0,1,1,0,1,0,0,0.256,1,0.1241924
0.750000,-40.000000,0.99,1,0,1,1,0,1,0,0,0.512,1,0.1722645
0.750000,-40.000000,0.99,1,0,1,1,0,1,0,0,1.024,1,0.2688086
0.750000,-40.000000,0.99,1,0,1,1,0,1,0,0,0.016,2, 0.0737245
0.750000,-40.000000,0.99,1,0,1,1,0,1,0,0,0.032,2,0.0801738
0.750000,-40.000000,0.99,1,0,1,1,0,1,0,0,0.064,2,0.0869047
0.750000,-40.000000,0.99,1,0,1,1,0,1,0,0,0.128,2,0.0999937
0.750000,-40.000000,0.99,1,0,1,1,0,1,0,0,0.256,2,0.1241700
0.750000,-40.000000,0.99,1,0,1,1,0,1,0,0,0.512,2,0.1724012
0.750000,-40.000000,0.99,1,0,1,1,0,1,0,0,1.024,2,0.2691787
0.750000,-40.000000,0.99,1,0,1,1,0,1,0,0,0.016,4, 0.0739022
0.750000,-40.000000,0.99,1,0,1,1,0,1,0,0,0.032,4,0.0803300
0.750000,-40.000000,0.99,1,0,1,1,0,1,0,0,0.064,4,0.0872739
0.750000,-40.000000,0.99,1,0,1,1,0,1,0,0,0.128,4,0.1001349
0.750000,-40.000000,0.99,1,0,1,1,0,1,0,0,0.256,4,0.1246041
0.750000,-40.000000,0.99,1,0,1,1,0,1,0,0,0.512,4,0.1726638
0.750000,-40.000000,0.99,1,0,1,1,0,1,0,0,1.024,4,0.2691425
0.750000,-40.000000,0.99,1,0,1,1,0,1,0,0,0.016,8, 0.0793319
0.750000,-40.000000,0.99,1,0,1,1,0,1,0,0,0.032,8,0.0847604
0.750000,-40.000000,0.99,1,0,1,1,0,1,0,0,0.064,8,0.0912045
0.750000,-40.000000,0.99,1,0,1,1,0,1,0,0,0.128,8,0.1027899
0.750000,-40.000000,0.99,1,0,1,1,0,1,0,0,0.256,8,0.1266915
0.750000,-40.000000,0.99,1,0,1,1,0,1,0,0,0.512,8,0.1741851
0.750000,-40.000000,0.99,1,0,1,1,0,1,0,0,1.024,8,0.2697418
0.750000,-40.000000,0.99,1,0,1,1,0,1,0,0,0.016,16, 0.1174033
0.750000,-40.000000,0.99,1,0,1,1,0,1,0,0,0.032,16,0.1213522
0.750000,-40.000000,0.99,1,0,1,1,0,1,0,0,0.064,16,0.1255752
0.750000,-40.000000,0.99,1,0,1,1,0,1,0,0,0.128,16,0.1348567
0.750000,-40.000000,0.99,1,0,1,1,0,1,0,0,0.256,16,0.1536259
0.750000,-40.000000,0.99,1,0,1,1,0,1,0,0,0.512,16,0.1940205
0.750000,-40.000000,0.99,1,0,1,1,0,1,0,0,1.024,16,0.2812274
0.750000,-40.000000,0.99,1,0,1,1,0,1,0,0,0.016,32, 0.1900903
0.750000,-40.000000,0.99,1,0,1,1,0,1,0,0,0.032,32,0.1951191
0.750000,-40.000000,0.99,1,0,1,1,0,1,0,0,0.064,32,0.1992837
0.750000,-40.000000,0.99,1,0,1,1,0,1,0,0,0.128,32,0.2075515
0.750000,-40.000000,0.99,1,0,1,1,0,1,0,0,0.256,32,0.2225997
0.750000,-40.000000,0.99,1,0,1,1,0,1,0,0,0.512,32,0.2568748
0.750000,-40.000000,0.99,1,0,1,1,0,1,0,0,1.024,32,0.3326866
0.750000,-40.000000,0.99,1,0,1,1,0,0,1,0,0.016,0.1,0.2441898
0.750000,-40.000000,0.99,1,0,1,1,0,0,1,0,0.032,0.1,0.2547882
0.750000,-40.000000,0.99,1,0,1,1,0,0,1,0,0.064,0.1,0.2644764
0.750000,-40.000000,0.99,1,0,1,1,0,0,1,0,0.128,0.1,0.2800743
0.750000,-40.000000,0.99,1,0,1,1,0,0,1,0,0.256,0.1,0.3032911
0.750000,-40.000000,0.99,1,0,1,1,0,0,1,0,0.512,0.1,0.3364728
0.750000,-40.000000,0.99,1,0,1,1,0,0,1,0,1.024,0.1,0.3843827
0.750000,-40.000000,0.99,1,0,1,1,0,0,1,0,0.016,1, 0.2563941
0.750000,-40.000000,0.99,1,0,1,1,0,0,1,0,0.032,1,0.2669897
0.750000,-40.000000,0.99,1,0,1,1,0,0,1,0,0.064,1,0.2767519
0.750000,-40.000000,0.99,1,0,1,1,0,0,1,0,0.128,1,0.2923048
0.750000,-40.000000,0.99,1,0,1,1,0,0,1,0,0.256,1,0.3154638
0.750000,-40.000000,0.99,1,0,1,1,0,0,1,0,0.512,1,0.3485185
0.750000,-40.000000,0.99,1,0,1,1,0,0,1,0,1.024,1,0.3965992
0.750000,-40.000000,0.99,1,0,1,1,0,0,1,0,0.016,2, 0.2812141
0.750000,-40.000000,0.99,1,0,1,1,0,0,1,0,0.032,2,0.2919212
0.750000,-40.000000,0.99,1,0,1,1,0,0,1,0,0.064,2,0.3016262
0.750000,-40.000000,0.99,1,0,1,1,0,0,1,0,0.128,2,0.3171531
0.750000,-40.000000,0.99,1,0,1,1,0,0,1,0,0.256,2,0.3404189
0.750000,-40.000000,0.99,1,0,1,1,0,0,1,0,0.512,2,0.3736646
0.750000,-40.000000,0.99,1,0,1,1,0,0,1,0,1.024,2,0.4215312
0.750000,-40.000000,0.99,1,0,1,1,0,0,1,0,0.016,4, 0.3317027
0.750000,-40.000000,0.99,1,0,1,1,0,0,1,0,0.032,4,0.3423849
0.750000,-40.000000,0.99,1,0,1,1,0,0,1,0,0.064,4,0.3521505
0.750000,-40.000000,0.99,1,0,1,1,0,0,1,0,0.128,4,0.3677746
0.750000,-40.000000,0.99,1,0,1,1,0,0,1,0,0.256,4,0.3910197
0.750000,-40.000000,0.99,1,0,1,1,0,0,1,0,0.512,4,0.4240333
0.750000,-40.000000,0.99,1,0,1,1,0,0,1,0,1.024,4,0.4720960
0.750000,-40.000000,0.99,1,0,1,1,0,0,1,0,0.016,8, 0.4327409
0.750000,-40.000000,0.99,1,0,1,1,0,0,1,0,0.032,8,0.4434070
0.750000,-40.000000,0.99,1,0,1,1,0,0,1,0,0.064,8,0.4530143
0.750000,-40.000000,0.99,1,0,1,1,0,0,1,0,0.128,8,0.4685988
0.750000,-40.000000,0.99,1,0,1,1,0,0,1,0,0.256,8,0.4917389
0.750000,-40.000000,0.99,1,0,1,1,0,0,1,0,0.512,8,0.5249920
0.750000,-40.000000,0.99,1,0,1,1,0,0,1,0,1.024,8,0.5731228
0.750000,-40.000000,0.99,1,0,1,1,0,0,1,0,0.016,16, 0.6341104
0.750000,-40.000000,0.99,1,0,1,1,0,0,1,0,0.032,16,0.6448248
0.750000,-40.000000,0.99,1,0,1,1,0,0,1,0,0.064,16,0.6543328
0.750000,-40.000000,0.99,1,0,1,1,0,0,1,0,0.128,16,0.6700213
0.750000,-40.000000,0.99,1,0,1,1,0,0,1,0,0.256,16,0.6933555
0.750000,-40.000000,0.99,1,0,1,1,0,0,1,0,0.512,16,0.7266271
0.750000,-40.000000,0.99,1,0,1,1,0,0,1,0,1.024,16,0.7748909
0.750000,-40.000000,0.99,1,0,1,1,0,0,1,0,0.016,32, 1.0185165
0.750000,-40.000000,0.99,1,0,1,1,0,0,1,0,0.032,32,1.0311143
0.750000,-40.000000,0.99,1,0,1,1,0,0,1,0,0.064,32,1.0425290
0.750000,-40.000000,0.99,1,0,1,1,0,0,1,0,0.128,32,1.0602748
0.750000,-40.000000,0.99,1,0,1,1,0,0,1,0,0.256,32,1.0859870
0.750000,-40.000000,0.99,1,0,1,1,0,0,1,0,0.512,32,1.1212250
0.750000,-40.000000,0.99,1,0,1,1,0,0,1,0,1.024,32,1.1697099
0.750000,-40.000000,0.99,1,0,1,1,0,0,0,1,0.016,0.1,0.1156085
0.750000,-40.000000,0.99,1,0,1,1,0,0,0,1,0.032,0.1,0.1207133
0.750000,-40.000000,0.99,1,0,1,1,0,0,0,1,0.064,0.1,0.1258480
0.750000,-40.000000,0.99,1,0,1,1,0,0,0,1,0.128,0.1,0.1335305
0.750000,-40.000000,0.99,1,0,1,1,0,0,0,1,0.256,0.1,0.1476904
0.750000,-40.000000,0.99,1,0,1,1,0,0,0,1,0.512,0.1,0.1712292
0.750000,-40.000000,0.99,1,0,1,1,0,0,0,1,1.024,0.1,0.2174678
0.750000,-40.000000,0.99,1,0,1,1,0,0,0,1,0.016,1, 0.1151055
0.750000,-40.000000,0.99,1,0,1,1,0,0,0,1,0.032,1,0.1202473
0.750000,-40.000000,0.99,1,0,1,1,0,0,0,1,0.064,1,0.1261074
0.750000,-40.000000,0.99,1,0,1,1,0,0,0,1,0.128,1,0.1345502
0.750000,-40.000000,0.99,1,0,1,1,0,0,0,1,0.256,1,0.1481085
0.750000,-40.000000,0.99,1,0,1,1,0,0,0,1,0.512,1,0.1714957
0.750000,-40.000000,0.99,1,0,1,1,0,0,0,1,1.024,1,0.2174795
0.750000,-40.000000,0.99,1,0,1,1,0,0,0,1,0.016,2, 0.1156034
0.750000,-40.000000,0.99,1,0,1,1,0,0,0,1,0.032,2,0.1212417
0.750000,-40.000000,0.99,1,0,1,1,0,0,0,1,0.064,2,0.1261257
0.750000,-40.000000,0.99,1,0,1,1,0,0,0,1,0.128,2,0.1347269
0.750000,-40.000000,0.99,1,0,1,1,0,0,0,1,0.256,2,0.1487000
0.750000,-40.000000,0.99,1,0,1,1,0,0,0,1,0.512,2,0.1714635
0.750000,-40.000000,0.99,1,0,1,1,0,0,0,1,1.024,2,0.2170237
0.750000,-40.000000,0.99,1,0,1,1,0,0,0,1,0.016,4, 0.1158202
0.750000,-40.000000,0.99,1,0,1,1,0,0,0,1,0.032,4,0.1205551
0.750000,-40.000000,0.99,1,0,1,1,0,0,0,1,0.064,4,0.1253106
0.750000,-40.000000,0.99,1,0,1,1,0,0,0,1,0.128,4,0.1345542
0.750000,-40.000000,0.99,1,0,1,1,0,0,0,1,0.256,4,0.1477215
0.750000,-40.000000,0.99,1,0,1,1,0,0,0,1,0.512,4,0.1713105
0.750000,-40.000000,0.99,1,0,1,1,0,0,0,1,1.024,4,0.2174397
0.750000,-40.000000,0.99,1,0,1,1,0,0,0,1,0.016,8, 0.1160221
0.750000,-40.000000,0.99,1,0,1,1,0,0,0,1,0.032,8,0.1201504
0.750000,-40.000000,0.99,1,0,1,1,0,0,0,1,0.064,8,0.1259559
0.750000,-40.000000,0.99,1,0,1,1,0,0,0,1,0.128,8,0.1345888
0.750000,-40.000000,0.99,1,0,1,1,0,0,0,1,0.256,8,0.1479553
0.750000,-40.000000,0.99,1,0,1,1,0,0,0,1,0.512,8,0.1728512
0.750000,-40.000000,0.99,1,0,1,1,0,0,0,1,1.024,8,0.2181986
0.750000,-40.000000,0.99,1,0,1,1,0,0,0,1,0.016,16, 0.1169664
0.750000,-40.000000,0.99,1,0,1,1,0,0,0,1,0.032,16,0.1214480
0.750000,-40.000000,0.99,1,0,1,1,0,0,0,1,0.064,16,0.1264750
0.750000,-40.000000,0.99,1,0,1,1,0,0,0,1,0.128,16,0.1342175
0.750000,-40.000000,0.99,1,0,1,1,0,0,0,1,0.256,16,0.1487083
0.750000,-40.000000,0.99,1,0,1,1,0,0,0,1,0.512,16,0.1714932
0.750000,-40.000000,0.99,1,0,1,1,0,0,0,1,1.024,16,0.2193342
0.750000,-40.000000,0.99,1,0,1,1,0,0,0,1,0.016,32, 0.1543664
0.750000,-40.000000,0.99,1,0,1,1,0,0,0,1,0.032,32,0.1577319
0.750000,-40.000000,0.99,1,0,1,1,0,0,0,1,0.064,32,0.1587782
0.750000,-40.000000,0.99,1,0,1,1,0,0,0,1,0.128,32,0.1640465
0.750000,-40.000000,0.99,1,0,1,1,0,0,0,1,0.256,32,0.1728883
0.750000,-40.000000,0.99,1,0,1,1,0,0,0,1,0.512,32,0.1909705
0.750000,-40.000000,0.99,1,0,1,1,0,0,0,1,1.024,32,0.2295051
0.750000,-40.000000,0.99,0,1,1,1,1,0,0,0,0.016,0.1,0.1298329
0.750000,-40.000000,0.99,0,1,1,1,1,0,0,0,0.032,0.1,0.1366871
0.750000,-40.000000,0.99,0,1,1,1,1,0,0,0,0.064,0.1,0.1432081
0.750000,-40.000000,0.99,0,1,1,1,1,0,0,0,0.128,0.1,0.1544314
0.750000,-40.000000,0.99,0,1,1,1,1,0,0,0,0.256,0.1,0.1732971
0.750000,-40.000000,0.99,0,1,1,1,1,0,0,0,0.512,0.1,0.2050757
0.750000,-40.000000,0.99,0,1,1,1,1,0,0,0,1.024,0.1,0.2615581
0.750000,-40.000000,0.99,0,1,1,1,1,0,0,0,0.016,1, 0.1391749
0.750000,-40.000000,0.99,0,1,1,1,1,0,0,0,0.032,1,0.1460124
0.750000,-40.000000,0.99,0,1,1,1,1,0,0,0,0.064,1,0.1525922
0.750000,-40.000000,0.99,0,1,1,1,1,0,0,0,0.128,1,0.1639632
0.750000,-40.000000,0.99,0,1,1,1,1,0,0,0,0.256,1,0.1828197
0.750000,-40.000000,0.99,0,1,1,1,1,0,0,0,0.512,1,0.2143270
0.750000,-40.000000,0.99,0,1,1,1,1,0,0,0,1.024,1,0.2710843
0.750000,-40.000000,0.99,0,1,1,1,1,0,0,0,0.016,2, 0.1583605
0.750000,-40.000000,0.99,0,1,1,1,1,0,0,0,0.032,2,0.1652006
0.750000,-40.000000,0.99,0,1,1,1,1,0,0,0,0.064,2,0.1717470
0.750000,-40.000000,0.99,0,1,1,1,1,0,0,0,0.128,2,0.1830310
0.750000,-40.000000,0.99,0,1,1,1,1,0,0,0,0.256,2,0.2019689
0.750000,-40.000000,0.99,0,1,1,1,1,0,0,0,0.512,2,0.2338696
0.750000,-40.000000,0.99,0,1,1,1,1,0,0,0,1.024,2,0.2904026
0.750000,-40.000000,0.99,0,1,1,1,1,0,0,0,0.016,4, 0.1981939
0.750000,-40.000000,0.99,0,1,1,1,1,0,0,0,0.032,4,0.2050729
0.750000,-40.000000,0.99,0,1,1,1,1,0,0,0,0.064,4,0.2116432
0.750000,-40.000000,0.99,0,1,1,1,1,0,0,0,0.128,4,0.2229025
0.750000,-40.000000,0.99,0,1,1,1,1,0,0,0,0.256,4,0.2418354
0.750000,-40.000000,0.99,0,1,1,1,1,0,0,0,0.512,4,0.2737823
0.750000,-40.000000,0.99,0,1,1,1,1,0,0,0,1.024,4,0.3303825
0.750000,-40.000000,0.99,0,1,1,1,1,0,0,0,0.016,8, 0.2793052
0.750000,-40.000000,0.99,0,1,1,1,1,0,0,0,0.032,8,0.2862814
0.750000,-40.000000,0.99,0,1,1,1,1,0,0,0,0.064,8,0.2929232
0.750000,-40.000000,0.99,0,1,1,1,1,0,0,0,0.128,8,0.3041881
0.750000,-40.000000,0.99,0,1,1,1,1,0,0,0,0.256,8,0.3230034
0.750000,-40.000000,0.99,0,1,1,1,1,0,0,0,0.512,8,0.3548320
0.750000,-40.000000,0.99,0,1,1,1,1,0,0,0,1.024,8,0.4114011
0.750000,-40.000000,0.99,0,1,1,1,1,0,0,0,0.016,16, 0.4111127
0.750000,-40.000000,0.99,0,1,1,1,1,0,0,0,0.032,16,0.4204859
0.750000,-40.000000,0.99,0,1,1,1,1,0,0,0,0.064,16,0.4290661
0.750000,-40.000000,0.99,0,1,1,1,1,0,0,0,0.128,16,0.4428484
0.750000,-40.000000,0.99,0,1,1,1,1,0,0,0,0.256,16,0.4655114
0.750000,-40.000000,0.99,0,1,1,1,1,0,0,0,0.512,16,0.5001290
0.750000,-40.000000,0.99,0,1,1,1,1,0,0,0,1.024,16,0.5567607
0.750000,-40.000000,0.99,0,1,1,1,1,0,0,0,0.016,32, 0.6029658
0.750000,-40.000000,0.99,0,1,1,1,1,0,0,0,0.032,32,0.6168823
0.750000,-40.000000,0.99,0,1,1,1,1,0,0,0,0.064,32,0.6286322
0.750000,-40.000000,0.99,0,1,1,1,1,0,0,0,0.128,32,0.6482785
0.750000,-40.000000,0.99,0,1,1,1,1,0,0,0,0.256,32,0.6774296
0.750000,-40.000000,0.99,0,1,1,1,1,0,0,0,0.512,32,0.7193939
0.750000,-40.000000,0.99,0,1,1,1,1,0,0,0,1.024,32,0.7836843
0.750000,-40.000000,0.99,0,1,1,1,0,1,0,0,0.016,0.1,0.0710202
0.750000,-40.000000,0.99,0,1,1,1,0,1,0,0,0.032,0.1,0.0772886
0.750000,-40.000000,0.99,0,1,1,1,0,1,0,0,0.064,0.1,0.0836118
0.750000,-40.000000,0.99,0,1,1,1,0,1,0,0,0.128,0.1,0.0962181
0.750000,-40.000000,0.99,0,1,1,1,0,1,0,0,0.256,0.1,0.1203793
0.750000,-40.000000,0.99,0,1,1,1,0,1,0,0,0.512,0.1,0.1682631
0.750000,-40.000000,0.99,0,1,1,1,0,1,0,0,1.024,0.1,0.2648429
0.750000,-40.000000,0.99,0,1,1,1,0,1,0,0,0.016,1, 0.0710495
0.750000,-40.000000,0.99,0,1,1,1,0,1,0,0,0.032,1,0.0773035
0.750000,-40.000000,0.99,0,1,1,1,0,1,0,0,0.064,1,0.0839181
0.750000,-40.000000,0.99,0,1,1,1,0,1,0,0,0.128,1,0.0965294
0.750000,-40.000000,0.99,0,1,1,1,0,1,0,0,0.256,1,0.1209143
0.750000,-40.000000,0.99,0,1,1,1,0,1,0,0,0.512,1,0.1683647
0.750000,-40.000000,0.99,0,1,1,1,0,1,0,0,1.024,1,0.2648939
0.750000,-40.000000,0.99,0,1,1,1,0,1,0,0,0.016,2, 0.0708449
0.750000,-40.000000,0.99,0,1,1,1,0,1,0,0,0.032,2,0.0772507
0.750000,-40.000000,0.99,0,1,1,1,0,1,0,0,0.064,2,0.0838106
0.750000,-40.000000,0.99,0,1,1,1,0,1,0,0,0.128,2,0.0963856
0.750000,-40.000000,0.99,0,1,1,1,0,1,0,0,0.256,2,0.1205999
0.750000,-40.000000,0.99,0,1,1,1,0,1,0,0,0.512,2,0.1682557
0.750000,-40.000000,0.99,0,1,1,1,0,1,0,0,1.024,2,0.2648639
0.750000,-40.000000,0.99,0,1,1,1,0,1,0,0,0.016,4, 0.0713644
0.750000,-40.000000,0.99,0,1,1,1,0,1,0,0,0.032,4,0.0776164
0.750000,-40.000000,0.99,0,1,1,1,0,1,0,0,0.064,4,0.0840623
0.750000,-40.000000,0.99,0,1,1,1,0,1,0,0,0.128,4,0.0966555
0.750000,-40.000000,0.99,0,1,1,1,0,1,0,0,0.256,4,0.1210881
0.750000,-40.000000,0.99,0,1,1,1,0,1,0,0,0.512,4,0.1686594
0.750000,-40.000000,0.99,0,1,1,1,0,1,0,0,1.024,4,0.2649832
0.750000,-40.000000,0.99,0,1,1,1,0,1,0,0,0.016,8, 0.0787031
0.750000,-40.000000,0.99,0,1,1,1,0,1,0,0,0.032,8,0.0837277
0.750000,-40.000000,0.99,0,1,1,1,0,1,0,0,0.064,8,0.0895869
0.750000,-40.000000,0.99,0,1,1,1,0,1,0,0,0.128,8,0.1007096
0.750000,-40.000000,0.99,0,1,1,1,0,1,0,0,0.256,8,0.1239554
0.750000,-40.000000,0.99,0,1,1,1,0,1,0,0,0.512,8,0.1703994
0.750000,-40.000000,0.99,0,1,1,1,0,1,0,0,1.024,8,0.2660404
0.750000,-40.000000,0.99,0,1,1,1,0,1,0,0,0.016,16, 0.1187351
0.750000,-40.000000,0.99,0,1,1,1,0,1,0,0,0.032,16,0.1221754
0.750000,-40.000000,0.99,0,1,1,1,0,1,0,0,0.064,16,0.1266886
0.750000,-40.000000,0.99,0,1,1,1,0,1,0,0,0.128,16,0.1367438
0.750000,-40.000000,0.99,0,1,1,1,0,1,0,0,0.256,16,0.1542030
0.750000,-40.000000,0.99,0,1,1,1,0,1,0,0,0.512,16,0.1926620
0.750000,-40.000000,0.99,0,1,1,1,0,1,0,0,1.024,16,0.2793623
0.750000,-40.000000,0.99,0,1,1,1,0,1,0,0,0.016,32, 0.1944633
0.750000,-40.000000,0.99,0,1,1,1,0,1,0,0,0.032,32,0.1967956
0.750000,-40.000000,0.99,0,1,1,1,0,1,0,0,0.064,32,0.2029251
0.750000,-40.000000,0.99,0,1,1,1,0,1,0,0,0.128,32,0.2092872
0.750000,-40.000000,0.99,0,1,1,1,0,1,0,0,0.256,32,0.2250692
0.750000,-40.000000,0.99,0,1,1,1,0,1,0,0,0.512,32,0.2581844
0.750000,-40.000000,0.99,0,1,1,1,0,1,0,0,1.024,32,0.3330737
0.750000,-40.000000,0.99,0,1,1,1,0,0,1,0,0.016,0.1,0.2328891
0.750000,-40.000000,0.99,0,1,1,1,0,0,1,0,0.032,0.1,0.2434805
0.750000,-40.000000,0.99,0,1,1,1,0,0,1,0,0.064,0.1,0.2532353
0.750000,-40.000000,0.99,0,1,1,1,0,0,1,0,0.128,0.1,0.2688100
0.750000,-40.000000,0.99,0,1,1,1,0,0,1,0,0.256,0.1,0.2920620
0.750000,-40.000000,0.99,0,1,1,1,0,0,1,0,0.512,0.1,0.3249590
0.750000,-40.000000,0.99,0,1,1,1,0,0,1,0,1.024,0.1,0.3727099
0.750000,-40.000000,0.99,0,1,1,1,0,0,1,0,0.016,1, 0.2401057
0.750000,-40.000000,0.99,0,1,1,1,0,0,1,0,0.032,1,0.2507307
0.750000,-40.000000,0.99,0,1,1,1,0,0,1,0,0.064,1,0.2604699
0.750000,-40.000000,0.99,0,1,1,1,0,0,1,0,0.128,1,0.2759553
0.750000,-40.000000,0.99,0,1,1,1,0,0,1,0,0.256,1,0.2989103
0.750000,-40.000000,0.99,0,1,1,1,0,0,1,0,0.512,1,0.3320132
0.750000,-40.000000,0.99,0,1,1,1,0,0,1,0,1.024,1,0.3800682
0.750000,-40.000000,0.99,0,1,1,1,0,0,1,0,0.016,2, 0.2555506
0.750000,-40.000000,0.99,0,1,1,1,0,0,1,0,0.032,2,0.2661964
0.750000,-40.000000,0.99,0,1,1,1,0,0,1,0,0.064,2,0.2759607
0.750000,-40.000000,0.99,0,1,1,1,0,0,1,0,0.128,2,0.2915176
0.750000,-40.000000,0.99,0,1,1,1,0,0,1,0,0.256,2,0.3146405
0.750000,-40.000000,0.99,0,1,1,1,0,0,1,0,0.512,2,0.3478217
0.750000,-40.000000,0.99,0,1,1,1,0,0,1,0,1.024,2,0.3961740
0.750000,-40.000000,0.99,0,1,1,1,0,0,1,0,0.016,4, 0.2877746
0.750000,-40.000000,0.99,0,1,1,1,0,0,1,0,0.032,4,0.2984464
0.750000,-40.000000,0.99,0,1,1,1,0,0,1,0,0.064,4,0.3081915
0.750000,-40.000000,0.99,0,1,1,1,0,0,1,0,0.128,4,0.3237475
0.750000,-40.000000,0.99,0,1,1,1,0,0,1,0,0.256,4,0.3470063
0.750000,-40.000000,0.99,0,1,1,1,0,0,1,0,0.512,4,0.3801021
0.750000,-40.000000,0.99,0,1,1,1,0,0,1,0,1.024,4,0.4285030
0.750000,-40.000000,0.99,0,1,1,1,0,0,1,0,0.016,8, 0.3575048
0.750000,-40.000000,0.99,0,1,1,1,0,0,1,0,0.032,8,0.3681412
0.750000,-40.000000,0.99,0,1,1,1,0,0,1,0,0.064,8,0.3779159
0.750000,-40.000000,0.99,0,1,1,1,0,0,1,0,0.128,8,0.3933323
0.750000,-40.000000,0.99,0,1,1,1,0,0,1,0,0.256,8,0.4166563
0.750000,-40.000000,0.99,0,1,1,1,0,0,1,0,0.512,8,0.4497800
0.750000,-40.000000,0.99,0,1,1,1,0,0,1,0,1.024,8,0.4979104
0.750000,-40.000000,0.99,0,1,1,1,0,0,1,0,0.016,16, 0.5041216
0.750000,-40.000000,0.99,0,1,1,1,0,0,1,0,0.032,16,0.5165510
0.750000,-40.000000,0.99,0,1,1,1,0,0,1,0,0.064,16,0.5276474
0.750000,-40.000000,0.99,0,1,1,1,0,0,1,0,0.128,16,0.5452263
0.750000,-40.000000,0.99,0,1,1,1,0,0,1,0,0.256,16,0.5706127
0.750000,-40.000000,0.99,0,1,1,1,0,0,1,0,0.512,16,0.6049968
0.750000,-40.000000,0.99,0,1,1,1,0,0,1,0,1.024,16,0.6539160
0.750000,-40.000000,0.99,0,1,1,1,0,0,1,0,0.016,32, 0.7450400
0.750000,-40.000000,0.99,0,1,1,1,0,0,1,0,0.032,32,0.7631644
0.750000,-40.000000,0.99,0,1,1,1,0,0,1,0,0.064,32,0.7783937
0.750000,-40.000000,0.99,0,1,1,1,0,0,1,0,0.128,32,0.8041038
0.750000,-40.000000,0.99,0,1,1,1,0,0,1,0,0.256,32,0.8415267
0.750000,-40.000000,0.99,0,1,1,1,0,0,1,0,0.512,32,0.8918983
0.750000,-40.000000,0.99,0,1,1,1,0,0,1,0,1.024,32,0.9564232
0.750000,-40.000000,0.99,0,1,1,1,0,0,0,1,0.016,0.1,0.1156164
0.750000,-40.000000,0.99,0,1,1,1,0,0,0,1,0.032,0.1,0.1209541
0.750000,-40.000000,0.99,0,1,1,1,0,0,0,1,0.064,0.1,0.1260145
0.750000,-40.000000,0.99,0,1,1,1,0,0,0,1,0.128,0.1,0.1345785
0.750000,-40.000000,0.99,0,1,1,1,0,0,0,1,0.256,0.1,0.1475474
0.750000,-40.000000,0.99,0,1,1,1,0,0,0,1,0.512,0.1,0.1718354
0.750000,-40.000000,0.99,0,1,1,1,0,0,0,1,1.024,0.1,0.2175559
0.750000,-40.000000,0.99,0,1,1,1,0,0,0,1,0.016,1, 0.1155245
0.750000,-40.000000,0.99,0,1,1,1,0,0,0,1,0.032,1,0.1205345
0.750000,-40.000000,0.99,0,1,1,1,0,0,0,1,0.064,1,0.1246963
0.750000,-40.000000,0.99,0,1,1,1,0,0,0,1,0.128,1,0.1333109
0.750000,-40.000000,0.99,0,1,1,1,0,0,0,1,0.256,1,0.1477711
0.750000,-40.000000,0.99,0,1,1,1,0,0,0,1,0.512,1,0.1713518
0.750000,-40.000000,0.99,0,1,1,1,0,0,0,1,1.024,1,0.2176694
0.750000,-40.000000,0.99,0,1,1,1,0,0,0,1,0.016,2, 0.1157750
0.750000,-40.000000,0.99,0,1,1,1,0,0,0,1,0.032,2,0.1205738
0.750000,-40.000000,0.99,0,1,1,1,0,0,0,1,0.064,2,0.1247032
0.750000,-40.000000,0.99,0,1,1,1,0,0,0,1,0.128,2,0.1343099
0.750000,-40.000000,0.99,0,1,1,1,0,0,0,1,0.256,2,0.1481311
0.750000,-40.000000,0.99,0,1,1,1,0,0,0,1,0.512,2,0.1719631
0.750000,-40.000000,0.99,0,1,1,1,0,0,0,1,1.024,2,0.2168671
0.750000,-40.000000,0.99,0,1,1,1,0,0,0,1,0.016,4, 0.1161124
0.750000,-40.000000,0.99,0,1,1,1,0,0,0,1,0.032,4,0.1209453
0.750000,-40.000000,0.99,0,1,1,1,0,0,0,1,0.064,4,0.1256839
0.750000,-40.000000,0.99,0,1,1,1,0,0,0,1,0.128,4,0.1344241
0.750000,-40.000000,0.99,0,1,1,1,0,0,0,1,0.256,4,0.1476781
0.750000,-40.000000,0.99,0,1,1,1,0,0,0,1,0.512,4,0.1718438
0.750000,-40.000000,0.99,0,1,1,1,0,0,0,1,1.024,4,0.2173917
0.750000,-40.000000,0.99,0,1,1,1,0,0,0,1,0.016,8, 0.1161704
0.750000,-40.000000,0.99,0,1,1,1,0,0,0,1,0.032,8,0.1217663
0.750000,-40.000000,0.99,0,1,1,1,0,0,0,1,0.064,8,0.1263821
0.750000,-40.000000,0.99,0,1,1,1,0,0,0,1,0.128,8,0.1354057
0.750000,-40.000000,0.99,0,1,1,1,0,0,0,1,0.256,8,0.1489774
0.750000,-40.000000,0.99,0,1,1,1,0,0,0,1,0.512,8,0.1723950
0.750000,-40.000000,0.99,0,1,1,1,0,0,0,1,1.024,8,0.2176967
0.750000,-40.000000,0.99,0,1,1,1,0,0,0,1,0.016,16, 0.1430009
0.750000,-40.000000,0.99,0,1,1,1,0,0,0,1,0.032,16,0.1461914
0.750000,-40.000000,0.99,0,1,1,1,0,0,0,1,0.064,16,0.1489674
0.750000,-40.000000,0.99,0,1,1,1,0,0,0,1,0.128,16,0.1549897
0.750000,-40.000000,0.99,0,1,1,1,0,0,0,1,0.256,16,0.1652320
0.750000,-40.000000,0.99,0,1,1,1,0,0,0,1,0.512,16,0.1844637
0.750000,-40.000000,0.99,0,1,1,1,0,0,0,1,1.024,16,0.2249201
0.750000,-40.000000,0.99,0,1,1,1,0,0,0,1,0.016,32, 0.2265811
0.750000,-40.000000,0.99,0,1,1,1,0,0,0,1,0.032,32,0.2311182
0.750000,-40.000000,0.99,0,1,1,1,0,0,0,1,0.064,32,0.2349390
0.750000,-40.000000,0.99,0,1,1,1,0,0,0,1,0.128,32,0.2410955
0.750000,-40.000000,0.99,0,1,1,1,0,0,0,1,0.256,32,0.2548644
0.750000,-40.000000,0.99,0,1,1,1,0,0,0,1,0.512,32,0.2708503
0.750000,-40.000000,0.99,0,1,1,1,0,0,0,1,1.024,32,0.3008709
