nom_voltage,nom_temperature,nom_process,related_pin A1,related_pin A2,timing_type combinational,timing_sense positive_unate,timing_sense negative_unate,cell_rise,rise_transition,cell_fall,fall_transition,output_load,input_slope,value
0.850000,125.000000,1.01,1,0,1,1,0,1,0,0,0,0.016,0.1,0.0369705
0.850000,125.000000,1.01,1,0,1,1,0,1,0,0,0,0.032,0.1,0.0378916
0.850000,125.000000,1.01,1,0,1,1,0,1,0,0,0,0.064,0.1,0.0393430
0.850000,125.000000,1.01,1,0,1,1,0,1,0,0,0,0.128,0.1,0.0420695
0.850000,125.000000,1.01,1,0,1,1,0,1,0,0,0,0.256,0.1,0.0469776
0.850000,125.000000,1.01,1,0,1,1,0,1,0,0,0,0.512,0.1,0.0556302
0.850000,125.000000,1.01,1,0,1,1,0,1,0,0,0,1.024,0.1,0.0707837
0.850000,125.000000,1.01,1,0,1,1,0,1,0,0,0,0.016,0.25, 0.0404520
0.850000,125.000000,1.01,1,0,1,1,0,1,0,0,0,0.032,0.25,0.0413323
0.850000,125.000000,1.01,1,0,1,1,0,1,0,0,0,0.064,0.25,0.0427436
0.850000,125.000000,1.01,1,0,1,1,0,1,0,0,0,0.128,0.25,0.0453753
0.850000,125.000000,1.01,1,0,1,1,0,1,0,0,0,0.256,0.25,0.0501583
0.850000,125.000000,1.01,1,0,1,1,0,1,0,0,0,0.512,0.25,0.0586925
0.850000,125.000000,1.01,1,0,1,1,0,1,0,0,0,1.024,0.25,0.0737307
0.850000,125.000000,1.01,1,0,1,1,0,1,0,0,0,0.016,0.5, 0.0453983
0.850000,125.000000,1.01,1,0,1,1,0,1,0,0,0,0.032,0.5,0.0463125
0.850000,125.000000,1.01,1,0,1,1,0,1,0,0,0,0.064,0.5,0.0477596
0.850000,125.000000,1.01,1,0,1,1,0,1,0,0,0,0.128,0.5,0.0504850
0.850000,125.000000,1.01,1,0,1,1,0,1,0,0,0,0.256,0.5,0.0554177
0.850000,125.000000,1.01,1,0,1,1,0,1,0,0,0,0.512,0.5,0.0640885
0.850000,125.000000,1.01,1,0,1,1,0,1,0,0,0,1.024,0.5,0.0792125
0.850000,125.000000,1.01,1,0,1,1,0,1,0,0,0,0.016,1, 0.0512202
0.850000,125.000000,1.01,1,0,1,1,0,1,0,0,0,0.032,1,0.0522895
0.850000,125.000000,1.01,1,0,1,1,0,1,0,0,0,0.064,1,0.0538355
0.850000,125.000000,1.01,1,0,1,1,0,1,0,0,0,0.128,1,0.0567756
0.850000,125.000000,1.01,1,0,1,1,0,1,0,0,0,0.256,1,0.0621428
0.850000,125.000000,1.01,1,0,1,1,0,1,0,0,0,0.512,1,0.0713418
0.850000,125.000000,1.01,1,0,1,1,0,1,0,0,0,1.024,1,0.0873193
0.850000,125.000000,1.01,1,0,1,1,0,1,0,0,0,0.016,2, 0.0567869
0.850000,125.000000,1.01,1,0,1,1,0,1,0,0,0,0.032,2,0.0578498
0.850000,125.000000,1.01,1,0,1,1,0,1,0,0,0,0.064,2,0.0595750
0.850000,125.000000,1.01,1,0,1,1,0,1,0,0,0,0.128,2,0.0629847
0.850000,125.000000,1.01,1,0,1,1,0,1,0,0,0,0.256,2,0.0690934
0.850000,125.000000,1.01,1,0,1,1,0,1,0,0,0,0.512,2,0.0796471
0.850000,125.000000,1.01,1,0,1,1,0,1,0,0,0,1.024,2,0.0977487
0.850000,125.000000,1.01,1,0,1,1,0,1,0,0,0,0.016,4, 0.0598140
0.850000,125.000000,1.01,1,0,1,1,0,1,0,0,0,0.032,4,0.0609667
0.850000,125.000000,1.01,1,0,1,1,0,1,0,0,0,0.064,4,0.0633175
0.850000,125.000000,1.01,1,0,1,1,0,1,0,0,0,0.128,4,0.0669400
0.850000,125.000000,1.01,1,0,1,1,0,1,0,0,0,0.256,4,0.0738488
0.850000,125.000000,1.01,1,0,1,1,0,1,0,0,0,0.512,4,0.0865099
0.850000,125.000000,1.01,1,0,1,1,0,1,0,0,0,1.024,4,0.1082520
0.850000,125.000000,1.01,1,0,1,1,0,1,0,0,0,0.016,8, 0.0586607
0.850000,125.000000,1.01,1,0,1,1,0,1,0,0,0,0.032,8,0.0599128
0.850000,125.000000,1.01,1,0,1,1,0,1,0,0,0,0.064,8,0.0619578
0.850000,125.000000,1.01,1,0,1,1,0,1,0,0,0,0.128,8,0.0660231
0.850000,125.000000,1.01,1,0,1,1,0,1,0,0,0,0.256,8,0.0738842
0.850000,125.000000,1.01,1,0,1,1,0,1,0,0,0,0.512,8,0.0885984
0.850000,125.000000,1.01,1,0,1,1,0,1,0,0,0,1.024,8,0.1146263
0.850000,125.000000,1.01,1,0,1,1,0,0,1,0,0,0.016,0.1,0.0241624
0.850000,125.000000,1.01,1,0,1,1,0,0,1,0,0,0.032,0.1,0.0247543
0.850000,125.000000,1.01,1,0,1,1,0,0,1,0,0,0.064,0.1,0.0257551
0.850000,125.000000,1.01,1,0,1,1,0,0,1,0,0,0.128,0.1,0.0279557
0.850000,125.000000,1.01,1,0,1,1,0,0,1,0,0,0.256,0.1,0.0322494
0.850000,125.000000,1.01,1,0,1,1,0,0,1,0,0,0.512,0.1,0.0411240
0.850000,125.000000,1.01,1,0,1,1,0,0,1,0,0,1.024,0.1,0.0593512
0.850000,125.000000,1.01,1,0,1,1,0,0,1,0,0,0.016,0.25, 0.0254388
0.850000,125.000000,1.01,1,0,1,1,0,0,1,0,0,0.032,0.25,0.0259604
0.850000,125.000000,1.01,1,0,1,1,0,0,1,0,0,0.064,0.25,0.0269848
0.850000,125.000000,1.01,1,0,1,1,0,0,1,0,0,0.128,0.25,0.0290760
0.850000,125.000000,1.01,1,0,1,1,0,0,1,0,0,0.256,0.25,0.0332188
0.850000,125.000000,1.01,1,0,1,1,0,0,1,0,0,0.512,0.25,0.0417920
0.850000,125.000000,1.01,1,0,1,1,0,0,1,0,0,1.024,0.25,0.0598731
0.850000,125.000000,1.01,1,0,1,1,0,0,1,0,0,0.016,0.5, 0.0313982
0.850000,125.000000,1.01,1,0,1,1,0,0,1,0,0,0.032,0.5,0.0319107
0.850000,125.000000,1.01,1,0,1,1,0,0,1,0,0,0.064,0.5,0.0327532
0.850000,125.000000,1.01,1,0,1,1,0,0,1,0,0,0.128,0.5,0.0345038
0.850000,125.000000,1.01,1,0,1,1,0,0,1,0,0,0.256,0.5,0.0382031
0.850000,125.000000,1.01,1,0,1,1,0,0,1,0,0,0.512,0.5,0.0459028
0.850000,125.000000,1.01,1,0,1,1,0,0,1,0,0,1.024,0.5,0.0627755
0.850000,125.000000,1.01,1,0,1,1,0,0,1,0,0,0.016,1, 0.0427311
0.850000,125.000000,1.01,1,0,1,1,0,0,1,0,0,0.032,1,0.0432875
0.850000,125.000000,1.01,1,0,1,1,0,0,1,0,0,0.064,1,0.0440188
0.850000,125.000000,1.01,1,0,1,1,0,0,1,0,0,0.128,1,0.0456656
0.850000,125.000000,1.01,1,0,1,1,0,0,1,0,0,0.256,1,0.0492481
0.850000,125.000000,1.01,1,0,1,1,0,0,1,0,0,0.512,1,0.0566668
0.850000,125.000000,1.01,1,0,1,1,0,0,1,0,0,1.024,1,0.0725828
0.850000,125.000000,1.01,1,0,1,1,0,0,1,0,0,0.016,2, 0.0645021
0.850000,125.000000,1.01,1,0,1,1,0,0,1,0,0,0.032,2,0.0650461
0.850000,125.000000,1.01,1,0,1,1,0,0,1,0,0,0.064,2,0.0662765
0.850000,125.000000,1.01,1,0,1,1,0,0,1,0,0,0.128,2,0.0681420
0.850000,125.000000,1.01,1,0,1,1,0,0,1,0,0,0.256,2,0.0715621
0.850000,125.000000,1.01,1,0,1,1,0,0,1,0,0,0.512,2,0.0789268
0.850000,125.000000,1.01,1,0,1,1,0,0,1,0,0,1.024,2,0.0942590
0.850000,125.000000,1.01,1,0,1,1,0,0,1,0,0,0.016,4, 0.1072651
0.850000,125.000000,1.01,1,0,1,1,0,0,1,0,0,0.032,4,0.1078453
0.850000,125.000000,1.01,1,0,1,1,0,0,1,0,0,0.064,4,0.1093311
0.850000,125.000000,1.01,1,0,1,1,0,0,1,0,0,0.128,4,0.1111130
0.850000,125.000000,1.01,1,0,1,1,0,0,1,0,0,0.256,4,0.1148881
0.850000,125.000000,1.01,1,0,1,1,0,0,1,0,0,0.512,4,0.1221473
0.850000,125.000000,1.01,1,0,1,1,0,0,1,0,0,1.024,4,0.1385164
0.850000,125.000000,1.01,1,0,1,1,0,0,1,0,0,0.016,8, 0.1929478
0.850000,125.000000,1.01,1,0,1,1,0,0,1,0,0,0.032,8,0.1935385
0.850000,125.000000,1.01,1,0,1,1,0,0,1,0,0,0.064,8,0.1947102
0.850000,125.000000,1.01,1,0,1,1,0,0,1,0,0,0.128,8,0.1965815
0.850000,125.000000,1.01,1,0,1,1,0,0,1,0,0,0.256,8,0.2006378
0.850000,125.000000,1.01,1,0,1,1,0,0,1,0,0,0.512,8,0.2094028
0.850000,125.000000,1.01,1,0,1,1,0,0,1,0,0,1.024,8,0.2263370
0.850000,125.000000,1.01,1,0,1,1,0,0,0,1,0,0.016,0.1,0.0292357
0.850000,125.000000,1.01,1,0,1,1,0,0,0,1,0,0.032,0.1,0.0302285
0.850000,125.000000,1.01,1,0,1,1,0,0,0,1,0,0.064,0.1,0.0318103
0.850000,125.000000,1.01,1,0,1,1,0,0,0,1,0,0.128,0.1,0.0347466
0.850000,125.000000,1.01,1,0,1,1,0,0,0,1,0,0.256,0.1,0.0400315
0.850000,125.000000,1.01,1,0,1,1,0,0,0,1,0,0.512,0.1,0.0493864
0.850000,125.000000,1.01,1,0,1,1,0,0,0,1,0,1.024,0.1,0.0662183
0.850000,125.000000,1.01,1,0,1,1,0,0,0,1,0,0.016,0.25, 0.0337932
0.850000,125.000000,1.01,1,0,1,1,0,0,0,1,0,0.032,0.25,0.0347634
0.850000,125.000000,1.01,1,0,1,1,0,0,0,1,0,0.064,0.25,0.0363041
0.850000,125.000000,1.01,1,0,1,1,0,0,0,1,0,0.128,0.25,0.0391429
0.850000,125.000000,1.01,1,0,1,1,0,0,0,1,0,0.256,0.25,0.0442897
0.850000,125.000000,1.01,1,0,1,1,0,0,0,1,0,0.512,0.25,0.0534685
0.850000,125.000000,1.01,1,0,1,1,0,0,0,1,0,1.024,0.25,0.0701497
0.850000,125.000000,1.01,1,0,1,1,0,0,0,1,0,0.016,0.5, 0.0400275
0.850000,125.000000,1.01,1,0,1,1,0,0,0,1,0,0.032,0.5,0.0410467
0.850000,125.000000,1.01,1,0,1,1,0,0,0,1,0,0.064,0.5,0.0426669
0.850000,125.000000,1.01,1,0,1,1,0,0,0,1,0,0.128,0.5,0.0457339
0.850000,125.000000,1.01,1,0,1,1,0,0,0,1,0,0.256,0.5,0.0512620
0.850000,125.000000,1.01,1,0,1,1,0,0,0,1,0,0.512,0.5,0.0608749
0.850000,125.000000,1.01,1,0,1,1,0,0,0,1,0,1.024,0.5,0.0776569
0.850000,125.000000,1.01,1,0,1,1,0,0,0,1,0,0.016,1, 0.0479961
0.850000,125.000000,1.01,1,0,1,1,0,0,0,1,0,0.032,1,0.0490856
0.850000,125.000000,1.01,1,0,1,1,0,0,0,1,0,0.064,1,0.0508684
0.850000,125.000000,1.01,1,0,1,1,0,0,0,1,0,0.128,1,0.0542173
0.850000,125.000000,1.01,1,0,1,1,0,0,0,1,0,0.256,1,0.0603310
0.850000,125.000000,1.01,1,0,1,1,0,0,0,1,0,0.512,1,0.0709986
0.850000,125.000000,1.01,1,0,1,1,0,0,0,1,0,1.024,1,0.0892464
0.850000,125.000000,1.01,1,0,1,1,0,0,0,1,0,0.016,2, 0.0573489
0.850000,125.000000,1.01,1,0,1,1,0,0,0,1,0,0.032,2,0.0585199
0.850000,125.000000,1.01,1,0,1,1,0,0,0,1,0,0.064,2,0.0604523
0.850000,125.000000,1.01,1,0,1,1,0,0,0,1,0,0.128,2,0.0641526
0.850000,125.000000,1.01,1,0,1,1,0,0,0,1,0,0.256,2,0.0709715
0.850000,125.000000,1.01,1,0,1,1,0,0,0,1,0,0.512,2,0.0833698
0.850000,125.000000,1.01,1,0,1,1,0,0,0,1,0,1.024,2,0.1045457
0.850000,125.000000,1.01,1,0,1,1,0,0,0,1,0,0.016,4, 0.0675013
0.850000,125.000000,1.01,1,0,1,1,0,0,0,1,0,0.032,4,0.0687075
0.850000,125.000000,1.01,1,0,1,1,0,0,0,1,0,0.064,4,0.0710673
0.850000,125.000000,1.01,1,0,1,1,0,0,0,1,0,0.128,4,0.0750727
0.850000,125.000000,1.01,1,0,1,1,0,0,0,1,0,0.256,4,0.0828424
0.850000,125.000000,1.01,1,0,1,1,0,0,0,1,0,0.512,4,0.0973137
0.850000,125.000000,1.01,1,0,1,1,0,0,0,1,0,1.024,4,0.1222255
0.850000,125.000000,1.01,1,0,1,1,0,0,0,1,0,0.016,8, 0.0788842
0.850000,125.000000,1.01,1,0,1,1,0,0,0,1,0,0.032,8,0.0801744
0.850000,125.000000,1.01,1,0,1,1,0,0,0,1,0,0.064,8,0.0823267
0.850000,125.000000,1.01,1,0,1,1,0,0,0,1,0,0.128,8,0.0866830
0.850000,125.000000,1.01,1,0,1,1,0,0,0,1,0,0.256,8,0.0956423
0.850000,125.000000,1.01,1,0,1,1,0,0,0,1,0,0.512,8,0.1116100
0.850000,125.000000,1.01,1,0,1,1,0,0,0,1,0,1.024,8,0.1411685
0.850000,125.000000,1.01,1,0,1,1,0,0,0,0,1,0.016,0.1,0.0180230
0.850000,125.000000,1.01,1,0,1,1,0,0,0,0,1,0.032,0.1,0.0187609
0.850000,125.000000,1.01,1,0,1,1,0,0,0,0,1,0.064,0.1,0.0200227
0.850000,125.000000,1.01,1,0,1,1,0,0,0,0,1,0.128,0.1,0.0225611
0.850000,125.000000,1.01,1,0,1,1,0,0,0,0,1,0.256,0.1,0.0277977
0.850000,125.000000,1.01,1,0,1,1,0,0,0,0,1,0.512,0.1,0.0386240
0.850000,125.000000,1.01,1,0,1,1,0,0,0,0,1,1.024,0.1,0.0619569
0.850000,125.000000,1.01,1,0,1,1,0,0,0,0,1,0.016,0.25, 0.0202263
0.850000,125.000000,1.01,1,0,1,1,0,0,0,0,1,0.032,0.25,0.0208271
0.850000,125.000000,1.01,1,0,1,1,0,0,0,0,1,0.064,0.25,0.0218012
0.850000,125.000000,1.01,1,0,1,1,0,0,0,0,1,0.128,0.25,0.0241600
0.850000,125.000000,1.01,1,0,1,1,0,0,0,0,1,0.256,0.25,0.0290792
0.850000,125.000000,1.01,1,0,1,1,0,0,0,0,1,0.512,0.25,0.0394947
0.850000,125.000000,1.01,1,0,1,1,0,0,0,0,1,1.024,0.25,0.0623894
0.850000,125.000000,1.01,1,0,1,1,0,0,0,0,1,0.016,0.5, 0.0274944
0.850000,125.000000,1.01,1,0,1,1,0,0,0,0,1,0.032,0.5,0.0280587
0.850000,125.000000,1.01,1,0,1,1,0,0,0,0,1,0.064,0.5,0.0288611
0.850000,125.000000,1.01,1,0,1,1,0,0,0,0,1,0.128,0.5,0.0308723
0.850000,125.000000,1.01,1,0,1,1,0,0,0,0,1,0.256,0.5,0.0351278
0.850000,125.000000,1.01,1,0,1,1,0,0,0,0,1,0.512,0.5,0.0443645
0.850000,125.000000,1.01,1,0,1,1,0,0,0,0,1,1.024,0.5,0.0655768
0.850000,125.000000,1.01,1,0,1,1,0,0,0,0,1,0.016,1, 0.0411179
0.850000,125.000000,1.01,1,0,1,1,0,0,0,0,1,0.032,1,0.0415698
0.850000,125.000000,1.01,1,0,1,1,0,0,0,0,1,0.064,1,0.0425083
0.850000,125.000000,1.01,1,0,1,1,0,0,0,0,1,0.128,1,0.0439845
0.850000,125.000000,1.01,1,0,1,1,0,0,0,0,1,0.256,1,0.0479338
0.850000,125.000000,1.01,1,0,1,1,0,0,0,0,1,0.512,1,0.0564453
0.850000,125.000000,1.01,1,0,1,1,0,0,0,0,1,1.024,1,0.0755507
0.850000,125.000000,1.01,1,0,1,1,0,0,0,0,1,0.016,2, 0.0652637
0.850000,125.000000,1.01,1,0,1,1,0,0,0,0,1,0.032,2,0.0656019
0.850000,125.000000,1.01,1,0,1,1,0,0,0,0,1,0.064,2,0.0662118
0.850000,125.000000,1.01,1,0,1,1,0,0,0,0,1,0.128,2,0.0679185
0.850000,125.000000,1.01,1,0,1,1,0,0,0,0,1,0.256,2,0.0726651
0.850000,125.000000,1.01,1,0,1,1,0,0,0,0,1,0.512,2,0.0805065
0.850000,125.000000,1.01,1,0,1,1,0,0,0,0,1,1.024,2,0.0978960
0.850000,125.000000,1.01,1,0,1,1,0,0,0,0,1,0.016,4, 0.1107267
0.850000,125.000000,1.01,1,0,1,1,0,0,0,0,1,0.032,4,0.1108178
0.850000,125.000000,1.01,1,0,1,1,0,0,0,0,1,0.064,4,0.1122566
0.850000,125.000000,1.01,1,0,1,1,0,0,0,0,1,0.128,4,0.1129687
0.850000,125.000000,1.01,1,0,1,1,0,0,0,0,1,0.256,4,0.1168655
0.850000,125.000000,1.01,1,0,1,1,0,0,0,0,1,0.512,4,0.1253193
0.850000,125.000000,1.01,1,0,1,1,0,0,0,0,1,1.024,4,0.1439223
0.850000,125.000000,1.01,1,0,1,1,0,0,0,0,1,0.016,8, 0.1982898
0.850000,125.000000,1.01,1,0,1,1,0,0,0,0,1,0.032,8,0.1985860
0.850000,125.000000,1.01,1,0,1,1,0,0,0,0,1,0.064,8,0.1991386
0.850000,125.000000,1.01,1,0,1,1,0,0,0,0,1,0.128,8,0.2004234
0.850000,125.000000,1.01,1,0,1,1,0,0,0,0,1,0.256,8,0.2068812
0.850000,125.000000,1.01,1,0,1,1,0,0,0,0,1,0.512,8,0.2127011
0.850000,125.000000,1.01,1,0,1,1,0,0,0,0,1,1.024,8,0.2295095
0.850000,125.000000,1.01,0,1,1,0,1,1,0,0,0,0.016,0.1,0.0562706
0.850000,125.000000,1.01,0,1,1,0,1,1,0,0,0,0.032,0.1,0.0571978
0.850000,125.000000,1.01,0,1,1,0,1,1,0,0,0,0.064,0.1,0.0586785
0.850000,125.000000,1.01,0,1,1,0,1,1,0,0,0,0.128,0.1,0.0615626
0.850000,125.000000,1.01,0,1,1,0,1,1,0,0,0,0.256,0.1,0.0665802
0.850000,125.000000,1.01,0,1,1,0,1,1,0,0,0,0.512,0.1,0.0753049
0.850000,125.000000,1.01,0,1,1,0,1,1,0,0,0,1.024,0.1,0.0906376
0.850000,125.000000,1.01,0,1,1,0,1,1,0,0,0,0.016,0.25, 0.0594239
0.850000,125.000000,1.01,0,1,1,0,1,1,0,0,0,0.032,0.25,0.0603562
0.850000,125.000000,1.01,0,1,1,0,1,1,0,0,0,0.064,0.25,0.0618482
0.850000,125.000000,1.01,0,1,1,0,1,1,0,0,0,0.128,0.25,0.0645994
0.850000,125.000000,1.01,0,1,1,0,1,1,0,0,0,0.256,0.25,0.0696180
0.850000,125.000000,1.01,0,1,1,0,1,1,0,0,0,0.512,0.25,0.0784017
0.850000,125.000000,1.01,0,1,1,0,1,1,0,0,0,1.024,0.25,0.0937653
0.850000,125.000000,1.01,0,1,1,0,1,1,0,0,0,0.016,0.5, 0.0642381
0.850000,125.000000,1.01,0,1,1,0,1,1,0,0,0,0.032,0.5,0.0651679
0.850000,125.000000,1.01,0,1,1,0,1,1,0,0,0,0.064,0.5,0.0666235
0.850000,125.000000,1.01,0,1,1,0,1,1,0,0,0,0.128,0.5,0.0693515
0.850000,125.000000,1.01,0,1,1,0,1,1,0,0,0,0.256,0.5,0.0742721
0.850000,125.000000,1.01,0,1,1,0,1,1,0,0,0,0.512,0.5,0.0829672
0.850000,125.000000,1.01,0,1,1,0,1,1,0,0,0,1.024,0.5,0.0982652
0.850000,125.000000,1.01,0,1,1,0,1,1,0,0,0,0.016,1, 0.0721363
0.850000,125.000000,1.01,0,1,1,0,1,1,0,0,0,0.032,1,0.0730705
0.850000,125.000000,1.01,0,1,1,0,1,1,0,0,0,0.064,1,0.0745544
0.850000,125.000000,1.01,0,1,1,0,1,1,0,0,0,0.128,1,0.0773143
0.850000,125.000000,1.01,0,1,1,0,1,1,0,0,0,0.256,1,0.0822455
0.850000,125.000000,1.01,0,1,1,0,1,1,0,0,0,0.512,1,0.0909660
0.850000,125.000000,1.01,0,1,1,0,1,1,0,0,0,1.024,1,0.1060646
0.850000,125.000000,1.01,0,1,1,0,1,1,0,0,0,0.016,2, 0.0838912
0.850000,125.000000,1.01,0,1,1,0,1,1,0,0,0,0.032,2,0.0848484
0.850000,125.000000,1.01,0,1,1,0,1,1,0,0,0,0.064,2,0.0863784
0.850000,125.000000,1.01,0,1,1,0,1,1,0,0,0,0.128,2,0.0893320
0.850000,125.000000,1.01,0,1,1,0,1,1,0,0,0,0.256,2,0.0946188
0.850000,125.000000,1.01,0,1,1,0,1,1,0,0,0,0.512,2,0.1034614
0.850000,125.000000,1.01,0,1,1,0,1,1,0,0,0,1.024,2,0.1189897
0.850000,125.000000,1.01,0,1,1,0,1,1,0,0,0,0.016,4, 0.1014382
0.850000,125.000000,1.01,0,1,1,0,1,1,0,0,0,0.032,4,0.1024497
0.850000,125.000000,1.01,0,1,1,0,1,1,0,0,0,0.064,4,0.1042232
0.850000,125.000000,1.01,0,1,1,0,1,1,0,0,0,0.128,4,0.1073291
0.850000,125.000000,1.01,0,1,1,0,1,1,0,0,0,0.256,4,0.1129825
0.850000,125.000000,1.01,0,1,1,0,1,1,0,0,0,0.512,4,0.1224574
0.850000,125.000000,1.01,0,1,1,0,1,1,0,0,0,1.024,4,0.1388475
0.850000,125.000000,1.01,0,1,1,0,1,1,0,0,0,0.016,8, 0.1262697
0.850000,125.000000,1.01,0,1,1,0,1,1,0,0,0,0.032,8,0.1273362
0.850000,125.000000,1.01,0,1,1,0,1,1,0,0,0,0.064,8,0.1291039
0.850000,125.000000,1.01,0,1,1,0,1,1,0,0,0,0.128,8,0.1324339
0.850000,125.000000,1.01,0,1,1,0,1,1,0,0,0,0.256,8,0.1389701
0.850000,125.000000,1.01,0,1,1,0,1,1,0,0,0,0.512,8,0.1500564
0.850000,125.000000,1.01,0,1,1,0,1,1,0,0,0,1.024,8,0.1686458
0.850000,125.000000,1.01,0,1,1,0,1,0,1,0,0,0.016,0.1,0.0257581
0.850000,125.000000,1.01,0,1,1,0,1,0,1,0,0,0.032,0.1,0.0264390
0.850000,125.000000,1.01,0,1,1,0,1,0,1,0,0,0.064,0.1,0.0275580
0.850000,125.000000,1.01,0,1,1,0,1,0,1,0,0,0.128,0.1,0.0296314
0.850000,125.000000,1.01,0,1,1,0,1,0,1,0,0,0.256,0.1,0.0339303
0.850000,125.000000,1.01,0,1,1,0,1,0,1,0,0,0.512,0.1,0.0426278
0.850000,125.000000,1.01,0,1,1,0,1,0,1,0,0,1.024,0.1,0.0608684
0.850000,125.000000,1.01,0,1,1,0,1,0,1,0,0,0.016,0.25, 0.0257699
0.850000,125.000000,1.01,0,1,1,0,1,0,1,0,0,0.032,0.25,0.0264071
0.850000,125.000000,1.01,0,1,1,0,1,0,1,0,0,0.064,0.25,0.0274741
0.850000,125.000000,1.01,0,1,1,0,1,0,1,0,0,0.128,0.25,0.0296054
0.850000,125.000000,1.01,0,1,1,0,1,0,1,0,0,0.256,0.25,0.0339724
0.850000,125.000000,1.01,0,1,1,0,1,0,1,0,0,0.512,0.25,0.0428501
0.850000,125.000000,1.01,0,1,1,0,1,0,1,0,0,1.024,0.25,0.0608878
0.850000,125.000000,1.01,0,1,1,0,1,0,1,0,0,0.016,0.5, 0.0260832
0.850000,125.000000,1.01,0,1,1,0,1,0,1,0,0,0.032,0.5,0.0267008
0.850000,125.000000,1.01,0,1,1,0,1,0,1,0,0,0.064,0.5,0.0276606
0.850000,125.000000,1.01,0,1,1,0,1,0,1,0,0,0.128,0.5,0.0298365
0.850000,125.000000,1.01,0,1,1,0,1,0,1,0,0,0.256,0.5,0.0340516
0.850000,125.000000,1.01,0,1,1,0,1,0,1,0,0,0.512,0.5,0.0428916
0.850000,125.000000,1.01,0,1,1,0,1,0,1,0,0,1.024,0.5,0.0610934
0.850000,125.000000,1.01,0,1,1,0,1,0,1,0,0,0.016,1, 0.0282892
0.850000,125.000000,1.01,0,1,1,0,1,0,1,0,0,0.032,1,0.0288593
0.850000,125.000000,1.01,0,1,1,0,1,0,1,0,0,0.064,1,0.0300033
0.850000,125.000000,1.01,0,1,1,0,1,0,1,0,0,0.128,1,0.0320389
0.850000,125.000000,1.01,0,1,1,0,1,0,1,0,0,0.256,1,0.0362546
0.850000,125.000000,1.01,0,1,1,0,1,0,1,0,0,0.512,1,0.0446308
0.850000,125.000000,1.01,0,1,1,0,1,0,1,0,0,1.024,1,0.0621125
0.850000,125.000000,1.01,0,1,1,0,1,0,1,0,0,0.016,2, 0.0338419
0.850000,125.000000,1.01,0,1,1,0,1,0,1,0,0,0.032,2,0.0344259
0.850000,125.000000,1.01,0,1,1,0,1,0,1,0,0,0.064,2,0.0354279
0.850000,125.000000,1.01,0,1,1,0,1,0,1,0,0,0.128,2,0.0374593
0.850000,125.000000,1.01,0,1,1,0,1,0,1,0,0,0.256,2,0.0416678
0.850000,125.000000,1.01,0,1,1,0,1,0,1,0,0,0.512,2,0.0498759
0.850000,125.000000,1.01,0,1,1,0,1,0,1,0,0,1.024,2,0.0663071
0.850000,125.000000,1.01,0,1,1,0,1,0,1,0,0,0.016,4, 0.0466671
0.850000,125.000000,1.01,0,1,1,0,1,0,1,0,0,0.032,4,0.0471391
0.850000,125.000000,1.01,0,1,1,0,1,0,1,0,0,0.064,4,0.0481633
0.850000,125.000000,1.01,0,1,1,0,1,0,1,0,0,0.128,4,0.0501759
0.850000,125.000000,1.01,0,1,1,0,1,0,1,0,0,0.256,4,0.0542173
0.850000,125.000000,1.01,0,1,1,0,1,0,1,0,0,0.512,4,0.0614399
0.850000,125.000000,1.01,0,1,1,0,1,0,1,0,0,1.024,4,0.0776644
0.850000,125.000000,1.01,0,1,1,0,1,0,1,0,0,0.016,8, 0.0696666
0.850000,125.000000,1.01,0,1,1,0,1,0,1,0,0,0.032,8,0.0701674
0.850000,125.000000,1.01,0,1,1,0,1,0,1,0,0,0.064,8,0.0710200
0.850000,125.000000,1.01,0,1,1,0,1,0,1,0,0,0.128,8,0.0728797
0.850000,125.000000,1.01,0,1,1,0,1,0,1,0,0,0.256,8,0.0775320
0.850000,125.000000,1.01,0,1,1,0,1,0,1,0,0,0.512,8,0.0853041
0.850000,125.000000,1.01,0,1,1,0,1,0,1,0,0,1.024,8,0.1015550
0.850000,125.000000,1.01,0,1,1,0,1,0,0,1,0,0.016,0.1,0.0498189
0.850000,125.000000,1.01,0,1,1,0,1,0,0,1,0,0.032,0.1,0.0507874
0.850000,125.000000,1.01,0,1,1,0,1,0,0,1,0,0.064,0.1,0.0523848
0.850000,125.000000,1.01,0,1,1,0,1,0,0,1,0,0.128,0.1,0.0552679
0.850000,125.000000,1.01,0,1,1,0,1,0,0,1,0,0.256,0.1,0.0605081
0.850000,125.000000,1.01,0,1,1,0,1,0,0,1,0,0.512,0.1,0.0697693
0.850000,125.000000,1.01,0,1,1,0,1,0,0,1,0,1.024,0.1,0.0864680
0.850000,125.000000,1.01,0,1,1,0,1,0,0,1,0,0.016,0.25, 0.0524194
0.850000,125.000000,1.01,0,1,1,0,1,0,0,1,0,0.032,0.25,0.0533830
0.850000,125.000000,1.01,0,1,1,0,1,0,0,1,0,0.064,0.25,0.0549220
0.850000,125.000000,1.01,0,1,1,0,1,0,0,1,0,0.128,0.25,0.0578345
0.850000,125.000000,1.01,0,1,1,0,1,0,0,1,0,0.256,0.25,0.0630457
0.850000,125.000000,1.01,0,1,1,0,1,0,0,1,0,0.512,0.25,0.0723674
0.850000,125.000000,1.01,0,1,1,0,1,0,0,1,0,1.024,0.25,0.0890374
0.850000,125.000000,1.01,0,1,1,0,1,0,0,1,0,0.016,0.5, 0.0559772
0.850000,125.000000,1.01,0,1,1,0,1,0,0,1,0,0.032,0.5,0.0569457
0.850000,125.000000,1.01,0,1,1,0,1,0,0,1,0,0.064,0.5,0.0585272
0.850000,125.000000,1.01,0,1,1,0,1,0,0,1,0,0.128,0.5,0.0614200
0.850000,125.000000,1.01,0,1,1,0,1,0,0,1,0,0.256,0.5,0.0665855
0.850000,125.000000,1.01,0,1,1,0,1,0,0,1,0,0.512,0.5,0.0757538
0.850000,125.000000,1.01,0,1,1,0,1,0,0,1,0,1.024,0.5,0.0924011
0.850000,125.000000,1.01,0,1,1,0,1,0,0,1,0,0.016,1, 0.0598973
0.850000,125.000000,1.01,0,1,1,0,1,0,0,1,0,0.032,1,0.0608767
0.850000,125.000000,1.01,0,1,1,0,1,0,0,1,0,0.064,1,0.0626558
0.850000,125.000000,1.01,0,1,1,0,1,0,0,1,0,0.128,1,0.0655355
0.850000,125.000000,1.01,0,1,1,0,1,0,0,1,0,0.256,1,0.0707679
0.850000,125.000000,1.01,0,1,1,0,1,0,0,1,0,0.512,1,0.0800339
0.850000,125.000000,1.01,0,1,1,0,1,0,0,1,0,1.024,1,0.0967649
0.850000,125.000000,1.01,0,1,1,0,1,0,0,1,0,0.016,2, 0.0633553
0.850000,125.000000,1.01,0,1,1,0,1,0,0,1,0,0.032,2,0.0643590
0.850000,125.000000,1.01,0,1,1,0,1,0,0,1,0,0.064,2,0.0659904
0.850000,125.000000,1.01,0,1,1,0,1,0,0,1,0,0.128,2,0.0692620
0.850000,125.000000,1.01,0,1,1,0,1,0,0,1,0,0.256,2,0.0748038
0.850000,125.000000,1.01,0,1,1,0,1,0,0,1,0,0.512,2,0.0844624
0.850000,125.000000,1.01,0,1,1,0,1,0,0,1,0,1.024,2,0.1015015
0.850000,125.000000,1.01,0,1,1,0,1,0,0,1,0,0.016,4, 0.0647437
0.850000,125.000000,1.01,0,1,1,0,1,0,0,1,0,0.032,4,0.0658019
0.850000,125.000000,1.01,0,1,1,0,1,0,0,1,0,0.064,4,0.0677534
0.850000,125.000000,1.01,0,1,1,0,1,0,0,1,0,0.128,4,0.0710429
0.850000,125.000000,1.01,0,1,1,0,1,0,0,1,0,0.256,4,0.0771638
0.850000,125.000000,1.01,0,1,1,0,1,0,0,1,0,0.512,4,0.0877425
0.850000,125.000000,1.01,0,1,1,0,1,0,0,1,0,1.024,4,0.1059601
0.850000,125.000000,1.01,0,1,1,0,1,0,0,1,0,0.016,8, 0.0603305
0.850000,125.000000,1.01,0,1,1,0,1,0,0,1,0,0.032,8,0.0614742
0.850000,125.000000,1.01,0,1,1,0,1,0,0,1,0,0.064,8,0.0632954
0.850000,125.000000,1.01,0,1,1,0,1,0,0,1,0,0.128,8,0.0672906
0.850000,125.000000,1.01,0,1,1,0,1,0,0,1,0,0.256,8,0.0739451
0.850000,125.000000,1.01,0,1,1,0,1,0,0,1,0,0.512,8,0.0859525
0.850000,125.000000,1.01,0,1,1,0,1,0,0,1,0,1.024,8,0.1066464
0.850000,125.000000,1.01,0,1,1,0,1,0,0,0,1,0.016,0.1,0.0184489
0.850000,125.000000,1.01,0,1,1,0,1,0,0,0,1,0.032,0.1,0.0191355
0.850000,125.000000,1.01,0,1,1,0,1,0,0,0,1,0.064,0.1,0.0204035
0.850000,125.000000,1.01,0,1,1,0,1,0,0,0,1,0.128,0.1,0.0228113
0.850000,125.000000,1.01,0,1,1,0,1,0,0,0,1,0.256,0.1,0.0279650
0.850000,125.000000,1.01,0,1,1,0,1,0,0,0,1,0.512,0.1,0.0388080
0.850000,125.000000,1.01,0,1,1,0,1,0,0,0,1,1.024,0.1,0.0618430
0.850000,125.000000,1.01,0,1,1,0,1,0,0,0,1,0.016,0.25, 0.0185709
0.850000,125.000000,1.01,0,1,1,0,1,0,0,0,1,0.032,0.25,0.0192807
0.850000,125.000000,1.01,0,1,1,0,1,0,0,0,1,0.064,0.25,0.0204799
0.850000,125.000000,1.01,0,1,1,0,1,0,0,0,1,0.128,0.25,0.0229330
0.850000,125.000000,1.01,0,1,1,0,1,0,0,0,1,0.256,0.25,0.0281128
0.850000,125.000000,1.01,0,1,1,0,1,0,0,0,1,0.512,0.25,0.0389885
0.850000,125.000000,1.01,0,1,1,0,1,0,0,0,1,1.024,0.25,0.0619499
0.850000,125.000000,1.01,0,1,1,0,1,0,0,0,1,0.016,0.5, 0.0193349
0.850000,125.000000,1.01,0,1,1,0,1,0,0,0,1,0.032,0.5,0.0199829
0.850000,125.000000,1.01,0,1,1,0,1,0,0,0,1,0.064,0.5,0.0210731
0.850000,125.000000,1.01,0,1,1,0,1,0,0,0,1,0.128,0.5,0.0235215
0.850000,125.000000,1.01,0,1,1,0,1,0,0,0,1,0.256,0.5,0.0285311
0.850000,125.000000,1.01,0,1,1,0,1,0,0,0,1,0.512,0.5,0.0392703
0.850000,125.000000,1.01,0,1,1,0,1,0,0,0,1,1.024,0.5,0.0621965
0.850000,125.000000,1.01,0,1,1,0,1,0,0,0,1,0.016,1, 0.0218442
0.850000,125.000000,1.01,0,1,1,0,1,0,0,0,1,0.032,1,0.0224834
0.850000,125.000000,1.01,0,1,1,0,1,0,0,0,1,0.064,1,0.0236944
0.850000,125.000000,1.01,0,1,1,0,1,0,0,0,1,0.128,1,0.0258004
0.850000,125.000000,1.01,0,1,1,0,1,0,0,0,1,0.256,1,0.0306444
0.850000,125.000000,1.01,0,1,1,0,1,0,0,0,1,0.512,1,0.0409546
0.850000,125.000000,1.01,0,1,1,0,1,0,0,0,1,1.024,1,0.0633980
0.850000,125.000000,1.01,0,1,1,0,1,0,0,0,1,0.016,2, 0.0278935
0.850000,125.000000,1.01,0,1,1,0,1,0,0,0,1,0.032,2,0.0284150
0.850000,125.000000,1.01,0,1,1,0,1,0,0,0,1,0.064,2,0.0295830
0.850000,125.000000,1.01,0,1,1,0,1,0,0,0,1,0.128,2,0.0319418
0.850000,125.000000,1.01,0,1,1,0,1,0,0,0,1,0.256,2,0.0364370
0.850000,125.000000,1.01,0,1,1,0,1,0,0,0,1,0.512,2,0.0459703
0.850000,125.000000,1.01,0,1,1,0,1,0,0,0,1,1.024,2,0.0669825
0.850000,125.000000,1.01,0,1,1,0,1,0,0,0,1,0.016,4, 0.0414580
0.850000,125.000000,1.01,0,1,1,0,1,0,0,0,1,0.032,4,0.0419098
0.850000,125.000000,1.01,0,1,1,0,1,0,0,0,1,0.064,4,0.0427856
0.850000,125.000000,1.01,0,1,1,0,1,0,0,0,1,0.128,4,0.0450621
0.850000,125.000000,1.01,0,1,1,0,1,0,0,0,1,0.256,4,0.0492827
0.850000,125.000000,1.01,0,1,1,0,1,0,0,0,1,0.512,4,0.0582644
0.850000,125.000000,1.01,0,1,1,0,1,0,0,0,1,1.024,4,0.0772891
0.850000,125.000000,1.01,0,1,1,0,1,0,0,0,1,0.016,8, 0.0674924
0.850000,125.000000,1.01,0,1,1,0,1,0,0,0,1,0.032,8,0.0678822
0.850000,125.000000,1.01,0,1,1,0,1,0,0,0,1,0.064,8,0.0685208
0.850000,125.000000,1.01,0,1,1,0,1,0,0,0,1,0.128,8,0.0705222
0.850000,125.000000,1.01,0,1,1,0,1,0,0,0,1,0.256,8,0.0744801
0.850000,125.000000,1.01,0,1,1,0,1,0,0,0,1,0.512,8,0.0831569
0.850000,125.000000,1.01,0,1,1,0,1,0,0,0,1,1.024,8,0.1008729
0.850000,125.000000,1.01,0,1,1,1,0,1,0,0,0,0.016,0.1,0.0411705
0.850000,125.000000,1.01,0,1,1,1,0,1,0,0,0,0.032,0.1,0.0420690
0.850000,125.000000,1.01,0,1,1,1,0,1,0,0,0,0.064,0.1,0.0435264
0.850000,125.000000,1.01,0,1,1,1,0,1,0,0,0,0.128,0.1,0.0462156
0.850000,125.000000,1.01,0,1,1,1,0,1,0,0,0,0.256,0.1,0.0510832
0.850000,125.000000,1.01,0,1,1,1,0,1,0,0,0,0.512,0.1,0.0596470
0.850000,125.000000,1.01,0,1,1,1,0,1,0,0,0,1.024,0.1,0.0747358
0.850000,125.000000,1.01,0,1,1,1,0,1,0,0,0,0.016,0.25, 0.0429019
0.850000,125.000000,1.01,0,1,1,1,0,1,0,0,0,0.032,0.25,0.0437961
0.850000,125.000000,1.01,0,1,1,1,0,1,0,0,0,0.064,0.25,0.0452175
0.850000,125.000000,1.01,0,1,1,1,0,1,0,0,0,0.128,0.25,0.0478773
0.850000,125.000000,1.01,0,1,1,1,0,1,0,0,0,0.256,0.25,0.0526895
0.850000,125.000000,1.01,0,1,1,1,0,1,0,0,0,0.512,0.25,0.0612001
0.850000,125.000000,1.01,0,1,1,1,0,1,0,0,0,1.024,0.25,0.0762610
0.850000,125.000000,1.01,0,1,1,1,0,1,0,0,0,0.016,0.5, 0.0452888
0.850000,125.000000,1.01,0,1,1,1,0,1,0,0,0,0.032,0.5,0.0462075
0.850000,125.000000,1.01,0,1,1,1,0,1,0,0,0,0.064,0.5,0.0476643
0.850000,125.000000,1.01,0,1,1,1,0,1,0,0,0,0.128,0.5,0.0503713
0.850000,125.000000,1.01,0,1,1,1,0,1,0,0,0,0.256,0.5,0.0552727
0.850000,125.000000,1.01,0,1,1,1,0,1,0,0,0,0.512,0.5,0.0638706
0.850000,125.000000,1.01,0,1,1,1,0,1,0,0,0,1.024,0.5,0.0789453
0.850000,125.000000,1.01,0,1,1,1,0,1,0,0,0,0.016,1, 0.0472564
0.850000,125.000000,1.01,0,1,1,1,0,1,0,0,0,0.032,1,0.0481848
0.850000,125.000000,1.01,0,1,1,1,0,1,0,0,0,0.064,1,0.0496686
0.850000,125.000000,1.01,0,1,1,1,0,1,0,0,0,0.128,1,0.0524858
0.850000,125.000000,1.01,0,1,1,1,0,1,0,0,0,0.256,1,0.0576274
0.850000,125.000000,1.01,0,1,1,1,0,1,0,0,0,0.512,1,0.0665419
0.850000,125.000000,1.01,0,1,1,1,0,1,0,0,0,1.024,1,0.0821202
0.850000,125.000000,1.01,0,1,1,1,0,1,0,0,0,0.016,2, 0.0452101
0.850000,125.000000,1.01,0,1,1,1,0,1,0,0,0,0.032,2,0.0462194
0.850000,125.000000,1.01,0,1,1,1,0,1,0,0,0,0.064,2,0.0478570
0.850000,125.000000,1.01,0,1,1,1,0,1,0,0,0,0.128,2,0.0509346
0.850000,125.000000,1.01,0,1,1,1,0,1,0,0,0,0.256,2,0.0567527
0.850000,125.000000,1.01,0,1,1,1,0,1,0,0,0,0.512,2,0.0664219
0.850000,125.000000,1.01,0,1,1,1,0,1,0,0,0,1.024,2,0.0832363
0.850000,125.000000,1.01,0,1,1,1,0,1,0,0,0,0.016,4, 0.0323814
0.850000,125.000000,1.01,0,1,1,1,0,1,0,0,0,0.032,4,0.0334707
0.850000,125.000000,1.01,0,1,1,1,0,1,0,0,0,0.064,4,0.0352564
0.850000,125.000000,1.01,0,1,1,1,0,1,0,0,0,0.128,4,0.0386770
0.850000,125.000000,1.01,0,1,1,1,0,1,0,0,0,0.256,4,0.0450156
0.850000,125.000000,1.01,0,1,1,1,0,1,0,0,0,0.512,4,0.0568031
0.850000,125.000000,1.01,0,1,1,1,0,1,0,0,0,1.024,4,0.0757495
0.850000,125.000000,1.01,0,1,1,1,0,1,0,0,0,0.016,8, -0.0042984
0.850000,125.000000,1.01,0,1,1,1,0,1,0,0,0,0.032,8,-0.0031435
0.850000,125.000000,1.01,0,1,1,1,0,1,0,0,0,0.064,8,-0.0010716
0.850000,125.000000,1.01,0,1,1,1,0,1,0,0,0,0.128,8,0.0027058
0.850000,125.000000,1.01,0,1,1,1,0,1,0,0,0,0.256,8,0.0099144
0.850000,125.000000,1.01,0,1,1,1,0,1,0,0,0,0.512,8,0.0239903
0.850000,125.000000,1.01,0,1,1,1,0,1,0,0,0,1.024,8,0.0465808
0.850000,125.000000,1.01,0,1,1,1,0,0,1,0,0,0.016,0.1,0.0240398
0.850000,125.000000,1.01,0,1,1,1,0,0,1,0,0,0.032,0.1,0.0246527
0.850000,125.000000,1.01,0,1,1,1,0,0,1,0,0,0.064,0.1,0.0256708
0.850000,125.000000,1.01,0,1,1,1,0,0,1,0,0,0.128,0.1,0.0277872
0.850000,125.000000,1.01,0,1,1,1,0,0,1,0,0,0.256,0.1,0.0321526
0.850000,125.000000,1.01,0,1,1,1,0,0,1,0,0,0.512,0.1,0.0408894
0.850000,125.000000,1.01,0,1,1,1,0,0,1,0,0,1.024,0.1,0.0591132
0.850000,125.000000,1.01,0,1,1,1,0,0,1,0,0,0.016,0.25, 0.0246283
0.850000,125.000000,1.01,0,1,1,1,0,0,1,0,0,0.032,0.25,0.0251759
0.850000,125.000000,1.01,0,1,1,1,0,0,1,0,0,0.064,0.25,0.0262672
0.850000,125.000000,1.01,0,1,1,1,0,0,1,0,0,0.128,0.25,0.0283625
0.850000,125.000000,1.01,0,1,1,1,0,0,1,0,0,0.256,0.25,0.0325906
0.850000,125.000000,1.01,0,1,1,1,0,0,1,0,0,0.512,0.25,0.0412588
0.850000,125.000000,1.01,0,1,1,1,0,0,1,0,0,1.024,0.25,0.0594959
0.850000,125.000000,1.01,0,1,1,1,0,0,1,0,0,0.016,0.5, 0.0280125
0.850000,125.000000,1.01,0,1,1,1,0,0,1,0,0,0.032,0.5,0.0286041
0.850000,125.000000,1.01,0,1,1,1,0,0,1,0,0,0.064,0.5,0.0295881
0.850000,125.000000,1.01,0,1,1,1,0,0,1,0,0,0.128,0.5,0.0314618
0.850000,125.000000,1.01,0,1,1,1,0,0,1,0,0,0.256,0.5,0.0354181
0.850000,125.000000,1.01,0,1,1,1,0,0,1,0,0,0.512,0.5,0.0437938
0.850000,125.000000,1.01,0,1,1,1,0,0,1,0,0,1.024,0.5,0.0613669
0.850000,125.000000,1.01,0,1,1,1,0,0,1,0,0,0.016,1, 0.0358035
0.850000,125.000000,1.01,0,1,1,1,0,0,1,0,0,0.032,1,0.0363620
0.850000,125.000000,1.01,0,1,1,1,0,0,1,0,0,0.064,1,0.0372319
0.850000,125.000000,1.01,0,1,1,1,0,0,1,0,0,0.128,1,0.0390029
0.850000,125.000000,1.01,0,1,1,1,0,0,1,0,0,0.256,1,0.0427087
0.850000,125.000000,1.01,0,1,1,1,0,0,1,0,0,0.512,1,0.0506345
0.850000,125.000000,1.01,0,1,1,1,0,0,1,0,0,1.024,1,0.0676169
0.850000,125.000000,1.01,0,1,1,1,0,0,1,0,0,0.016,2, 0.0506130
0.850000,125.000000,1.01,0,1,1,1,0,0,1,0,0,0.032,2,0.0509391
0.850000,125.000000,1.01,0,1,1,1,0,0,1,0,0,0.064,2,0.0519141
0.850000,125.000000,1.01,0,1,1,1,0,0,1,0,0,0.128,2,0.0537890
0.850000,125.000000,1.01,0,1,1,1,0,0,1,0,0,0.256,2,0.0579133
0.850000,125.000000,1.01,0,1,1,1,0,0,1,0,0,0.512,2,0.0657493
0.850000,125.000000,1.01,0,1,1,1,0,0,1,0,0,1.024,2,0.0815612
0.850000,125.000000,1.01,0,1,1,1,0,0,1,0,0,0.016,4, 0.0791812
0.850000,125.000000,1.01,0,1,1,1,0,0,1,0,0,0.032,4,0.0796511
0.850000,125.000000,1.01,0,1,1,1,0,0,1,0,0,0.064,4,0.0805071
0.850000,125.000000,1.01,0,1,1,1,0,0,1,0,0,0.128,4,0.0824016
0.850000,125.000000,1.01,0,1,1,1,0,0,1,0,0,0.256,4,0.0861832
0.850000,125.000000,1.01,0,1,1,1,0,0,1,0,0,0.512,4,0.0945354
0.850000,125.000000,1.01,0,1,1,1,0,0,1,0,0,1.024,4,0.1102275
0.850000,125.000000,1.01,0,1,1,1,0,0,1,0,0,0.016,8, 0.1341611
0.850000,125.000000,1.01,0,1,1,1,0,0,1,0,0,0.032,8,0.1346567
0.850000,125.000000,1.01,0,1,1,1,0,0,1,0,0,0.064,8,0.1359859
0.850000,125.000000,1.01,0,1,1,1,0,0,1,0,0,0.128,8,0.1375770
0.850000,125.000000,1.01,0,1,1,1,0,0,1,0,0,0.256,8,0.1419127
0.850000,125.000000,1.01,0,1,1,1,0,0,1,0,0,0.512,8,0.1507397
0.850000,125.000000,1.01,0,1,1,1,0,0,1,0,0,1.024,8,0.1675418
0.850000,125.000000,1.01,0,1,1,1,0,0,0,1,0,0.016,0.1,0.0384980
0.850000,125.000000,1.01,0,1,1,1,0,0,0,1,0,0.032,0.1,0.0394844
0.850000,125.000000,1.01,0,1,1,1,0,0,0,1,0,0.064,0.1,0.0410415
0.850000,125.000000,1.01,0,1,1,1,0,0,0,1,0,0.128,0.1,0.0439830
0.850000,125.000000,1.01,0,1,1,1,0,0,0,1,0,0.256,0.1,0.0492607
0.850000,125.000000,1.01,0,1,1,1,0,0,0,1,0,0.512,0.1,0.0586835
0.850000,125.000000,1.01,0,1,1,1,0,0,0,1,0,1.024,0.1,0.0755736
0.850000,125.000000,1.01,0,1,1,1,0,0,0,1,0,0.016,0.25, 0.0434724
0.850000,125.000000,1.01,0,1,1,1,0,0,0,1,0,0.032,0.25,0.0444331
0.850000,125.000000,1.01,0,1,1,1,0,0,0,1,0,0.064,0.25,0.0459703
0.850000,125.000000,1.01,0,1,1,1,0,0,0,1,0,0.128,0.25,0.0488503
0.850000,125.000000,1.01,0,1,1,1,0,0,0,1,0,0.256,0.25,0.0540605
0.850000,125.000000,1.01,0,1,1,1,0,0,0,1,0,0.512,0.25,0.0633725
0.850000,125.000000,1.01,0,1,1,1,0,0,0,1,0,1.024,0.25,0.0801398
0.850000,125.000000,1.01,0,1,1,1,0,0,0,1,0,0.016,0.5, 0.0521811
0.850000,125.000000,1.01,0,1,1,1,0,0,0,1,0,0.032,0.5,0.0531674
0.850000,125.000000,1.01,0,1,1,1,0,0,0,1,0,0.064,0.5,0.0547370
0.850000,125.000000,1.01,0,1,1,1,0,0,0,1,0,0.128,0.5,0.0576400
0.850000,125.000000,1.01,0,1,1,1,0,0,0,1,0,0.256,0.5,0.0629415
0.850000,125.000000,1.01,0,1,1,1,0,0,0,1,0,0.512,0.5,0.0722657
0.850000,125.000000,1.01,0,1,1,1,0,0,0,1,0,1.024,0.5,0.0889336
0.850000,125.000000,1.01,0,1,1,1,0,0,0,1,0,0.016,1, 0.0655508
0.850000,125.000000,1.01,0,1,1,1,0,0,0,1,0,0.032,1,0.0665713
0.850000,125.000000,1.01,0,1,1,1,0,0,0,1,0,0.064,1,0.0682209
0.850000,125.000000,1.01,0,1,1,1,0,0,0,1,0,0.128,1,0.0713692
0.850000,125.000000,1.01,0,1,1,1,0,0,0,1,0,0.256,1,0.0770600
0.850000,125.000000,1.01,0,1,1,1,0,0,0,1,0,0.512,1,0.0870254
0.850000,125.000000,1.01,0,1,1,1,0,0,0,1,0,1.024,1,0.1044622
0.850000,125.000000,1.01,0,1,1,1,0,0,0,1,0,0.016,2, 0.0860077
0.850000,125.000000,1.01,0,1,1,1,0,0,0,1,0,0.032,2,0.0870773
0.850000,125.000000,1.01,0,1,1,1,0,0,0,1,0,0.064,2,0.0891383
0.850000,125.000000,1.01,0,1,1,1,0,0,0,1,0,0.128,2,0.0925000
0.850000,125.000000,1.01,0,1,1,1,0,0,0,1,0,0.256,2,0.0989031
0.850000,125.000000,1.01,0,1,1,1,0,0,0,1,0,0.512,2,0.1103448
0.850000,125.000000,1.01,0,1,1,1,0,0,0,1,0,1.024,2,0.1296316
0.850000,125.000000,1.01,0,1,1,1,0,0,0,1,0,0.016,4, 0.1195327
0.850000,125.000000,1.01,0,1,1,1,0,0,0,1,0,0.032,4,0.1206836
0.850000,125.000000,1.01,0,1,1,1,0,0,0,1,0,0.064,4,0.1225964
0.850000,125.000000,1.01,0,1,1,1,0,0,0,1,0,0.128,4,0.1262655
0.850000,125.000000,1.01,0,1,1,1,0,0,0,1,0,0.256,4,0.1333832
0.850000,125.000000,1.01,0,1,1,1,0,0,0,1,0,0.512,4,0.1467879
0.850000,125.000000,1.01,0,1,1,1,0,0,0,1,0,1.024,4,0.1690141
0.850000,125.000000,1.01,0,1,1,1,0,0,0,1,0,0.016,8, 0.1762536
0.850000,125.000000,1.01,0,1,1,1,0,0,0,1,0,0.032,8,0.1774674
0.850000,125.000000,1.01,0,1,1,1,0,0,0,1,0,0.064,8,0.1794916
0.850000,125.000000,1.01,0,1,1,1,0,0,0,1,0,0.128,8,0.1835379
0.850000,125.000000,1.01,0,1,1,1,0,0,0,1,0,0.256,8,0.1908984
0.850000,125.000000,1.01,0,1,1,1,0,0,0,1,0,0.512,8,0.2063408
0.850000,125.000000,1.01,0,1,1,1,0,0,0,1,0,1.024,8,0.2328684
0.850000,125.000000,1.01,0,1,1,1,0,0,0,0,1,0.016,0.1,0.0189128
0.850000,125.000000,1.01,0,1,1,1,0,0,0,0,1,0.032,0.1,0.0196029
0.850000,125.000000,1.01,0,1,1,1,0,0,0,0,1,0.064,0.1,0.0208525
0.850000,125.000000,1.01,0,1,1,1,0,0,0,0,1,0.128,0.1,0.0232897
0.850000,125.000000,1.01,0,1,1,1,0,0,0,0,1,0.256,0.1,0.0284198
0.850000,125.000000,1.01,0,1,1,1,0,0,0,0,1,0.512,0.1,0.0393062
0.850000,125.000000,1.01,0,1,1,1,0,0,0,0,1,1.024,0.1,0.0623043
0.850000,125.000000,1.01,0,1,1,1,0,0,0,0,1,0.016,0.25, 0.0193968
0.850000,125.000000,1.01,0,1,1,1,0,0,0,0,1,0.032,0.25,0.0200860
0.850000,125.000000,1.01,0,1,1,1,0,0,0,0,1,0.064,0.25,0.0212146
0.850000,125.000000,1.01,0,1,1,1,0,0,0,0,1,0.128,0.25,0.0236706
0.850000,125.000000,1.01,0,1,1,1,0,0,0,0,1,0.256,0.25,0.0287710
0.850000,125.000000,1.01,0,1,1,1,0,0,0,0,1,0.512,0.25,0.0395480
0.850000,125.000000,1.01,0,1,1,1,0,0,0,0,1,1.024,0.25,0.0626464
0.850000,125.000000,1.01,0,1,1,1,0,0,0,0,1,0.016,0.5, 0.0238242
0.850000,125.000000,1.01,0,1,1,1,0,0,0,0,1,0.032,0.5,0.0243410
0.850000,125.000000,1.01,0,1,1,1,0,0,0,0,1,0.064,0.5,0.0252948
0.850000,125.000000,1.01,0,1,1,1,0,0,0,0,1,0.128,0.5,0.0273440
0.850000,125.000000,1.01,0,1,1,1,0,0,0,0,1,0.256,0.5,0.0319564
0.850000,125.000000,1.01,0,1,1,1,0,0,0,0,1,0.512,0.5,0.0420010
0.850000,125.000000,1.01,0,1,1,1,0,0,0,0,1,1.024,0.5,0.0639334
0.850000,125.000000,1.01,0,1,1,1,0,0,0,0,1,0.016,1, 0.0337323
0.850000,125.000000,1.01,0,1,1,1,0,0,0,0,1,0.032,1,0.0341227
0.850000,125.000000,1.01,0,1,1,1,0,0,0,0,1,0.064,1,0.0350234
0.850000,125.000000,1.01,0,1,1,1,0,0,0,0,1,0.128,1,0.0369447
0.850000,125.000000,1.01,0,1,1,1,0,0,0,0,1,0.256,1,0.0410985
0.850000,125.000000,1.01,0,1,1,1,0,0,0,0,1,0.512,1,0.0502386
0.850000,125.000000,1.01,0,1,1,1,0,0,0,0,1,1.024,1,0.0704053
0.850000,125.000000,1.01,0,1,1,1,0,0,0,0,1,0.016,2, 0.0527017
0.850000,125.000000,1.01,0,1,1,1,0,0,0,0,1,0.032,2,0.0530586
0.850000,125.000000,1.01,0,1,1,1,0,0,0,0,1,0.064,2,0.0539005
0.850000,125.000000,1.01,0,1,1,1,0,0,0,0,1,0.128,2,0.0559501
0.850000,125.000000,1.01,0,1,1,1,0,0,0,0,1,0.256,2,0.0597544
0.850000,125.000000,1.01,0,1,1,1,0,0,0,0,1,0.512,2,0.0677754
0.850000,125.000000,1.01,0,1,1,1,0,0,0,0,1,1.024,2,0.0859155
0.850000,125.000000,1.01,0,1,1,1,0,0,0,0,1,0.016,4, 0.0877596
0.850000,125.000000,1.01,0,1,1,1,0,0,0,0,1,0.032,4,0.0881792
0.850000,125.000000,1.01,0,1,1,1,0,0,0,0,1,0.064,4,0.0889727
0.850000,125.000000,1.01,0,1,1,1,0,0,0,0,1,0.128,4,0.0901879
0.850000,125.000000,1.01,0,1,1,1,0,0,0,0,1,0.256,4,0.0934238
0.850000,125.000000,1.01,0,1,1,1,0,0,0,0,1,0.512,4,0.1020869
0.850000,125.000000,1.01,0,1,1,1,0,0,0,0,1,1.024,4,0.1190267
0.850000,125.000000,1.01,0,1,1,1,0,0,0,0,1,0.016,8, 0.1514879
0.850000,125.000000,1.01,0,1,1,1,0,0,0,0,1,0.032,8,0.1517750
0.850000,125.000000,1.01,0,1,1,1,0,0,0,0,1,0.064,8,0.1523024
0.850000,125.000000,1.01,0,1,1,1,0,0,0,0,1,0.128,8,0.1523983
0.850000,125.000000,1.01,0,1,1,1,0,0,0,0,1,0.256,8,0.1551128
0.850000,125.000000,1.01,0,1,1,1,0,0,0,0,1,0.512,8,0.1643767
0.850000,125.000000,1.01,0,1,1,1,0,0,0,0,1,1.024,8,0.1823753
0.750000,-40.000000,0.99,1,0,1,1,0,1,0,0,0,0.016,0.1,0.1677613
0.750000,-40.000000,0.99,1,0,1,1,0,1,0,0,0,0.032,0.1,0.1723240
0.750000,-40.000000,0.99,1,0,1,1,0,1,0,0,0,0.064,0.1,0.1792963
0.750000,-40.000000,0.99,1,0,1,1,0,1,0,0,0,0.128,0.1,0.1912429
0.750000,-40.000000,0.99,1,0,1,1,0,1,0,0,0,0.256,0.1,0.2112815
0.750000,-40.000000,0.99,1,0,1,1,0,1,0,0,0,0.512,0.1,0.2446431
0.750000,-40.000000,0.99,1,0,1,1,0,1,0,0,0,1.024,0.1,0.3035171
0.750000,-40.000000,0.99,1,0,1,1,0,1,0,0,0,0.016,0.25, 0.1750977
0.750000,-40.000000,0.99,1,0,1,1,0,1,0,0,0,0.032,0.25,0.1796377
0.750000,-40.000000,0.99,1,0,1,1,0,1,0,0,0,0.064,0.25,0.1866303
0.750000,-40.000000,0.99,1,0,1,1,0,1,0,0,0,0.128,0.25,0.1985995
0.750000,-40.000000,0.99,1,0,1,1,0,1,0,0,0,0.256,0.25,0.2185803
0.750000,-40.000000,0.99,1,0,1,1,0,1,0,0,0,0.512,0.25,0.2519908
0.750000,-40.000000,0.99,1,0,1,1,0,1,0,0,0,1.024,0.25,0.3104175
0.750000,-40.000000,0.99,1,0,1,1,0,1,0,0,0,0.016,0.5, 0.1903711
0.750000,-40.000000,0.99,1,0,1,1,0,1,0,0,0,0.032,0.5,0.1949531
0.750000,-40.000000,0.99,1,0,1,1,0,1,0,0,0,0.064,0.5,0.2017864
0.750000,-40.000000,0.99,1,0,1,1,0,1,0,0,0,0.128,0.5,0.2136404
0.750000,-40.000000,0.99,1,0,1,1,0,1,0,0,0,0.256,0.5,0.2338441
0.750000,-40.000000,0.99,1,0,1,1,0,1,0,0,0,0.512,0.5,0.2676377
0.750000,-40.000000,0.99,1,0,1,1,0,1,0,0,0,1.024,0.5,0.3256746
0.750000,-40.000000,0.99,1,0,1,1,0,1,0,0,0,0.016,1, 0.2224907
0.750000,-40.000000,0.99,1,0,1,1,0,1,0,0,0,0.032,1,0.2270185
0.750000,-40.000000,0.99,1,0,1,1,0,1,0,0,0,0.064,1,0.2339798
0.750000,-40.000000,0.99,1,0,1,1,0,1,0,0,0,0.128,1,0.2458910
0.750000,-40.000000,0.99,1,0,1,1,0,1,0,0,0,0.256,1,0.2659043
0.750000,-40.000000,0.99,1,0,1,1,0,1,0,0,0,0.512,1,0.2998273
0.750000,-40.000000,0.99,1,0,1,1,0,1,0,0,0,1.024,1,0.3582467
0.750000,-40.000000,0.99,1,0,1,1,0,1,0,0,0,0.016,2, 0.2902149
0.750000,-40.000000,0.99,1,0,1,1,0,1,0,0,0,0.032,2,0.2948377
0.750000,-40.000000,0.99,1,0,1,1,0,1,0,0,0,0.064,2,0.3017948
0.750000,-40.000000,0.99,1,0,1,1,0,1,0,0,0,0.128,2,0.3138015
0.750000,-40.000000,0.99,1,0,1,1,0,1,0,0,0,0.256,2,0.3338517
0.750000,-40.000000,0.99,1,0,1,1,0,1,0,0,0,0.512,2,0.3674807
0.750000,-40.000000,0.99,1,0,1,1,0,1,0,0,0,1.024,2,0.4260539
0.750000,-40.000000,0.99,1,0,1,1,0,1,0,0,0,0.016,4, 0.3988894
0.750000,-40.000000,0.99,1,0,1,1,0,1,0,0,0,0.032,4,0.4047945
0.750000,-40.000000,0.99,1,0,1,1,0,1,0,0,0,0.064,4,0.4134658
0.750000,-40.000000,0.99,1,0,1,1,0,1,0,0,0,0.128,4,0.4279547
0.750000,-40.000000,0.99,1,0,1,1,0,1,0,0,0,0.256,4,0.4510035
0.750000,-40.000000,0.99,1,0,1,1,0,1,0,0,0,0.512,4,0.4875071
0.750000,-40.000000,0.99,1,0,1,1,0,1,0,0,0,1.024,4,0.5477901
0.750000,-40.000000,0.99,1,0,1,1,0,1,0,0,0,0.016,8, 0.5493285
0.750000,-40.000000,0.99,1,0,1,1,0,1,0,0,0,0.032,8,0.5581801
0.750000,-40.000000,0.99,1,0,1,1,0,1,0,0,0,0.064,8,0.5704965
0.750000,-40.000000,0.99,1,0,1,1,0,1,0,0,0,0.128,8,0.5901872
0.750000,-40.000000,0.99,1,0,1,1,0,1,0,0,0,0.256,8,0.6200334
0.750000,-40.000000,0.99,1,0,1,1,0,1,0,0,0,0.512,8,0.6638252
0.750000,-40.000000,0.99,1,0,1,1,0,1,0,0,0,1.024,8,0.7304692
0.750000,-40.000000,0.99,1,0,1,1,0,0,1,0,0,0.016,0.1,0.0762850
0.750000,-40.000000,0.99,1,0,1,1,0,0,1,0,0,0.032,0.1,0.0804369
0.750000,-40.000000,0.99,1,0,1,1,0,0,1,0,0,0.064,0.1,0.0866158
0.750000,-40.000000,0.99,1,0,1,1,0,0,1,0,0,0.128,0.1,0.0986046
0.750000,-40.000000,0.99,1,0,1,1,0,0,1,0,0,0.256,0.1,0.1221943
0.750000,-40.000000,0.99,1,0,1,1,0,0,1,0,0,0.512,0.1,0.1689521
0.750000,-40.000000,0.99,1,0,1,1,0,0,1,0,0,1.024,0.1,0.2644913
0.750000,-40.000000,0.99,1,0,1,1,0,0,1,0,0,0.016,0.25, 0.0763547
0.750000,-40.000000,0.99,1,0,1,1,0,0,1,0,0,0.032,0.25,0.0804771
0.750000,-40.000000,0.99,1,0,1,1,0,0,1,0,0,0.064,0.25,0.0865929
0.750000,-40.000000,0.99,1,0,1,1,0,0,1,0,0,0.128,0.25,0.0987359
0.750000,-40.000000,0.99,1,0,1,1,0,0,1,0,0,0.256,0.25,0.1220875
0.750000,-40.000000,0.99,1,0,1,1,0,0,1,0,0,0.512,0.25,0.1690841
0.750000,-40.000000,0.99,1,0,1,1,0,0,1,0,0,1.024,0.25,0.2645210
0.750000,-40.000000,0.99,1,0,1,1,0,0,1,0,0,0.016,0.5, 0.0767110
0.750000,-40.000000,0.99,1,0,1,1,0,0,1,0,0,0.032,0.5,0.0807050
0.750000,-40.000000,0.99,1,0,1,1,0,0,1,0,0,0.064,0.5,0.0867718
0.750000,-40.000000,0.99,1,0,1,1,0,0,1,0,0,0.128,0.5,0.0990739
0.750000,-40.000000,0.99,1,0,1,1,0,0,1,0,0,0.256,0.5,0.1227560
0.750000,-40.000000,0.99,1,0,1,1,0,0,1,0,0,0.512,0.5,0.1692638
0.750000,-40.000000,0.99,1,0,1,1,0,0,1,0,0,1.024,0.5,0.2654472
0.750000,-40.000000,0.99,1,0,1,1,0,0,1,0,0,0.016,1, 0.0773825
0.750000,-40.000000,0.99,1,0,1,1,0,0,1,0,0,0.032,1,0.0815031
0.750000,-40.000000,0.99,1,0,1,1,0,0,1,0,0,0.064,1,0.0876615
0.750000,-40.000000,0.99,1,0,1,1,0,0,1,0,0,0.128,1,0.0997666
0.750000,-40.000000,0.99,1,0,1,1,0,0,1,0,0,0.256,1,0.1233715
0.750000,-40.000000,0.99,1,0,1,1,0,0,1,0,0,0.512,1,0.1695619
0.750000,-40.000000,0.99,1,0,1,1,0,0,1,0,0,1.024,1,0.2652664
0.750000,-40.000000,0.99,1,0,1,1,0,0,1,0,0,0.016,2, 0.0831272
0.750000,-40.000000,0.99,1,0,1,1,0,0,1,0,0,0.032,2,0.0865092
0.750000,-40.000000,0.99,1,0,1,1,0,0,1,0,0,0.064,2,0.0921717
0.750000,-40.000000,0.99,1,0,1,1,0,0,1,0,0,0.128,2,0.1032937
0.750000,-40.000000,0.99,1,0,1,1,0,0,1,0,0,0.256,2,0.1258204
0.750000,-40.000000,0.99,1,0,1,1,0,0,1,0,0,0.512,2,0.1714539
0.750000,-40.000000,0.99,1,0,1,1,0,0,1,0,0,1.024,2,0.2664641
0.750000,-40.000000,0.99,1,0,1,1,0,0,1,0,0,0.016,4, 0.1175948
0.750000,-40.000000,0.99,1,0,1,1,0,0,1,0,0,0.032,4,0.1200356
0.750000,-40.000000,0.99,1,0,1,1,0,0,1,0,0,0.064,4,0.1240266
0.750000,-40.000000,0.99,1,0,1,1,0,0,1,0,0,0.128,4,0.1330624
0.750000,-40.000000,0.99,1,0,1,1,0,0,1,0,0,0.256,4,0.1518399
0.750000,-40.000000,0.99,1,0,1,1,0,0,1,0,0,0.512,4,0.1920948
0.750000,-40.000000,0.99,1,0,1,1,0,0,1,0,0,1.024,4,0.2801389
0.750000,-40.000000,0.99,1,0,1,1,0,0,1,0,0,0.016,8, 0.1854175
0.750000,-40.000000,0.99,1,0,1,1,0,0,1,0,0,0.032,8,0.1861168
0.750000,-40.000000,0.99,1,0,1,1,0,0,1,0,0,0.064,8,0.1890348
0.750000,-40.000000,0.99,1,0,1,1,0,0,1,0,0,0.128,8,0.1968717
0.750000,-40.000000,0.99,1,0,1,1,0,0,1,0,0,0.256,8,0.2116468
0.750000,-40.000000,0.99,1,0,1,1,0,0,1,0,0,0.512,8,0.2440560
0.750000,-40.000000,0.99,1,0,1,1,0,0,1,0,0,1.024,8,0.3204091
0.750000,-40.000000,0.99,1,0,1,1,0,0,0,1,0,0.016,0.1,0.2432857
0.750000,-40.000000,0.99,1,0,1,1,0,0,0,1,0,0.032,0.1,0.2495857
0.750000,-40.000000,0.99,1,0,1,1,0,0,0,1,0,0.064,0.1,0.2587908
0.750000,-40.000000,0.99,1,0,1,1,0,0,0,1,0,0.128,0.1,0.2739063
0.750000,-40.000000,0.99,1,0,1,1,0,0,0,1,0,0.256,0.1,0.2969723
0.750000,-40.000000,0.99,1,0,1,1,0,0,0,1,0,0.512,0.1,0.3306313
0.750000,-40.000000,0.99,1,0,1,1,0,0,0,1,0,1.024,0.1,0.3800575
0.750000,-40.000000,0.99,1,0,1,1,0,0,0,1,0,0.016,0.25, 0.2503449
0.750000,-40.000000,0.99,1,0,1,1,0,0,0,1,0,0.032,0.25,0.2567255
0.750000,-40.000000,0.99,1,0,1,1,0,0,0,1,0,0.064,0.25,0.2658734
0.750000,-40.000000,0.99,1,0,1,1,0,0,0,1,0,0.128,0.25,0.2809305
0.750000,-40.000000,0.99,1,0,1,1,0,0,0,1,0,0.256,0.25,0.3040681
0.750000,-40.000000,0.99,1,0,1,1,0,0,0,1,0,0.512,0.25,0.3378016
0.750000,-40.000000,0.99,1,0,1,1,0,0,0,1,0,1.024,0.25,0.3874404
0.750000,-40.000000,0.99,1,0,1,1,0,0,0,1,0,0.016,0.5, 0.2650405
0.750000,-40.000000,0.99,1,0,1,1,0,0,0,1,0,0.032,0.5,0.2713288
0.750000,-40.000000,0.99,1,0,1,1,0,0,0,1,0,0.064,0.5,0.2804987
0.750000,-40.000000,0.99,1,0,1,1,0,0,0,1,0,0.128,0.5,0.2956351
0.750000,-40.000000,0.99,1,0,1,1,0,0,0,1,0,0.256,0.5,0.3187269
0.750000,-40.000000,0.99,1,0,1,1,0,0,0,1,0,0.512,0.5,0.3523772
0.750000,-40.000000,0.99,1,0,1,1,0,0,0,1,0,1.024,0.5,0.4024296
0.750000,-40.000000,0.99,1,0,1,1,0,0,0,1,0,0.016,1, 0.2956417
0.750000,-40.000000,0.99,1,0,1,1,0,0,0,1,0,0.032,1,0.3019766
0.750000,-40.000000,0.99,1,0,1,1,0,0,0,1,0,0.064,1,0.3111835
0.750000,-40.000000,0.99,1,0,1,1,0,0,0,1,0,0.128,1,0.3263736
0.750000,-40.000000,0.99,1,0,1,1,0,0,0,1,0,0.256,1,0.3494902
0.750000,-40.000000,0.99,1,0,1,1,0,0,0,1,0,0.512,1,0.3832520
0.750000,-40.000000,0.99,1,0,1,1,0,0,0,1,0,1.024,1,0.4332158
0.750000,-40.000000,0.99,1,0,1,1,0,0,0,1,0,0.016,2, 0.3622658
0.750000,-40.000000,0.99,1,0,1,1,0,0,0,1,0,0.032,2,0.3687459
0.750000,-40.000000,0.99,1,0,1,1,0,0,0,1,0,0.064,2,0.3781355
0.750000,-40.000000,0.99,1,0,1,1,0,0,0,1,0,0.128,2,0.3935527
0.750000,-40.000000,0.99,1,0,1,1,0,0,0,1,0,0.256,2,0.4169808
0.750000,-40.000000,0.99,1,0,1,1,0,0,0,1,0,0.512,2,0.4510786
0.750000,-40.000000,0.99,1,0,1,1,0,0,0,1,0,1.024,2,0.5011867
0.750000,-40.000000,0.99,1,0,1,1,0,0,0,1,0,0.016,4, 0.5057264
0.750000,-40.000000,0.99,1,0,1,1,0,0,0,1,0,0.032,4,0.5136988
0.750000,-40.000000,0.99,1,0,1,1,0,0,0,1,0,0.064,4,0.5250388
0.750000,-40.000000,0.99,1,0,1,1,0,0,0,1,0,0.128,4,0.5427501
0.750000,-40.000000,0.99,1,0,1,1,0,0,0,1,0,0.256,4,0.5687605
0.750000,-40.000000,0.99,1,0,1,1,0,0,0,1,0,0.512,4,0.6046239
0.750000,-40.000000,0.99,1,0,1,1,0,0,0,1,0,1.024,4,0.6558112
0.750000,-40.000000,0.99,1,0,1,1,0,0,0,1,0,0.016,8, 0.7472226
0.750000,-40.000000,0.99,1,0,1,1,0,0,0,1,0,0.032,8,0.7589779
0.750000,-40.000000,0.99,1,0,1,1,0,0,0,1,0,0.064,8,0.7753804
0.750000,-40.000000,0.99,1,0,1,1,0,0,0,1,0,0.128,8,0.8020941
0.750000,-40.000000,0.99,1,0,1,1,0,0,0,1,0,0.256,8,0.8413790
0.750000,-40.000000,0.99,1,0,1,1,0,0,0,1,0,0.512,8,0.8945514
0.750000,-40.000000,0.99,1,0,1,1,0,0,0,1,0,1.024,8,0.9628114
0.750000,-40.000000,0.99,1,0,1,1,0,0,0,0,1,0.016,0.1,0.1004135
0.750000,-40.000000,0.99,1,0,1,1,0,0,0,0,1,0.032,0.1,0.1035533
0.750000,-40.000000,0.99,1,0,1,1,0,0,0,0,1,0.064,0.1,0.1080814
0.750000,-40.000000,0.99,1,0,1,1,0,0,0,0,1,0.128,0.1,0.1160686
0.750000,-40.000000,0.99,1,0,1,1,0,0,0,0,1,0.256,0.1,0.1292828
0.750000,-40.000000,0.99,1,0,1,1,0,0,0,0,1,0.512,0.1,0.1541585
0.750000,-40.000000,0.99,1,0,1,1,0,0,0,0,1,1.024,0.1,0.2028544
0.750000,-40.000000,0.99,1,0,1,1,0,0,0,0,1,0.016,0.25, 0.1004975
0.750000,-40.000000,0.99,1,0,1,1,0,0,0,0,1,0.032,0.25,0.1035075
0.750000,-40.000000,0.99,1,0,1,1,0,0,0,0,1,0.064,0.25,0.1076942
0.750000,-40.000000,0.99,1,0,1,1,0,0,0,0,1,0.128,0.25,0.1162815
0.750000,-40.000000,0.99,1,0,1,1,0,0,0,0,1,0.256,0.25,0.1300024
0.750000,-40.000000,0.99,1,0,1,1,0,0,0,0,1,0.512,0.25,0.1542467
0.750000,-40.000000,0.99,1,0,1,1,0,0,0,0,1,1.024,0.25,0.2030601
0.750000,-40.000000,0.99,1,0,1,1,0,0,0,0,1,0.016,0.5, 0.1009883
0.750000,-40.000000,0.99,1,0,1,1,0,0,0,0,1,0.032,0.5,0.1040355
0.750000,-40.000000,0.99,1,0,1,1,0,0,0,0,1,0.064,0.5,0.1086006
0.750000,-40.000000,0.99,1,0,1,1,0,0,0,0,1,0.128,0.5,0.1165016
0.750000,-40.000000,0.99,1,0,1,1,0,0,0,0,1,0.256,0.5,0.1300557
0.750000,-40.000000,0.99,1,0,1,1,0,0,0,0,1,0.512,0.5,0.1540447
0.750000,-40.000000,0.99,1,0,1,1,0,0,0,0,1,1.024,0.5,0.2032998
0.750000,-40.000000,0.99,1,0,1,1,0,0,0,0,1,0.016,1, 0.1022171
0.750000,-40.000000,0.99,1,0,1,1,0,0,0,0,1,0.032,1,0.1055177
0.750000,-40.000000,0.99,1,0,1,1,0,0,0,0,1,0.064,1,0.1099337
0.750000,-40.000000,0.99,1,0,1,1,0,0,0,0,1,0.128,1,0.1175697
0.750000,-40.000000,0.99,1,0,1,1,0,0,0,0,1,0.256,1,0.1309314
0.750000,-40.000000,0.99,1,0,1,1,0,0,0,0,1,0.512,1,0.1547337
0.750000,-40.000000,0.99,1,0,1,1,0,0,0,0,1,1.024,1,0.2036718
0.750000,-40.000000,0.99,1,0,1,1,0,0,0,0,1,0.016,2, 0.1074138
0.750000,-40.000000,0.99,1,0,1,1,0,0,0,0,1,0.032,2,0.1101529
0.750000,-40.000000,0.99,1,0,1,1,0,0,0,0,1,0.064,2,0.1138744
0.750000,-40.000000,0.99,1,0,1,1,0,0,0,0,1,0.128,2,0.1215183
0.750000,-40.000000,0.99,1,0,1,1,0,0,0,0,1,0.256,2,0.1340338
0.750000,-40.000000,0.99,1,0,1,1,0,0,0,0,1,0.512,2,0.1565297
0.750000,-40.000000,0.99,1,0,1,1,0,0,0,0,1,1.024,2,0.2047601
0.750000,-40.000000,0.99,1,0,1,1,0,0,0,0,1,0.016,4, 0.1351581
0.750000,-40.000000,0.99,1,0,1,1,0,0,0,0,1,0.032,4,0.1369980
0.750000,-40.000000,0.99,1,0,1,1,0,0,0,0,1,0.064,4,0.1400199
0.750000,-40.000000,0.99,1,0,1,1,0,0,0,0,1,0.128,4,0.1438273
0.750000,-40.000000,0.99,1,0,1,1,0,0,0,0,1,0.256,4,0.1522014
0.750000,-40.000000,0.99,1,0,1,1,0,0,0,0,1,0.512,4,0.1699835
0.750000,-40.000000,0.99,1,0,1,1,0,0,0,0,1,1.024,4,0.2113190
0.750000,-40.000000,0.99,1,0,1,1,0,0,0,0,1,0.016,8, 0.2136624
0.750000,-40.000000,0.99,1,0,1,1,0,0,0,0,1,0.032,8,0.2173054
0.750000,-40.000000,0.99,1,0,1,1,0,0,0,0,1,0.064,8,0.2215660
0.750000,-40.000000,0.99,1,0,1,1,0,0,0,0,1,0.128,8,0.2273598
0.750000,-40.000000,0.99,1,0,1,1,0,0,0,0,1,0.256,8,0.2371578
0.750000,-40.000000,0.99,1,0,1,1,0,0,0,0,1,0.512,8,0.2518979
0.750000,-40.000000,0.99,1,0,1,1,0,0,0,0,1,1.024,8,0.2814440
0.750000,-40.000000,0.99,0,1,1,0,1,1,0,0,0,0.016,0.1,0.2673885
0.750000,-40.000000,0.99,0,1,1,0,1,1,0,0,0,0.032,0.1,0.2721179
0.750000,-40.000000,0.99,0,1,1,0,1,1,0,0,0,0.064,0.1,0.2792172
0.750000,-40.000000,0.99,0,1,1,0,1,1,0,0,0,0.128,0.1,0.2913663
0.750000,-40.000000,0.99,0,1,1,0,1,1,0,0,0,0.256,0.1,0.3119209
0.750000,-40.000000,0.99,0,1,1,0,1,1,0,0,0,0.512,0.1,0.3463078
0.750000,-40.000000,0.99,0,1,1,0,1,1,0,0,0,1.024,0.1,0.4055776
0.750000,-40.000000,0.99,0,1,1,0,1,1,0,0,0,0.016,0.25, 0.2790020
0.750000,-40.000000,0.99,0,1,1,0,1,1,0,0,0,0.032,0.25,0.2835912
0.750000,-40.000000,0.99,0,1,1,0,1,1,0,0,0,0.064,0.25,0.2907370
0.750000,-40.000000,0.99,0,1,1,0,1,1,0,0,0,0.128,0.25,0.3031138
0.750000,-40.000000,0.99,0,1,1,0,1,1,0,0,0,0.256,0.25,0.3238295
0.750000,-40.000000,0.99,0,1,1,0,1,1,0,0,0,0.512,0.25,0.3579101
0.750000,-40.000000,0.99,0,1,1,0,1,1,0,0,0,1.024,0.25,0.4173745
0.750000,-40.000000,0.99,0,1,1,0,1,1,0,0,0,0.016,0.5, 0.3028062
0.750000,-40.000000,0.99,0,1,1,0,1,1,0,0,0,0.032,0.5,0.3075316
0.750000,-40.000000,0.99,0,1,1,0,1,1,0,0,0,0.064,0.5,0.3146323
0.750000,-40.000000,0.99,0,1,1,0,1,1,0,0,0,0.128,0.5,0.3269769
0.750000,-40.000000,0.99,0,1,1,0,1,1,0,0,0,0.256,0.5,0.3473526
0.750000,-40.000000,0.99,0,1,1,0,1,1,0,0,0,0.512,0.5,0.3817763
0.750000,-40.000000,0.99,0,1,1,0,1,1,0,0,0,1.024,0.5,0.4410858
0.750000,-40.000000,0.99,0,1,1,0,1,1,0,0,0,0.016,1, 0.3511668
0.750000,-40.000000,0.99,0,1,1,0,1,1,0,0,0,0.032,1,0.3558905
0.750000,-40.000000,0.99,0,1,1,0,1,1,0,0,0,0.064,1,0.3629908
0.750000,-40.000000,0.99,0,1,1,0,1,1,0,0,0,0.128,1,0.3751268
0.750000,-40.000000,0.99,0,1,1,0,1,1,0,0,0,0.256,1,0.3956734
0.750000,-40.000000,0.99,0,1,1,0,1,1,0,0,0,0.512,1,0.4299793
0.750000,-40.000000,0.99,0,1,1,0,1,1,0,0,0,1.024,1,0.4893175
0.750000,-40.000000,0.99,0,1,1,0,1,1,0,0,0,0.016,2, 0.4462920
0.750000,-40.000000,0.99,0,1,1,0,1,1,0,0,0,0.032,2,0.4511124
0.750000,-40.000000,0.99,0,1,1,0,1,1,0,0,0,0.064,2,0.4581977
0.750000,-40.000000,0.99,0,1,1,0,1,1,0,0,0,0.128,2,0.4705365
0.750000,-40.000000,0.99,0,1,1,0,1,1,0,0,0,0.256,2,0.4910221
0.750000,-40.000000,0.99,0,1,1,0,1,1,0,0,0,0.512,2,0.5256838
0.750000,-40.000000,0.99,0,1,1,0,1,1,0,0,0,1.024,2,0.5848823
0.750000,-40.000000,0.99,0,1,1,0,1,1,0,0,0,0.016,4, 0.6161446
0.750000,-40.000000,0.99,0,1,1,0,1,1,0,0,0,0.032,4,0.6209320
0.750000,-40.000000,0.99,0,1,1,0,1,1,0,0,0,0.064,4,0.6280628
0.750000,-40.000000,0.99,0,1,1,0,1,1,0,0,0,0.128,4,0.6404090
0.750000,-40.000000,0.99,0,1,1,0,1,1,0,0,0,0.256,4,0.6611049
0.750000,-40.000000,0.99,0,1,1,0,1,1,0,0,0,0.512,4,0.6952940
0.750000,-40.000000,0.99,0,1,1,0,1,1,0,0,0,1.024,4,0.7549964
0.750000,-40.000000,0.99,0,1,1,0,1,1,0,0,0,0.016,8, 0.9063875
0.750000,-40.000000,0.99,0,1,1,0,1,1,0,0,0,0.032,8,0.9111515
0.750000,-40.000000,0.99,0,1,1,0,1,1,0,0,0,0.064,8,0.9181532
0.750000,-40.000000,0.99,0,1,1,0,1,1,0,0,0,0.128,8,0.9307322
0.750000,-40.000000,0.99,0,1,1,0,1,1,0,0,0,0.256,8,0.9513297
0.750000,-40.000000,0.99,0,1,1,0,1,1,0,0,0,0.512,8,0.9856889
0.750000,-40.000000,0.99,0,1,1,0,1,1,0,0,0,1.024,8,1.0452834
0.750000,-40.000000,0.99,0,1,1,0,1,0,1,0,0,0.016,0.1,0.0796319
0.750000,-40.000000,0.99,0,1,1,0,1,0,1,0,0,0.032,0.1,0.0835521
0.750000,-40.000000,0.99,0,1,1,0,1,0,1,0,0,0.064,0.1,0.0901055
0.750000,-40.000000,0.99,0,1,1,0,1,0,1,0,0,0.128,0.1,0.1024294
0.750000,-40.000000,0.99,0,1,1,0,1,0,1,0,0,0.256,0.1,0.1264791
0.750000,-40.000000,0.99,0,1,1,0,1,0,1,0,0,0.512,0.1,0.1733611
0.750000,-40.000000,0.99,0,1,1,0,1,0,1,0,0,1.024,0.1,0.2693851
0.750000,-40.000000,0.99,0,1,1,0,1,0,1,0,0,0.016,0.25, 0.0796709
0.750000,-40.000000,0.99,0,1,1,0,1,0,1,0,0,0.032,0.25,0.0837622
0.750000,-40.000000,0.99,0,1,1,0,1,0,1,0,0,0.064,0.25,0.0901880
0.750000,-40.000000,0.99,0,1,1,0,1,0,1,0,0,0.128,0.25,0.1024670
0.750000,-40.000000,0.99,0,1,1,0,1,0,1,0,0,0.256,0.25,0.1263327
0.750000,-40.000000,0.99,0,1,1,0,1,0,1,0,0,0.512,0.25,0.1731692
0.750000,-40.000000,0.99,0,1,1,0,1,0,1,0,0,1.024,0.25,0.2685748
0.750000,-40.000000,0.99,0,1,1,0,1,0,1,0,0,0.016,0.5, 0.0796751
0.750000,-40.000000,0.99,0,1,1,0,1,0,1,0,0,0.032,0.5,0.0835882
0.750000,-40.000000,0.99,0,1,1,0,1,0,1,0,0,0.064,0.5,0.0900880
0.750000,-40.000000,0.99,0,1,1,0,1,0,1,0,0,0.128,0.5,0.1025902
0.750000,-40.000000,0.99,0,1,1,0,1,0,1,0,0,0.256,0.5,0.1264766
0.750000,-40.000000,0.99,0,1,1,0,1,0,1,0,0,0.512,0.5,0.1732929
0.750000,-40.000000,0.99,0,1,1,0,1,0,1,0,0,1.024,0.5,0.2686579
0.750000,-40.000000,0.99,0,1,1,0,1,0,1,0,0,0.016,1, 0.0795676
0.750000,-40.000000,0.99,0,1,1,0,1,0,1,0,0,0.032,1,0.0836076
0.750000,-40.000000,0.99,0,1,1,0,1,0,1,0,0,0.064,1,0.0901309
0.750000,-40.000000,0.99,0,1,1,0,1,0,1,0,0,0.128,1,0.1025222
0.750000,-40.000000,0.99,0,1,1,0,1,0,1,0,0,0.256,1,0.1264820
0.750000,-40.000000,0.99,0,1,1,0,1,0,1,0,0,0.512,1,0.1734947
0.750000,-40.000000,0.99,0,1,1,0,1,0,1,0,0,1.024,1,0.2694996
0.750000,-40.000000,0.99,0,1,1,0,1,0,1,0,0,0.016,2, 0.0797327
0.750000,-40.000000,0.99,0,1,1,0,1,0,1,0,0,0.032,2,0.0834280
0.750000,-40.000000,0.99,0,1,1,0,1,0,1,0,0,0.064,2,0.0897966
0.750000,-40.000000,0.99,0,1,1,0,1,0,1,0,0,0.128,2,0.1025829
0.750000,-40.000000,0.99,0,1,1,0,1,0,1,0,0,0.256,2,0.1266123
0.750000,-40.000000,0.99,0,1,1,0,1,0,1,0,0,0.512,2,0.1730202
0.750000,-40.000000,0.99,0,1,1,0,1,0,1,0,0,1.024,2,0.2686486
0.750000,-40.000000,0.99,0,1,1,0,1,0,1,0,0,0.016,4, 0.0799875
0.750000,-40.000000,0.99,0,1,1,0,1,0,1,0,0,0.032,4,0.0839575
0.750000,-40.000000,0.99,0,1,1,0,1,0,1,0,0,0.064,4,0.0901945
0.750000,-40.000000,0.99,0,1,1,0,1,0,1,0,0,0.128,4,0.1027498
0.750000,-40.000000,0.99,0,1,1,0,1,0,1,0,0,0.256,4,0.1261956
0.750000,-40.000000,0.99,0,1,1,0,1,0,1,0,0,0.512,4,0.1734490
0.750000,-40.000000,0.99,0,1,1,0,1,0,1,0,0,1.024,4,0.2690403
0.750000,-40.000000,0.99,0,1,1,0,1,0,1,0,0,0.016,8, 0.0818104
0.750000,-40.000000,0.99,0,1,1,0,1,0,1,0,0,0.032,8,0.0857605
0.750000,-40.000000,0.99,0,1,1,0,1,0,1,0,0,0.064,8,0.0920614
0.750000,-40.000000,0.99,0,1,1,0,1,0,1,0,0,0.128,8,0.1038508
0.750000,-40.000000,0.99,0,1,1,0,1,0,1,0,0,0.256,8,0.1276386
0.750000,-40.000000,0.99,0,1,1,0,1,0,1,0,0,0.512,8,0.1737354
0.750000,-40.000000,0.99,0,1,1,0,1,0,1,0,0,1.024,8,0.2701653
0.750000,-40.000000,0.99,0,1,1,0,1,0,0,1,0,0.016,0.1,0.3425117
0.750000,-40.000000,0.99,0,1,1,0,1,0,0,1,0,0.032,0.1,0.3488290
0.750000,-40.000000,0.99,0,1,1,0,1,0,0,1,0,0.064,0.1,0.3578075
0.750000,-40.000000,0.99,0,1,1,0,1,0,0,1,0,0.128,0.1,0.3727737
0.750000,-40.000000,0.99,0,1,1,0,1,0,0,1,0,0.256,0.1,0.3960675
0.750000,-40.000000,0.99,0,1,1,0,1,0,0,1,0,0.512,0.1,0.4295085
0.750000,-40.000000,0.99,0,1,1,0,1,0,0,1,0,1.024,0.1,0.4789312
0.750000,-40.000000,0.99,0,1,1,0,1,0,0,1,0,0.016,0.25, 0.3525874
0.750000,-40.000000,0.99,0,1,1,0,1,0,0,1,0,0.032,0.25,0.3588410
0.750000,-40.000000,0.99,0,1,1,0,1,0,0,1,0,0.064,0.25,0.3679533
0.750000,-40.000000,0.99,0,1,1,0,1,0,0,1,0,0.128,0.25,0.3828434
0.750000,-40.000000,0.99,0,1,1,0,1,0,0,1,0,0.256,0.25,0.4059524
0.750000,-40.000000,0.99,0,1,1,0,1,0,0,1,0,0.512,0.25,0.4396841
0.750000,-40.000000,0.99,0,1,1,0,1,0,0,1,0,1.024,0.25,0.4893260
0.750000,-40.000000,0.99,0,1,1,0,1,0,0,1,0,0.016,0.5, 0.3731529
0.750000,-40.000000,0.99,0,1,1,0,1,0,0,1,0,0.032,0.5,0.3794258
0.750000,-40.000000,0.99,0,1,1,0,1,0,0,1,0,0.064,0.5,0.3887363
0.750000,-40.000000,0.99,0,1,1,0,1,0,0,1,0,0.128,0.5,0.4036499
0.750000,-40.000000,0.99,0,1,1,0,1,0,0,1,0,0.256,0.5,0.4266908
0.750000,-40.000000,0.99,0,1,1,0,1,0,0,1,0,0.512,0.5,0.4602789
0.750000,-40.000000,0.99,0,1,1,0,1,0,0,1,0,1.024,0.5,0.5098175
0.750000,-40.000000,0.99,0,1,1,0,1,0,0,1,0,0.016,1, 0.4137047
0.750000,-40.000000,0.99,0,1,1,0,1,0,0,1,0,0.032,1,0.4198512
0.750000,-40.000000,0.99,0,1,1,0,1,0,0,1,0,0.064,1,0.4289567
0.750000,-40.000000,0.99,0,1,1,0,1,0,0,1,0,0.128,1,0.4443464
0.750000,-40.000000,0.99,0,1,1,0,1,0,0,1,0,0.256,1,0.4671817
0.750000,-40.000000,0.99,0,1,1,0,1,0,0,1,0,0.512,1,0.5007162
0.750000,-40.000000,0.99,0,1,1,0,1,0,0,1,0,1.024,1,0.5501417
0.750000,-40.000000,0.99,0,1,1,0,1,0,0,1,0,0.016,2, 0.4837243
0.750000,-40.000000,0.99,0,1,1,0,1,0,0,1,0,0.032,2,0.4899788
0.750000,-40.000000,0.99,0,1,1,0,1,0,0,1,0,0.064,2,0.4992876
0.750000,-40.000000,0.99,0,1,1,0,1,0,0,1,0,0.128,2,0.5142164
0.750000,-40.000000,0.99,0,1,1,0,1,0,0,1,0,0.256,2,0.5370329
0.750000,-40.000000,0.99,0,1,1,0,1,0,0,1,0,0.512,2,0.5710535
0.750000,-40.000000,0.99,0,1,1,0,1,0,0,1,0,1.024,2,0.6206672
0.750000,-40.000000,0.99,0,1,1,0,1,0,0,1,0,0.016,4, 0.5939086
0.750000,-40.000000,0.99,0,1,1,0,1,0,0,1,0,0.032,4,0.6001362
0.750000,-40.000000,0.99,0,1,1,0,1,0,0,1,0,0.064,4,0.6092847
0.750000,-40.000000,0.99,0,1,1,0,1,0,0,1,0,0.128,4,0.6242331
0.750000,-40.000000,0.99,0,1,1,0,1,0,0,1,0,0.256,4,0.6471081
0.750000,-40.000000,0.99,0,1,1,0,1,0,0,1,0,0.512,4,0.6807310
0.750000,-40.000000,0.99,0,1,1,0,1,0,0,1,0,1.024,4,0.7303084
0.750000,-40.000000,0.99,0,1,1,0,1,0,0,1,0,0.016,8, 0.7643020
0.750000,-40.000000,0.99,0,1,1,0,1,0,0,1,0,0.032,8,0.7706110
0.750000,-40.000000,0.99,0,1,1,0,1,0,0,1,0,0.064,8,0.7797947
0.750000,-40.000000,0.99,0,1,1,0,1,0,0,1,0,0.128,8,0.7952539
0.750000,-40.000000,0.99,0,1,1,0,1,0,0,1,0,0.256,8,0.8181597
0.750000,-40.000000,0.99,0,1,1,0,1,0,0,1,0,0.512,8,0.8516087
0.750000,-40.000000,0.99,0,1,1,0,1,0,0,1,0,1.024,8,0.9017160
0.750000,-40.000000,0.99,0,1,1,0,1,0,0,0,1,0.016,0.1,0.1004771
0.750000,-40.000000,0.99,0,1,1,0,1,0,0,0,1,0.032,0.1,0.1036585
0.750000,-40.000000,0.99,0,1,1,0,1,0,0,0,1,0.064,0.1,0.1083352
0.750000,-40.000000,0.99,0,1,1,0,1,0,0,0,1,0.128,0.1,0.1165026
0.750000,-40.000000,0.99,0,1,1,0,1,0,0,0,1,0.256,0.1,0.1301062
0.750000,-40.000000,0.99,0,1,1,0,1,0,0,0,1,0.512,0.1,0.1543156
0.750000,-40.000000,0.99,0,1,1,0,1,0,0,0,1,1.024,0.1,0.2029438
0.750000,-40.000000,0.99,0,1,1,0,1,0,0,0,1,0.016,0.25, 0.1001360
0.750000,-40.000000,0.99,0,1,1,0,1,0,0,0,1,0.032,0.25,0.1032068
0.750000,-40.000000,0.99,0,1,1,0,1,0,0,0,1,0.064,0.25,0.1078080
0.750000,-40.000000,0.99,0,1,1,0,1,0,0,0,1,0.128,0.25,0.1158519
0.750000,-40.000000,0.99,0,1,1,0,1,0,0,0,1,0.256,0.25,0.1302887
0.750000,-40.000000,0.99,0,1,1,0,1,0,0,0,1,0.512,0.25,0.1545523
0.750000,-40.000000,0.99,0,1,1,0,1,0,0,0,1,1.024,0.25,0.2033481
0.750000,-40.000000,0.99,0,1,1,0,1,0,0,0,1,0.016,0.5, 0.1004319
0.750000,-40.000000,0.99,0,1,1,0,1,0,0,0,1,0.032,0.5,0.1035532
0.750000,-40.000000,0.99,0,1,1,0,1,0,0,0,1,0.064,0.5,0.1081729
0.750000,-40.000000,0.99,0,1,1,0,1,0,0,0,1,0.128,0.5,0.1163532
0.750000,-40.000000,0.99,0,1,1,0,1,0,0,0,1,0.256,0.5,0.1298637
0.750000,-40.000000,0.99,0,1,1,0,1,0,0,0,1,0.512,0.5,0.1545279
0.750000,-40.000000,0.99,0,1,1,0,1,0,0,0,1,1.024,0.5,0.2032778
0.750000,-40.000000,0.99,0,1,1,0,1,0,0,0,1,0.016,1, 0.1004876
0.750000,-40.000000,0.99,0,1,1,0,1,0,0,0,1,0.032,1,0.1036772
0.750000,-40.000000,0.99,0,1,1,0,1,0,0,0,1,0.064,1,0.1083196
0.750000,-40.000000,0.99,0,1,1,0,1,0,0,0,1,0.128,1,0.1163884
0.750000,-40.000000,0.99,0,1,1,0,1,0,0,0,1,0.256,1,0.1302950
0.750000,-40.000000,0.99,0,1,1,0,1,0,0,0,1,0.512,1,0.1541866
0.750000,-40.000000,0.99,0,1,1,0,1,0,0,0,1,1.024,1,0.2030408
0.750000,-40.000000,0.99,0,1,1,0,1,0,0,0,1,0.016,2, 0.1001764
0.750000,-40.000000,0.99,0,1,1,0,1,0,0,0,1,0.032,2,0.1032900
0.750000,-40.000000,0.99,0,1,1,0,1,0,0,0,1,0.064,2,0.1079116
0.750000,-40.000000,0.99,0,1,1,0,1,0,0,0,1,0.128,2,0.1157093
0.750000,-40.000000,0.99,0,1,1,0,1,0,0,0,1,0.256,2,0.1294976
0.750000,-40.000000,0.99,0,1,1,0,1,0,0,0,1,0.512,2,0.1542345
0.750000,-40.000000,0.99,0,1,1,0,1,0,0,0,1,1.024,2,0.2030725
0.750000,-40.000000,0.99,0,1,1,0,1,0,0,0,1,0.016,4, 0.1007357
0.750000,-40.000000,0.99,0,1,1,0,1,0,0,0,1,0.032,4,0.1039481
0.750000,-40.000000,0.99,0,1,1,0,1,0,0,0,1,0.064,4,0.1080551
0.750000,-40.000000,0.99,0,1,1,0,1,0,0,0,1,0.128,4,0.1164309
0.750000,-40.000000,0.99,0,1,1,0,1,0,0,0,1,0.256,4,0.1308205
0.750000,-40.000000,0.99,0,1,1,0,1,0,0,0,1,0.512,4,0.1540965
0.750000,-40.000000,0.99,0,1,1,0,1,0,0,0,1,1.024,4,0.2024605
0.750000,-40.000000,0.99,0,1,1,0,1,0,0,0,1,0.016,8, 0.1016500
0.750000,-40.000000,0.99,0,1,1,0,1,0,0,0,1,0.032,8,0.1047451
0.750000,-40.000000,0.99,0,1,1,0,1,0,0,0,1,0.064,8,0.1094126
0.750000,-40.000000,0.99,0,1,1,0,1,0,0,0,1,0.128,8,0.1175143
0.750000,-40.000000,0.99,0,1,1,0,1,0,0,0,1,0.256,8,0.1310091
0.750000,-40.000000,0.99,0,1,1,0,1,0,0,0,1,0.512,8,0.1547295
0.750000,-40.000000,0.99,0,1,1,0,1,0,0,0,1,1.024,8,0.2037220
0.750000,-40.000000,0.99,0,1,1,1,0,1,0,0,0,0.016,0.1,0.1890386
0.750000,-40.000000,0.99,0,1,1,1,0,1,0,0,0,0.032,0.1,0.1936007
0.750000,-40.000000,0.99,0,1,1,1,0,1,0,0,0,0.064,0.1,0.2004153
0.750000,-40.000000,0.99,0,1,1,1,0,1,0,0,0,0.128,0.1,0.2122348
0.750000,-40.000000,0.99,0,1,1,1,0,1,0,0,0,0.256,0.1,0.2323787
0.750000,-40.000000,0.99,0,1,1,1,0,1,0,0,0,0.512,0.1,0.2656520
0.750000,-40.000000,0.99,0,1,1,1,0,1,0,0,0,1.024,0.1,0.3244362
0.750000,-40.000000,0.99,0,1,1,1,0,1,0,0,0,0.016,0.25, 0.1991932
0.750000,-40.000000,0.99,0,1,1,1,0,1,0,0,0,0.032,0.25,0.2037611
0.750000,-40.000000,0.99,0,1,1,1,0,1,0,0,0,0.064,0.25,0.2105764
0.750000,-40.000000,0.99,0,1,1,1,0,1,0,0,0,0.128,0.25,0.2224048
0.750000,-40.000000,0.99,0,1,1,1,0,1,0,0,0,0.256,0.25,0.2425239
0.750000,-40.000000,0.99,0,1,1,1,0,1,0,0,0,0.512,0.25,0.2757974
0.750000,-40.000000,0.99,0,1,1,1,0,1,0,0,0,1.024,0.25,0.3346103
0.750000,-40.000000,0.99,0,1,1,1,0,1,0,0,0,0.016,0.5, 0.2188013
0.750000,-40.000000,0.99,0,1,1,1,0,1,0,0,0,0.032,0.5,0.2234289
0.750000,-40.000000,0.99,0,1,1,1,0,1,0,0,0,0.064,0.5,0.2302819
0.750000,-40.000000,0.99,0,1,1,1,0,1,0,0,0,0.128,0.5,0.2422075
0.750000,-40.000000,0.99,0,1,1,1,0,1,0,0,0,0.256,0.5,0.2621414
0.750000,-40.000000,0.99,0,1,1,1,0,1,0,0,0,0.512,0.5,0.2957131
0.750000,-40.000000,0.99,0,1,1,1,0,1,0,0,0,1.024,0.5,0.3538160
0.750000,-40.000000,0.99,0,1,1,1,0,1,0,0,0,0.016,1, 0.2573797
0.750000,-40.000000,0.99,0,1,1,1,0,1,0,0,0,0.032,1,0.2618951
0.750000,-40.000000,0.99,0,1,1,1,0,1,0,0,0,0.064,1,0.2688071
0.750000,-40.000000,0.99,0,1,1,1,0,1,0,0,0,0.128,1,0.2807143
0.750000,-40.000000,0.99,0,1,1,1,0,1,0,0,0,0.256,1,0.3005487
0.750000,-40.000000,0.99,0,1,1,1,0,1,0,0,0,0.512,1,0.3341820
0.750000,-40.000000,0.99,0,1,1,1,0,1,0,0,0,1.024,1,0.3924371
0.750000,-40.000000,0.99,0,1,1,1,0,1,0,0,0,0.016,2, 0.3325704
0.750000,-40.000000,0.99,0,1,1,1,0,1,0,0,0,0.032,2,0.3371050
0.750000,-40.000000,0.99,0,1,1,1,0,1,0,0,0,0.064,2,0.3440097
0.750000,-40.000000,0.99,0,1,1,1,0,1,0,0,0,0.128,2,0.3557772
0.750000,-40.000000,0.99,0,1,1,1,0,1,0,0,0,0.256,2,0.3757753
0.750000,-40.000000,0.99,0,1,1,1,0,1,0,0,0,0.512,2,0.4092251
0.750000,-40.000000,0.99,0,1,1,1,0,1,0,0,0,1.024,2,0.4678995
0.750000,-40.000000,0.99,0,1,1,1,0,1,0,0,0,0.016,4, 0.4680051
0.750000,-40.000000,0.99,0,1,1,1,0,1,0,0,0,0.032,4,0.4729950
0.750000,-40.000000,0.99,0,1,1,1,0,1,0,0,0,0.064,4,0.4802626
0.750000,-40.000000,0.99,0,1,1,1,0,1,0,0,0,0.128,4,0.4929313
0.750000,-40.000000,0.99,0,1,1,1,0,1,0,0,0,0.256,4,0.5143019
0.750000,-40.000000,0.99,0,1,1,1,0,1,0,0,0,0.512,4,0.5484911
0.750000,-40.000000,0.99,0,1,1,1,0,1,0,0,0,1.024,4,0.6073950
0.750000,-40.000000,0.99,0,1,1,1,0,1,0,0,0,0.016,8, 0.6771104
0.750000,-40.000000,0.99,0,1,1,1,0,1,0,0,0,0.032,8,0.6830876
0.750000,-40.000000,0.99,0,1,1,1,0,1,0,0,0,0.064,8,0.6920559
0.750000,-40.000000,0.99,0,1,1,1,0,1,0,0,0,0.128,8,0.7071592
0.750000,-40.000000,0.99,0,1,1,1,0,1,0,0,0,0.256,8,0.7316050
0.750000,-40.000000,0.99,0,1,1,1,0,1,0,0,0,0.512,8,0.7696562
0.750000,-40.000000,0.99,0,1,1,1,0,1,0,0,0,1.024,8,0.8320110
0.750000,-40.000000,0.99,0,1,1,1,0,0,1,0,0,0.016,0.1,0.0759492
0.750000,-40.000000,0.99,0,1,1,1,0,0,1,0,0,0.032,0.1,0.0801219
0.750000,-40.000000,0.99,0,1,1,1,0,0,1,0,0,0.064,0.1,0.0864602
0.750000,-40.000000,0.99,0,1,1,1,0,0,1,0,0,0.128,0.1,0.0988615
0.750000,-40.000000,0.99,0,1,1,1,0,0,1,0,0,0.256,0.1,0.1220506
0.750000,-40.000000,0.99,0,1,1,1,0,0,1,0,0,0.512,0.1,0.1684768
0.750000,-40.000000,0.99,0,1,1,1,0,0,1,0,0,1.024,0.1,0.2648168
0.750000,-40.000000,0.99,0,1,1,1,0,0,1,0,0,0.016,0.25, 0.0759651
0.750000,-40.000000,0.99,0,1,1,1,0,0,1,0,0,0.032,0.25,0.0801190
0.750000,-40.000000,0.99,0,1,1,1,0,0,1,0,0,0.064,0.25,0.0864682
0.750000,-40.000000,0.99,0,1,1,1,0,0,1,0,0,0.128,0.25,0.0988028
0.750000,-40.000000,0.99,0,1,1,1,0,0,1,0,0,0.256,0.25,0.1220445
0.750000,-40.000000,0.99,0,1,1,1,0,0,1,0,0,0.512,0.25,0.1685553
0.750000,-40.000000,0.99,0,1,1,1,0,0,1,0,0,1.024,0.25,0.2647159
0.750000,-40.000000,0.99,0,1,1,1,0,0,1,0,0,0.016,0.5, 0.0764234
0.750000,-40.000000,0.99,0,1,1,1,0,0,1,0,0,0.032,0.5,0.0798764
0.750000,-40.000000,0.99,0,1,1,1,0,0,1,0,0,0.064,0.5,0.0863376
0.750000,-40.000000,0.99,0,1,1,1,0,0,1,0,0,0.128,0.5,0.0985599
0.750000,-40.000000,0.99,0,1,1,1,0,0,1,0,0,0.256,0.5,0.1223585
0.750000,-40.000000,0.99,0,1,1,1,0,0,1,0,0,0.512,0.5,0.1684530
0.750000,-40.000000,0.99,0,1,1,1,0,0,1,0,0,1.024,0.5,0.2648853
0.750000,-40.000000,0.99,0,1,1,1,0,0,1,0,0,0.016,1, 0.0761513
0.750000,-40.000000,0.99,0,1,1,1,0,0,1,0,0,0.032,1,0.0800405
0.750000,-40.000000,0.99,0,1,1,1,0,0,1,0,0,0.064,1,0.0861058
0.750000,-40.000000,0.99,0,1,1,1,0,0,1,0,0,0.128,1,0.0983412
0.750000,-40.000000,0.99,0,1,1,1,0,0,1,0,0,0.256,1,0.1215491
0.750000,-40.000000,0.99,0,1,1,1,0,0,1,0,0,0.512,1,0.1687397
0.750000,-40.000000,0.99,0,1,1,1,0,0,1,0,0,1.024,1,0.2648347
0.750000,-40.000000,0.99,0,1,1,1,0,0,1,0,0,0.016,2, 0.0768285
0.750000,-40.000000,0.99,0,1,1,1,0,0,1,0,0,0.032,2,0.0804515
0.750000,-40.000000,0.99,0,1,1,1,0,0,1,0,0,0.064,2,0.0868603
0.750000,-40.000000,0.99,0,1,1,1,0,0,1,0,0,0.128,2,0.0993661
0.750000,-40.000000,0.99,0,1,1,1,0,0,1,0,0,0.256,2,0.1225896
0.750000,-40.000000,0.99,0,1,1,1,0,0,1,0,0,0.512,2,0.1690760
0.750000,-40.000000,0.99,0,1,1,1,0,0,1,0,0,1.024,2,0.2649642
0.750000,-40.000000,0.99,0,1,1,1,0,0,1,0,0,0.016,4, 0.0884520
0.750000,-40.000000,0.99,0,1,1,1,0,0,1,0,0,0.032,4,0.0922019
0.750000,-40.000000,0.99,0,1,1,1,0,0,1,0,0,0.064,4,0.0979190
0.750000,-40.000000,0.99,0,1,1,1,0,0,1,0,0,0.128,4,0.1091710
0.750000,-40.000000,0.99,0,1,1,1,0,0,1,0,0,0.256,4,0.1316201
0.750000,-40.000000,0.99,0,1,1,1,0,0,1,0,0,0.512,4,0.1757564
0.750000,-40.000000,0.99,0,1,1,1,0,0,1,0,0,1.024,4,0.2696600
0.750000,-40.000000,0.99,0,1,1,1,0,0,1,0,0,0.016,8, 0.1183632
0.750000,-40.000000,0.99,0,1,1,1,0,0,1,0,0,0.032,8,0.1217764
0.750000,-40.000000,0.99,0,1,1,1,0,0,1,0,0,0.064,8,0.1273313
0.750000,-40.000000,0.99,0,1,1,1,0,0,1,0,0,0.128,8,0.1380164
0.750000,-40.000000,0.99,0,1,1,1,0,0,1,0,0,0.256,8,0.1585898
0.750000,-40.000000,0.99,0,1,1,1,0,0,1,0,0,0.512,8,0.2009684
0.750000,-40.000000,0.99,0,1,1,1,0,0,1,0,0,1.024,8,0.2886973
0.750000,-40.000000,0.99,0,1,1,1,0,0,0,1,0,0.016,0.1,0.2826181
0.750000,-40.000000,0.99,0,1,1,1,0,0,0,1,0,0.032,0.1,0.2889768
0.750000,-40.000000,0.99,0,1,1,1,0,0,0,1,0,0.064,0.1,0.2981275
0.750000,-40.000000,0.99,0,1,1,1,0,0,0,1,0,0.128,0.1,0.3130240
0.750000,-40.000000,0.99,0,1,1,1,0,0,0,1,0,0.256,0.1,0.3363121
0.750000,-40.000000,0.99,0,1,1,1,0,0,0,1,0,0.512,0.1,0.3700840
0.750000,-40.000000,0.99,0,1,1,1,0,0,0,1,0,1.024,0.1,0.4198977
0.750000,-40.000000,0.99,0,1,1,1,0,0,0,1,0,0.016,0.25, 0.2945758
0.750000,-40.000000,0.99,0,1,1,1,0,0,0,1,0,0.032,0.25,0.3007402
0.750000,-40.000000,0.99,0,1,1,1,0,0,0,1,0,0.064,0.25,0.3098743
0.750000,-40.000000,0.99,0,1,1,1,0,0,0,1,0,0.128,0.25,0.3251259
0.750000,-40.000000,0.99,0,1,1,1,0,0,0,1,0,0.256,0.25,0.3482420
0.750000,-40.000000,0.99,0,1,1,1,0,0,0,1,0,0.512,0.25,0.3818190
0.750000,-40.000000,0.99,0,1,1,1,0,0,0,1,0,1.024,0.25,0.4317078
0.750000,-40.000000,0.99,0,1,1,1,0,0,0,1,0,0.016,0.5, 0.3186258
0.750000,-40.000000,0.99,0,1,1,1,0,0,0,1,0,0.032,0.5,0.3249372
0.750000,-40.000000,0.99,0,1,1,1,0,0,0,1,0,0.064,0.5,0.3341725
0.750000,-40.000000,0.99,0,1,1,1,0,0,0,1,0,0.128,0.5,0.3490997
0.750000,-40.000000,0.99,0,1,1,1,0,0,0,1,0,0.256,0.5,0.3724828
0.750000,-40.000000,0.99,0,1,1,1,0,0,0,1,0,0.512,0.5,0.4059928
0.750000,-40.000000,0.99,0,1,1,1,0,0,0,1,0,1.024,0.5,0.4555605
0.750000,-40.000000,0.99,0,1,1,1,0,0,0,1,0,0.016,1, 0.3682034
0.750000,-40.000000,0.99,0,1,1,1,0,0,0,1,0,0.032,1,0.3744016
0.750000,-40.000000,0.99,0,1,1,1,0,0,0,1,0,0.064,1,0.3835213
0.750000,-40.000000,0.99,0,1,1,1,0,0,0,1,0,0.128,1,0.3988025
0.750000,-40.000000,0.99,0,1,1,1,0,0,0,1,0,0.256,1,0.4218224
0.750000,-40.000000,0.99,0,1,1,1,0,0,0,1,0,0.512,1,0.4555249
0.750000,-40.000000,0.99,0,1,1,1,0,0,0,1,0,1.024,1,0.5051226
0.750000,-40.000000,0.99,0,1,1,1,0,0,0,1,0,0.016,2, 0.4677649
0.750000,-40.000000,0.99,0,1,1,1,0,0,0,1,0,0.032,2,0.4740307
0.750000,-40.000000,0.99,0,1,1,1,0,0,0,1,0,0.064,2,0.4832593
0.750000,-40.000000,0.99,0,1,1,1,0,0,0,1,0,0.128,2,0.4983590
0.750000,-40.000000,0.99,0,1,1,1,0,0,0,1,0,0.256,2,0.5215021
0.750000,-40.000000,0.99,0,1,1,1,0,0,0,1,0,0.512,2,0.5552314
0.750000,-40.000000,0.99,0,1,1,1,0,0,0,1,0,1.024,2,0.6052682
0.750000,-40.000000,0.99,0,1,1,1,0,0,0,1,0,0.016,4, 0.6679926
0.750000,-40.000000,0.99,0,1,1,1,0,0,0,1,0,0.032,4,0.6742902
0.750000,-40.000000,0.99,0,1,1,1,0,0,0,1,0,0.064,4,0.6833702
0.750000,-40.000000,0.99,0,1,1,1,0,0,0,1,0,0.128,4,0.6986255
0.750000,-40.000000,0.99,0,1,1,1,0,0,0,1,0,0.256,4,0.7216850
0.750000,-40.000000,0.99,0,1,1,1,0,0,0,1,0,0.512,4,0.7551270
0.750000,-40.000000,0.99,0,1,1,1,0,0,0,1,0,1.024,4,0.8047776
0.750000,-40.000000,0.99,0,1,1,1,0,0,0,1,0,0.016,8, 1.0582404
0.750000,-40.000000,0.99,0,1,1,1,0,0,0,1,0,0.032,8,1.0654103
0.750000,-40.000000,0.99,0,1,1,1,0,0,0,1,0,0.064,8,1.0749226
0.750000,-40.000000,0.99,0,1,1,1,0,0,0,1,0,0.128,8,1.0918632
0.750000,-40.000000,0.99,0,1,1,1,0,0,0,1,0,0.256,8,1.1161663
0.750000,-40.000000,0.99,0,1,1,1,0,0,0,1,0,0.512,8,1.1506678
0.750000,-40.000000,0.99,0,1,1,1,0,0,0,1,0,1.024,8,1.2008926
0.750000,-40.000000,0.99,0,1,1,1,0,0,0,0,1,0.016,0.1,0.1014546
0.750000,-40.000000,0.99,0,1,1,1,0,0,0,0,1,0.032,0.1,0.1039262
0.750000,-40.000000,0.99,0,1,1,1,0,0,0,0,1,0.064,0.1,0.1088631
0.750000,-40.000000,0.99,0,1,1,1,0,0,0,0,1,0.128,0.1,0.1170875
0.750000,-40.000000,0.99,0,1,1,1,0,0,0,0,1,0.256,0.1,0.1310561
0.750000,-40.000000,0.99,0,1,1,1,0,0,0,0,1,0.512,0.1,0.1545720
0.750000,-40.000000,0.99,0,1,1,1,0,0,0,0,1,1.024,0.1,0.2038151
0.750000,-40.000000,0.99,0,1,1,1,0,0,0,0,1,0.016,0.25, 0.1007231
0.750000,-40.000000,0.99,0,1,1,1,0,0,0,0,1,0.032,0.25,0.1039413
0.750000,-40.000000,0.99,0,1,1,1,0,0,0,0,1,0.064,0.25,0.1088246
0.750000,-40.000000,0.99,0,1,1,1,0,0,0,0,1,0.128,0.25,0.1169010
0.750000,-40.000000,0.99,0,1,1,1,0,0,0,0,1,0.256,0.25,0.1303769
0.750000,-40.000000,0.99,0,1,1,1,0,0,0,0,1,0.512,0.25,0.1553379
0.750000,-40.000000,0.99,0,1,1,1,0,0,0,0,1,1.024,0.25,0.2036643
0.750000,-40.000000,0.99,0,1,1,1,0,0,0,0,1,0.016,0.5, 0.1006805
0.750000,-40.000000,0.99,0,1,1,1,0,0,0,0,1,0.032,0.5,0.1040416
0.750000,-40.000000,0.99,0,1,1,1,0,0,0,0,1,0.064,0.5,0.1084635
0.750000,-40.000000,0.99,0,1,1,1,0,0,0,0,1,0.128,0.5,0.1170027
0.750000,-40.000000,0.99,0,1,1,1,0,0,0,0,1,0.256,0.5,0.1308562
0.750000,-40.000000,0.99,0,1,1,1,0,0,0,0,1,0.512,0.5,0.1549824
0.750000,-40.000000,0.99,0,1,1,1,0,0,0,0,1,1.024,0.5,0.2034499
0.750000,-40.000000,0.99,0,1,1,1,0,0,0,0,1,0.016,1, 0.1007801
0.750000,-40.000000,0.99,0,1,1,1,0,0,0,0,1,0.032,1,0.1039679
0.750000,-40.000000,0.99,0,1,1,1,0,0,0,0,1,0.064,1,0.1087661
0.750000,-40.000000,0.99,0,1,1,1,0,0,0,0,1,0.128,1,0.1170157
0.750000,-40.000000,0.99,0,1,1,1,0,0,0,0,1,0.256,1,0.1300481
0.750000,-40.000000,0.99,0,1,1,1,0,0,0,0,1,0.512,1,0.1552384
0.750000,-40.000000,0.99,0,1,1,1,0,0,0,0,1,1.024,1,0.2036063
0.750000,-40.000000,0.99,0,1,1,1,0,0,0,0,1,0.016,2, 0.1008472
0.750000,-40.000000,0.99,0,1,1,1,0,0,0,0,1,0.032,2,0.1039810
0.750000,-40.000000,0.99,0,1,1,1,0,0,0,0,1,0.064,2,0.1087793
0.750000,-40.000000,0.99,0,1,1,1,0,0,0,0,1,0.128,2,0.1169089
0.750000,-40.000000,0.99,0,1,1,1,0,0,0,0,1,0.256,2,0.1310024
0.750000,-40.000000,0.99,0,1,1,1,0,0,0,0,1,0.512,2,0.1546616
0.750000,-40.000000,0.99,0,1,1,1,0,0,0,0,1,1.024,2,0.2037281
0.750000,-40.000000,0.99,0,1,1,1,0,0,0,0,1,0.016,4, 0.1008502
0.750000,-40.000000,0.99,0,1,1,1,0,0,0,0,1,0.032,4,0.1039812
0.750000,-40.000000,0.99,0,1,1,1,0,0,0,0,1,0.064,4,0.1088540
0.750000,-40.000000,0.99,0,1,1,1,0,0,0,0,1,0.128,4,0.1172752
0.750000,-40.000000,0.99,0,1,1,1,0,0,0,0,1,0.256,4,0.1312640
0.750000,-40.000000,0.99,0,1,1,1,0,0,0,0,1,0.512,4,0.1550006
0.750000,-40.000000,0.99,0,1,1,1,0,0,0,0,1,1.024,4,0.2034333
0.750000,-40.000000,0.99,0,1,1,1,0,0,0,0,1,0.016,8, 0.1231009
0.750000,-40.000000,0.99,0,1,1,1,0,0,0,0,1,0.032,8,0.1251226
0.750000,-40.000000,0.99,0,1,1,1,0,0,0,0,1,0.064,8,0.1281232
0.750000,-40.000000,0.99,0,1,1,1,0,0,0,0,1,0.128,8,0.1347289
0.750000,-40.000000,0.99,0,1,1,1,0,0,0,0,1,0.256,8,0.1445607
0.750000,-40.000000,0.99,0,1,1,1,0,0,0,0,1,0.512,8,0.1645679
0.750000,-40.000000,0.99,0,1,1,1,0,0,0,0,1,1.024,8,0.2087915
