nom_voltage,nom_temperature,nom_process,related_pin A1,related_pin A2,timing_type combinational,timing_sense negative_unate,timing_sense positive_unate,cell_rise,rise_transition,cell_fall,fall_transition,output_load,input_slope,value
0.850000,125.000000,1.01,1,0,1,1,0,1,0,0,0,0.016,0.1,0.0508208
0.850000,125.000000,1.01,1,0,1,1,0,1,0,0,0,0.032,0.1,0.0516723
0.850000,125.000000,1.01,1,0,1,1,0,1,0,0,0,0.064,0.1,0.0531456
0.850000,125.000000,1.01,1,0,1,1,0,1,0,0,0,0.128,0.1,0.0558386
0.850000,125.000000,1.01,1,0,1,1,0,1,0,0,0,0.256,0.1,0.0606797
0.850000,125.000000,1.01,1,0,1,1,0,1,0,0,0,0.512,0.1,0.0692989
0.850000,125.000000,1.01,1,0,1,1,0,1,0,0,0,1.024,0.1,0.0846537
0.850000,125.000000,1.01,1,0,1,1,0,1,0,0,0,0.016,0.25, 0.0551920
0.850000,125.000000,1.01,1,0,1,1,0,1,0,0,0,0.032,0.25,0.0561034
0.850000,125.000000,1.01,1,0,1,1,0,1,0,0,0,0.064,0.25,0.0575459
0.850000,125.000000,1.01,1,0,1,1,0,1,0,0,0,0.128,0.25,0.0602202
0.850000,125.000000,1.01,1,0,1,1,0,1,0,0,0,0.256,0.25,0.0650484
0.850000,125.000000,1.01,1,0,1,1,0,1,0,0,0,0.512,0.25,0.0736445
0.850000,125.000000,1.01,1,0,1,1,0,1,0,0,0,1.024,0.25,0.0890327
0.850000,125.000000,1.01,1,0,1,1,0,1,0,0,0,0.016,0.5, 0.0624724
0.850000,125.000000,1.01,1,0,1,1,0,1,0,0,0,0.032,0.5,0.0633425
0.850000,125.000000,1.01,1,0,1,1,0,1,0,0,0,0.064,0.5,0.0647456
0.850000,125.000000,1.01,1,0,1,1,0,1,0,0,0,0.128,0.5,0.0673786
0.850000,125.000000,1.01,1,0,1,1,0,1,0,0,0,0.256,0.5,0.0721376
0.850000,125.000000,1.01,1,0,1,1,0,1,0,0,0,0.512,0.5,0.0806933
0.850000,125.000000,1.01,1,0,1,1,0,1,0,0,0,1.024,0.5,0.0960380
0.850000,125.000000,1.01,1,0,1,1,0,1,0,0,0,0.016,1, 0.0736410
0.850000,125.000000,1.01,1,0,1,1,0,1,0,0,0,0.032,1,0.0745542
0.850000,125.000000,1.01,1,0,1,1,0,1,0,0,0,0.064,1,0.0760010
0.850000,125.000000,1.01,1,0,1,1,0,1,0,0,0,0.128,1,0.0786959
0.850000,125.000000,1.01,1,0,1,1,0,1,0,0,0,0.256,1,0.0834999
0.850000,125.000000,1.01,1,0,1,1,0,1,0,0,0,0.512,1,0.0920867
0.850000,125.000000,1.01,1,0,1,1,0,1,0,0,0,1.024,1,0.1074815
0.850000,125.000000,1.01,1,0,1,1,0,1,0,0,0,0.016,2, 0.0902428
0.850000,125.000000,1.01,1,0,1,1,0,1,0,0,0,0.032,2,0.0912171
0.850000,125.000000,1.01,1,0,1,1,0,1,0,0,0,0.064,2,0.0927674
0.850000,125.000000,1.01,1,0,1,1,0,1,0,0,0,0.128,2,0.0956920
0.850000,125.000000,1.01,1,0,1,1,0,1,0,0,0,0.256,2,0.1010056
0.850000,125.000000,1.01,1,0,1,1,0,1,0,0,0,0.512,2,0.1101369
0.850000,125.000000,1.01,1,0,1,1,0,1,0,0,0,1.024,2,0.1259649
0.850000,125.000000,1.01,1,0,1,1,0,1,0,0,0,0.016,4, 0.1156481
0.850000,125.000000,1.01,1,0,1,1,0,1,0,0,0,0.032,4,0.1167392
0.850000,125.000000,1.01,1,0,1,1,0,1,0,0,0,0.064,4,0.1182144
0.850000,125.000000,1.01,1,0,1,1,0,1,0,0,0,0.128,4,0.1214436
0.850000,125.000000,1.01,1,0,1,1,0,1,0,0,0,0.256,4,0.1276862
0.850000,125.000000,1.01,1,0,1,1,0,1,0,0,0,0.512,4,0.1378227
0.850000,125.000000,1.01,1,0,1,1,0,1,0,0,0,1.024,4,0.1553017
0.850000,125.000000,1.01,1,0,1,1,0,1,0,0,0,0.016,8, 0.1549620
0.850000,125.000000,1.01,1,0,1,1,0,1,0,0,0,0.032,8,0.1561051
0.850000,125.000000,1.01,1,0,1,1,0,1,0,0,0,0.064,8,0.1584687
0.850000,125.000000,1.01,1,0,1,1,0,1,0,0,0,0.128,8,0.1620974
0.850000,125.000000,1.01,1,0,1,1,0,1,0,0,0,0.256,8,0.1688675
0.850000,125.000000,1.01,1,0,1,1,0,1,0,0,0,0.512,8,0.1809843
0.850000,125.000000,1.01,1,0,1,1,0,1,0,0,0,1.024,8,0.2018834
0.850000,125.000000,1.01,1,0,1,1,0,0,1,0,0,0.016,0.1,0.0210397
0.850000,125.000000,1.01,1,0,1,1,0,0,1,0,0,0.032,0.1,0.0216914
0.850000,125.000000,1.01,1,0,1,1,0,0,1,0,0,0.064,0.1,0.0228093
0.850000,125.000000,1.01,1,0,1,1,0,0,1,0,0,0.128,0.1,0.0250778
0.850000,125.000000,1.01,1,0,1,1,0,0,1,0,0,0.256,0.1,0.0296872
0.850000,125.000000,1.01,1,0,1,1,0,0,1,0,0,0.512,0.1,0.0391482
0.850000,125.000000,1.01,1,0,1,1,0,0,1,0,0,1.024,0.1,0.0588362
0.850000,125.000000,1.01,1,0,1,1,0,0,1,0,0,0.016,0.25, 0.0211444
0.850000,125.000000,1.01,1,0,1,1,0,0,1,0,0,0.032,0.25,0.0217786
0.850000,125.000000,1.01,1,0,1,1,0,0,1,0,0,0.064,0.25,0.0229152
0.850000,125.000000,1.01,1,0,1,1,0,0,1,0,0,0.128,0.25,0.0251853
0.850000,125.000000,1.01,1,0,1,1,0,0,1,0,0,0.256,0.25,0.0298464
0.850000,125.000000,1.01,1,0,1,1,0,0,1,0,0,0.512,0.25,0.0392838
0.850000,125.000000,1.01,1,0,1,1,0,0,1,0,0,1.024,0.25,0.0589270
0.850000,125.000000,1.01,1,0,1,1,0,0,1,0,0,0.016,0.5, 0.0222335
0.850000,125.000000,1.01,1,0,1,1,0,0,1,0,0,0.032,0.5,0.0228433
0.850000,125.000000,1.01,1,0,1,1,0,0,1,0,0,0.064,0.5,0.0239727
0.850000,125.000000,1.01,1,0,1,1,0,0,1,0,0,0.128,0.5,0.0261773
0.850000,125.000000,1.01,1,0,1,1,0,0,1,0,0,0.256,0.5,0.0307089
0.850000,125.000000,1.01,1,0,1,1,0,0,1,0,0,0.512,0.5,0.0399095
0.850000,125.000000,1.01,1,0,1,1,0,0,1,0,0,1.024,0.5,0.0595026
0.850000,125.000000,1.01,1,0,1,1,0,0,1,0,0,0.016,1, 0.0262655
0.850000,125.000000,1.01,1,0,1,1,0,0,1,0,0,0.032,1,0.0267825
0.850000,125.000000,1.01,1,0,1,1,0,0,1,0,0,0.064,1,0.0279056
0.850000,125.000000,1.01,1,0,1,1,0,0,1,0,0,0.128,1,0.0299629
0.850000,125.000000,1.01,1,0,1,1,0,0,1,0,0,0.256,1,0.0340816
0.850000,125.000000,1.01,1,0,1,1,0,0,1,0,0,0.512,1,0.0427252
0.850000,125.000000,1.01,1,0,1,1,0,0,1,0,0,1.024,1,0.0615163
0.850000,125.000000,1.01,1,0,1,1,0,0,1,0,0,0.016,2, 0.0349950
0.850000,125.000000,1.01,1,0,1,1,0,0,1,0,0,0.032,2,0.0355116
0.850000,125.000000,1.01,1,0,1,1,0,0,1,0,0,0.064,2,0.0361375
0.850000,125.000000,1.01,1,0,1,1,0,0,1,0,0,0.128,2,0.0383469
0.850000,125.000000,1.01,1,0,1,1,0,0,1,0,0,0.256,2,0.0425732
0.850000,125.000000,1.01,1,0,1,1,0,0,1,0,0,0.512,2,0.0507842
0.850000,125.000000,1.01,1,0,1,1,0,0,1,0,0,1.024,2,0.0683635
0.850000,125.000000,1.01,1,0,1,1,0,0,1,0,0,0.016,4, 0.0522120
0.850000,125.000000,1.01,1,0,1,1,0,0,1,0,0,0.032,4,0.0527341
0.850000,125.000000,1.01,1,0,1,1,0,0,1,0,0,0.064,4,0.0531818
0.850000,125.000000,1.01,1,0,1,1,0,0,1,0,0,0.128,4,0.0559363
0.850000,125.000000,1.01,1,0,1,1,0,0,1,0,0,0.256,4,0.0600393
0.850000,125.000000,1.01,1,0,1,1,0,0,1,0,0,0.512,4,0.0677518
0.850000,125.000000,1.01,1,0,1,1,0,0,1,0,0,1.024,4,0.0846862
0.850000,125.000000,1.01,1,0,1,1,0,0,1,0,0,0.016,8, 0.0867069
0.850000,125.000000,1.01,1,0,1,1,0,0,1,0,0,0.032,8,0.0872283
0.850000,125.000000,1.01,1,0,1,1,0,0,1,0,0,0.064,8,0.0886357
0.850000,125.000000,1.01,1,0,1,1,0,0,1,0,0,0.128,8,0.0901240
0.850000,125.000000,1.01,1,0,1,1,0,0,1,0,0,0.256,8,0.0931967
0.850000,125.000000,1.01,1,0,1,1,0,0,1,0,0,0.512,8,0.1017145
0.850000,125.000000,1.01,1,0,1,1,0,0,1,0,0,1.024,8,0.1185727
0.850000,125.000000,1.01,1,0,1,1,0,0,0,1,0,0.016,0.1,0.0511763
0.850000,125.000000,1.01,1,0,1,1,0,0,0,1,0,0.032,0.1,0.0522079
0.850000,125.000000,1.01,1,0,1,1,0,0,0,1,0,0.064,0.1,0.0538384
0.850000,125.000000,1.01,1,0,1,1,0,0,0,1,0,0.128,0.1,0.0569040
0.850000,125.000000,1.01,1,0,1,1,0,0,0,1,0,0.256,0.1,0.0623742
0.850000,125.000000,1.01,1,0,1,1,0,0,0,1,0,0.512,0.1,0.0720283
0.850000,125.000000,1.01,1,0,1,1,0,0,0,1,0,1.024,0.1,0.0889936
0.850000,125.000000,1.01,1,0,1,1,0,0,0,1,0,0.016,0.25, 0.0530392
0.850000,125.000000,1.01,1,0,1,1,0,0,0,1,0,0.032,0.25,0.0540704
0.850000,125.000000,1.01,1,0,1,1,0,0,0,1,0,0.064,0.25,0.0557136
0.850000,125.000000,1.01,1,0,1,1,0,0,0,1,0,0.128,0.25,0.0587651
0.850000,125.000000,1.01,1,0,1,1,0,0,0,1,0,0.256,0.25,0.0642306
0.850000,125.000000,1.01,1,0,1,1,0,0,0,1,0,0.512,0.25,0.0738473
0.850000,125.000000,1.01,1,0,1,1,0,0,0,1,0,1.024,0.25,0.0908374
0.850000,125.000000,1.01,1,0,1,1,0,0,0,1,0,0.016,0.5, 0.0554912
0.850000,125.000000,1.01,1,0,1,1,0,0,0,1,0,0.032,0.5,0.0565087
0.850000,125.000000,1.01,1,0,1,1,0,0,0,1,0,0.064,0.5,0.0581400
0.850000,125.000000,1.01,1,0,1,1,0,0,0,1,0,0.128,0.5,0.0612009
0.850000,125.000000,1.01,1,0,1,1,0,0,0,1,0,0.256,0.5,0.0666298
0.850000,125.000000,1.01,1,0,1,1,0,0,0,1,0,0.512,0.5,0.0761484
0.850000,125.000000,1.01,1,0,1,1,0,0,0,1,0,1.024,0.5,0.0930892
0.850000,125.000000,1.01,1,0,1,1,0,0,0,1,0,0.016,1, 0.0574619
0.850000,125.000000,1.01,1,0,1,1,0,0,0,1,0,0.032,1,0.0585942
0.850000,125.000000,1.01,1,0,1,1,0,0,0,1,0,0.064,1,0.0602485
0.850000,125.000000,1.01,1,0,1,1,0,0,0,1,0,0.128,1,0.0634256
0.850000,125.000000,1.01,1,0,1,1,0,0,0,1,0,0.256,1,0.0688826
0.850000,125.000000,1.01,1,0,1,1,0,0,0,1,0,0.512,1,0.0784792
0.850000,125.000000,1.01,1,0,1,1,0,0,0,1,0,1.024,1,0.0954765
0.850000,125.000000,1.01,1,0,1,1,0,0,0,1,0,0.016,2, 0.0574070
0.850000,125.000000,1.01,1,0,1,1,0,0,0,1,0,0.032,2,0.0584790
0.850000,125.000000,1.01,1,0,1,1,0,0,0,1,0,0.064,2,0.0603757
0.850000,125.000000,1.01,1,0,1,1,0,0,0,1,0,0.128,2,0.0635930
0.850000,125.000000,1.01,1,0,1,1,0,0,0,1,0,0.256,2,0.0696399
0.850000,125.000000,1.01,1,0,1,1,0,0,0,1,0,0.512,2,0.0798174
0.850000,125.000000,1.01,1,0,1,1,0,0,0,1,0,1.024,2,0.0975345
0.850000,125.000000,1.01,1,0,1,1,0,0,0,1,0,0.016,4, 0.0512116
0.850000,125.000000,1.01,1,0,1,1,0,0,0,1,0,0.032,4,0.0524593
0.850000,125.000000,1.01,1,0,1,1,0,0,0,1,0,0.064,4,0.0542566
0.850000,125.000000,1.01,1,0,1,1,0,0,0,1,0,0.128,4,0.0580113
0.850000,125.000000,1.01,1,0,1,1,0,0,0,1,0,0.256,4,0.0640874
0.850000,125.000000,1.01,1,0,1,1,0,0,0,1,0,0.512,4,0.0760095
0.850000,125.000000,1.01,1,0,1,1,0,0,0,1,0,1.024,4,0.0956514
0.850000,125.000000,1.01,1,0,1,1,0,0,0,1,0,0.016,8, 0.0299699
0.850000,125.000000,1.01,1,0,1,1,0,0,0,1,0,0.032,8,0.0311696
0.850000,125.000000,1.01,1,0,1,1,0,0,0,1,0,0.064,8,0.0331808
0.850000,125.000000,1.01,1,0,1,1,0,0,0,1,0,0.128,8,0.0374116
0.850000,125.000000,1.01,1,0,1,1,0,0,0,1,0,0.256,8,0.0448300
0.850000,125.000000,1.01,1,0,1,1,0,0,0,1,0,0.512,8,0.0580849
0.850000,125.000000,1.01,1,0,1,1,0,0,0,1,0,1.024,8,0.0813003
0.850000,125.000000,1.01,1,0,1,1,0,0,0,0,1,0.016,0.1,0.0215677
0.850000,125.000000,1.01,1,0,1,1,0,0,0,0,1,0.032,0.1,0.0222305
0.850000,125.000000,1.01,1,0,1,1,0,0,0,0,1,0.064,0.1,0.0234172
0.850000,125.000000,1.01,1,0,1,1,0,0,0,0,1,0.128,0.1,0.0258031
0.850000,125.000000,1.01,1,0,1,1,0,0,0,0,1,0.256,0.1,0.0307882
0.850000,125.000000,1.01,1,0,1,1,0,0,0,0,1,0.512,0.1,0.0411838
0.850000,125.000000,1.01,1,0,1,1,0,0,0,0,1,1.024,0.1,0.0632769
0.850000,125.000000,1.01,1,0,1,1,0,0,0,0,1,0.016,0.25, 0.0218560
0.850000,125.000000,1.01,1,0,1,1,0,0,0,0,1,0.032,0.25,0.0224502
0.850000,125.000000,1.01,1,0,1,1,0,0,0,0,1,0.064,0.25,0.0236412
0.850000,125.000000,1.01,1,0,1,1,0,0,0,0,1,0.128,0.25,0.0260038
0.850000,125.000000,1.01,1,0,1,1,0,0,0,0,1,0.256,0.25,0.0310047
0.850000,125.000000,1.01,1,0,1,1,0,0,0,0,1,0.512,0.25,0.0412722
0.850000,125.000000,1.01,1,0,1,1,0,0,0,0,1,1.024,0.25,0.0634072
0.850000,125.000000,1.01,1,0,1,1,0,0,0,0,1,0.016,0.5, 0.0225821
0.850000,125.000000,1.01,1,0,1,1,0,0,0,0,1,0.032,0.5,0.0232082
0.850000,125.000000,1.01,1,0,1,1,0,0,0,0,1,0.064,0.5,0.0242941
0.850000,125.000000,1.01,1,0,1,1,0,0,0,0,1,0.128,0.5,0.0266472
0.850000,125.000000,1.01,1,0,1,1,0,0,0,0,1,0.256,0.5,0.0314856
0.850000,125.000000,1.01,1,0,1,1,0,0,0,0,1,0.512,0.5,0.0417770
0.850000,125.000000,1.01,1,0,1,1,0,0,0,0,1,1.024,0.5,0.0637222
0.850000,125.000000,1.01,1,0,1,1,0,0,0,0,1,0.016,1, 0.0254978
0.850000,125.000000,1.01,1,0,1,1,0,0,0,0,1,0.032,1,0.0261008
0.850000,125.000000,1.01,1,0,1,1,0,0,0,0,1,0.064,1,0.0272608
0.850000,125.000000,1.01,1,0,1,1,0,0,0,0,1,0.128,1,0.0295746
0.850000,125.000000,1.01,1,0,1,1,0,0,0,0,1,0.256,1,0.0340662
0.850000,125.000000,1.01,1,0,1,1,0,0,0,0,1,0.512,1,0.0439885
0.850000,125.000000,1.01,1,0,1,1,0,0,0,0,1,1.024,1,0.0654052
0.850000,125.000000,1.01,1,0,1,1,0,0,0,0,1,0.016,2, 0.0333676
0.850000,125.000000,1.01,1,0,1,1,0,0,0,0,1,0.032,2,0.0340742
0.850000,125.000000,1.01,1,0,1,1,0,0,0,0,1,0.064,2,0.0350750
0.850000,125.000000,1.01,1,0,1,1,0,0,0,0,1,0.128,2,0.0372461
0.850000,125.000000,1.01,1,0,1,1,0,0,0,0,1,0.256,2,0.0417585
0.850000,125.000000,1.01,1,0,1,1,0,0,0,0,1,0.512,2,0.0507486
0.850000,125.000000,1.01,1,0,1,1,0,0,0,0,1,1.024,2,0.0710349
0.850000,125.000000,1.01,1,0,1,1,0,0,0,0,1,0.016,4, 0.0507017
0.850000,125.000000,1.01,1,0,1,1,0,0,0,0,1,0.032,4,0.0507184
0.850000,125.000000,1.01,1,0,1,1,0,0,0,0,1,0.064,4,0.0514187
0.850000,125.000000,1.01,1,0,1,1,0,0,0,0,1,0.128,4,0.0534226
0.850000,125.000000,1.01,1,0,1,1,0,0,0,0,1,0.256,4,0.0573912
0.850000,125.000000,1.01,1,0,1,1,0,0,0,0,1,0.512,4,0.0669792
0.850000,125.000000,1.01,1,0,1,1,0,0,0,0,1,1.024,4,0.0854505
0.850000,125.000000,1.01,1,0,1,1,0,0,0,0,1,0.016,8, 0.0831559
0.850000,125.000000,1.01,1,0,1,1,0,0,0,0,1,0.032,8,0.0835084
0.850000,125.000000,1.01,1,0,1,1,0,0,0,0,1,0.064,8,0.0842317
0.850000,125.000000,1.01,1,0,1,1,0,0,0,0,1,0.128,8,0.0862964
0.850000,125.000000,1.01,1,0,1,1,0,0,0,0,1,0.256,8,0.0900397
0.850000,125.000000,1.01,1,0,1,1,0,0,0,0,1,0.512,8,0.0989946
0.850000,125.000000,1.01,1,0,1,1,0,0,0,0,1,1.024,8,0.1174552
0.850000,125.000000,1.01,0,1,1,0,1,1,0,0,0,0.016,0.1,0.0355159
0.850000,125.000000,1.01,0,1,1,0,1,1,0,0,0,0.032,0.1,0.0364170
0.850000,125.000000,1.01,0,1,1,0,1,1,0,0,0,0.064,0.1,0.0378441
0.850000,125.000000,1.01,0,1,1,0,1,1,0,0,0,0.128,0.1,0.0405368
0.850000,125.000000,1.01,0,1,1,0,1,1,0,0,0,0.256,0.1,0.0453889
0.850000,125.000000,1.01,0,1,1,0,1,1,0,0,0,0.512,0.1,0.0540059
0.850000,125.000000,1.01,0,1,1,0,1,1,0,0,0,1.024,0.1,0.0694249
0.850000,125.000000,1.01,0,1,1,0,1,1,0,0,0,0.016,0.25, 0.0368568
0.850000,125.000000,1.01,0,1,1,0,1,1,0,0,0,0.032,0.25,0.0377468
0.850000,125.000000,1.01,0,1,1,0,1,1,0,0,0,0.064,0.25,0.0391620
0.850000,125.000000,1.01,0,1,1,0,1,1,0,0,0,0.128,0.25,0.0417980
0.850000,125.000000,1.01,0,1,1,0,1,1,0,0,0,0.256,0.25,0.0465773
0.850000,125.000000,1.01,0,1,1,0,1,1,0,0,0,0.512,0.25,0.0551130
0.850000,125.000000,1.01,0,1,1,0,1,1,0,0,0,1.024,0.25,0.0704734
0.850000,125.000000,1.01,0,1,1,0,1,1,0,0,0,0.016,0.5, 0.0379008
0.850000,125.000000,1.01,0,1,1,0,1,1,0,0,0,0.032,0.5,0.0388061
0.850000,125.000000,1.01,0,1,1,0,1,1,0,0,0,0.064,0.5,0.0402502
0.850000,125.000000,1.01,0,1,1,0,1,1,0,0,0,0.128,0.5,0.0429448
0.850000,125.000000,1.01,0,1,1,0,1,1,0,0,0,0.256,0.5,0.0478193
0.850000,125.000000,1.01,0,1,1,0,1,1,0,0,0,0.512,0.5,0.0564729
0.850000,125.000000,1.01,0,1,1,0,1,1,0,0,0,1.024,0.5,0.0718439
0.850000,125.000000,1.01,0,1,1,0,1,1,0,0,0,0.016,1, 0.0361297
0.850000,125.000000,1.01,0,1,1,0,1,1,0,0,0,0.032,1,0.0371351
0.850000,125.000000,1.01,0,1,1,0,1,1,0,0,0,0.064,1,0.0386893
0.850000,125.000000,1.01,0,1,1,0,1,1,0,0,0,0.128,1,0.0414993
0.850000,125.000000,1.01,0,1,1,0,1,1,0,0,0,0.256,1,0.0465614
0.850000,125.000000,1.01,0,1,1,0,1,1,0,0,0,0.512,1,0.0555771
0.850000,125.000000,1.01,0,1,1,0,1,1,0,0,0,1.024,1,0.0714242
0.850000,125.000000,1.01,0,1,1,0,1,1,0,0,0,0.016,2, 0.0262553
0.850000,125.000000,1.01,0,1,1,0,1,1,0,0,0,0.032,2,0.0272781
0.850000,125.000000,1.01,0,1,1,0,1,1,0,0,0,0.064,2,0.0289097
0.850000,125.000000,1.01,0,1,1,0,1,1,0,0,0,0.128,2,0.0319911
0.850000,125.000000,1.01,0,1,1,0,1,1,0,0,0,0.256,2,0.0376835
0.850000,125.000000,1.01,0,1,1,0,1,1,0,0,0,0.512,2,0.0476035
0.850000,125.000000,1.01,0,1,1,0,1,1,0,0,0,1.024,2,0.0646074
0.850000,125.000000,1.01,0,1,1,0,1,1,0,0,0,0.016,4, -0.0029187
0.850000,125.000000,1.01,0,1,1,0,1,1,0,0,0,0.032,4,-0.0018027
0.850000,125.000000,1.01,0,1,1,0,1,1,0,0,0,0.064,4,0.0001338
0.850000,125.000000,1.01,0,1,1,0,1,1,0,0,0,0.128,4,0.0036936
0.850000,125.000000,1.01,0,1,1,0,1,1,0,0,0,0.256,4,0.0103039
0.850000,125.000000,1.01,0,1,1,0,1,1,0,0,0,0.512,4,0.0216349
0.850000,125.000000,1.01,0,1,1,0,1,1,0,0,0,1.024,4,0.0412594
0.850000,125.000000,1.01,0,1,1,0,1,1,0,0,0,0.016,8, -0.0720806
0.850000,125.000000,1.01,0,1,1,0,1,1,0,0,0,0.032,8,-0.0708753
0.850000,125.000000,1.01,0,1,1,0,1,1,0,0,0,0.064,8,-0.0688849
0.850000,125.000000,1.01,0,1,1,0,1,1,0,0,0,0.128,8,-0.0650076
0.850000,125.000000,1.01,0,1,1,0,1,1,0,0,0,0.256,8,-0.0576639
0.850000,125.000000,1.01,0,1,1,0,1,1,0,0,0,0.512,8,-0.0443044
0.850000,125.000000,1.01,0,1,1,0,1,1,0,0,0,1.024,8,-0.0206151
0.850000,125.000000,1.01,0,1,1,0,1,0,1,0,0,0.016,0.1,0.0208801
0.850000,125.000000,1.01,0,1,1,0,1,0,1,0,0,0.032,0.1,0.0215116
0.850000,125.000000,1.01,0,1,1,0,1,0,1,0,0,0.064,0.1,0.0226845
0.850000,125.000000,1.01,0,1,1,0,1,0,1,0,0,0.128,0.1,0.0248990
0.850000,125.000000,1.01,0,1,1,0,1,0,1,0,0,0.256,0.1,0.0295864
0.850000,125.000000,1.01,0,1,1,0,1,0,1,0,0,0.512,0.1,0.0390475
0.850000,125.000000,1.01,0,1,1,0,1,0,1,0,0,1.024,0.1,0.0586505
0.850000,125.000000,1.01,0,1,1,0,1,0,1,0,0,0.016,0.25, 0.0216602
0.850000,125.000000,1.01,0,1,1,0,1,0,1,0,0,0.032,0.25,0.0223224
0.850000,125.000000,1.01,0,1,1,0,1,0,1,0,0,0.064,0.25,0.0233178
0.850000,125.000000,1.01,0,1,1,0,1,0,1,0,0,0.128,0.25,0.0255488
0.850000,125.000000,1.01,0,1,1,0,1,0,1,0,0,0.256,0.25,0.0301742
0.850000,125.000000,1.01,0,1,1,0,1,0,1,0,0,0.512,0.25,0.0394598
0.850000,125.000000,1.01,0,1,1,0,1,0,1,0,0,1.024,0.25,0.0589302
0.850000,125.000000,1.01,0,1,1,0,1,0,1,0,0,0.016,0.5, 0.0251763
0.850000,125.000000,1.01,0,1,1,0,1,0,1,0,0,0.032,0.5,0.0257533
0.850000,125.000000,1.01,0,1,1,0,1,0,1,0,0,0.064,0.5,0.0266416
0.850000,125.000000,1.01,0,1,1,0,1,0,1,0,0,0.128,0.5,0.0288378
0.850000,125.000000,1.01,0,1,1,0,1,0,1,0,0,0.256,0.5,0.0331475
0.850000,125.000000,1.01,0,1,1,0,1,0,1,0,0,0.512,0.5,0.0419474
0.850000,125.000000,1.01,0,1,1,0,1,0,1,0,0,1.024,0.5,0.0607777
0.850000,125.000000,1.01,0,1,1,0,1,0,1,0,0,0.016,1, 0.0327363
0.850000,125.000000,1.01,0,1,1,0,1,0,1,0,0,0.032,1,0.0332956
0.850000,125.000000,1.01,0,1,1,0,1,0,1,0,0,0.064,1,0.0342729
0.850000,125.000000,1.01,0,1,1,0,1,0,1,0,0,0.128,1,0.0361043
0.850000,125.000000,1.01,0,1,1,0,1,0,1,0,0,0.256,1,0.0403398
0.850000,125.000000,1.01,0,1,1,0,1,0,1,0,0,0.512,1,0.0484011
0.850000,125.000000,1.01,0,1,1,0,1,0,1,0,0,1.024,1,0.0666453
0.850000,125.000000,1.01,0,1,1,0,1,0,1,0,0,0.016,2, 0.0474944
0.850000,125.000000,1.01,0,1,1,0,1,0,1,0,0,0.032,2,0.0480706
0.850000,125.000000,1.01,0,1,1,0,1,0,1,0,0,0.064,2,0.0490488
0.850000,125.000000,1.01,0,1,1,0,1,0,1,0,0,0.128,2,0.0509659
0.850000,125.000000,1.01,0,1,1,0,1,0,1,0,0,0.256,2,0.0543326
0.850000,125.000000,1.01,0,1,1,0,1,0,1,0,0,0.512,2,0.0624300
0.850000,125.000000,1.01,0,1,1,0,1,0,1,0,0,1.024,2,0.0795196
0.850000,125.000000,1.01,0,1,1,0,1,0,1,0,0,0.016,4, 0.0750892
0.850000,125.000000,1.01,0,1,1,0,1,0,1,0,0,0.032,4,0.0756084
0.850000,125.000000,1.01,0,1,1,0,1,0,1,0,0,0.064,4,0.0764850
0.850000,125.000000,1.01,0,1,1,0,1,0,1,0,0,0.128,4,0.0782644
0.850000,125.000000,1.01,0,1,1,0,1,0,1,0,0,0.256,4,0.0821373
0.850000,125.000000,1.01,0,1,1,0,1,0,1,0,0,0.512,4,0.0905854
0.850000,125.000000,1.01,0,1,1,0,1,0,1,0,0,1.024,4,0.1066998
0.850000,125.000000,1.01,0,1,1,0,1,0,1,0,0,0.016,8, 0.1257170
0.850000,125.000000,1.01,0,1,1,0,1,0,1,0,0,0.032,8,0.1262108
0.850000,125.000000,1.01,0,1,1,0,1,0,1,0,0,0.064,8,0.1269093
0.850000,125.000000,1.01,0,1,1,0,1,0,1,0,0,0.128,8,0.1288692
0.850000,125.000000,1.01,0,1,1,0,1,0,1,0,0,0.256,8,0.1334209
0.850000,125.000000,1.01,0,1,1,0,1,0,1,0,0,0.512,8,0.1418640
0.850000,125.000000,1.01,0,1,1,0,1,0,1,0,0,1.024,8,0.1598403
0.850000,125.000000,1.01,0,1,1,0,1,0,0,1,0,0.016,0.1,0.0421099
0.850000,125.000000,1.01,0,1,1,0,1,0,0,1,0,0.032,0.1,0.0431289
0.850000,125.000000,1.01,0,1,1,0,1,0,0,1,0,0.064,0.1,0.0447721
0.850000,125.000000,1.01,0,1,1,0,1,0,0,1,0,0.128,0.1,0.0478168
0.850000,125.000000,1.01,0,1,1,0,1,0,0,1,0,0.256,0.1,0.0533543
0.850000,125.000000,1.01,0,1,1,0,1,0,0,1,0,0.512,0.1,0.0630782
0.850000,125.000000,1.01,0,1,1,0,1,0,0,1,0,1.024,0.1,0.0802090
0.850000,125.000000,1.01,0,1,1,0,1,0,0,1,0,0.016,0.25, 0.0477228
0.850000,125.000000,1.01,0,1,1,0,1,0,0,1,0,0.032,0.25,0.0487335
0.850000,125.000000,1.01,0,1,1,0,1,0,0,1,0,0.064,0.25,0.0503419
0.850000,125.000000,1.01,0,1,1,0,1,0,0,1,0,0.128,0.25,0.0533612
0.850000,125.000000,1.01,0,1,1,0,1,0,0,1,0,0.256,0.25,0.0588222
0.850000,125.000000,1.01,0,1,1,0,1,0,0,1,0,0.512,0.25,0.0684745
0.850000,125.000000,1.01,0,1,1,0,1,0,0,1,0,1.024,0.25,0.0854808
0.850000,125.000000,1.01,0,1,1,0,1,0,0,1,0,0.016,0.5, 0.0584990
0.850000,125.000000,1.01,0,1,1,0,1,0,0,1,0,0.032,0.5,0.0594981
0.850000,125.000000,1.01,0,1,1,0,1,0,0,1,0,0.064,0.5,0.0611107
0.850000,125.000000,1.01,0,1,1,0,1,0,0,1,0,0.128,0.5,0.0641497
0.850000,125.000000,1.01,0,1,1,0,1,0,0,1,0,0.256,0.5,0.0696014
0.850000,125.000000,1.01,0,1,1,0,1,0,0,1,0,0.512,0.5,0.0791075
0.850000,125.000000,1.01,0,1,1,0,1,0,0,1,0,1.024,0.5,0.0959450
0.850000,125.000000,1.01,0,1,1,0,1,0,0,1,0,0.016,1, 0.0764624
0.850000,125.000000,1.01,0,1,1,0,1,0,0,1,0,0.032,1,0.0775117
0.850000,125.000000,1.01,0,1,1,0,1,0,0,1,0,0.064,1,0.0792202
0.850000,125.000000,1.01,0,1,1,0,1,0,0,1,0,0.128,1,0.0824471
0.850000,125.000000,1.01,0,1,1,0,1,0,0,1,0,0.256,1,0.0882686
0.850000,125.000000,1.01,0,1,1,0,1,0,0,1,0,0.512,1,0.0984547
0.850000,125.000000,1.01,0,1,1,0,1,0,0,1,0,1.024,1,0.1160948
0.850000,125.000000,1.01,0,1,1,0,1,0,0,1,0,0.016,2, 0.1069262
0.850000,125.000000,1.01,0,1,1,0,1,0,0,1,0,0.032,2,0.1080528
0.850000,125.000000,1.01,0,1,1,0,1,0,0,1,0,0.064,2,0.1098829
0.850000,125.000000,1.01,0,1,1,0,1,0,0,1,0,0.128,2,0.1134381
0.850000,125.000000,1.01,0,1,1,0,1,0,0,1,0,0.256,2,0.1198461
0.850000,125.000000,1.01,0,1,1,0,1,0,0,1,0,0.512,2,0.1315667
0.850000,125.000000,1.01,0,1,1,0,1,0,0,1,0,1.024,2,0.1511159
0.850000,125.000000,1.01,0,1,1,0,1,0,0,1,0,0.016,4, 0.1596095
0.850000,125.000000,1.01,0,1,1,0,1,0,0,1,0,0.032,4,0.1608000
0.850000,125.000000,1.01,0,1,1,0,1,0,0,1,0,0.064,4,0.1627748
0.850000,125.000000,1.01,0,1,1,0,1,0,0,1,0,0.128,4,0.1665968
0.850000,125.000000,1.01,0,1,1,0,1,0,0,1,0,0.256,4,0.1739147
0.850000,125.000000,1.01,0,1,1,0,1,0,0,1,0,0.512,4,0.1877270
0.850000,125.000000,1.01,0,1,1,0,1,0,0,1,0,1.024,4,0.2103170
0.850000,125.000000,1.01,0,1,1,0,1,0,0,1,0,0.016,8, 0.2549162
0.850000,125.000000,1.01,0,1,1,0,1,0,0,1,0,0.032,8,0.2561790
0.850000,125.000000,1.01,0,1,1,0,1,0,0,1,0,0.064,8,0.2582815
0.850000,125.000000,1.01,0,1,1,0,1,0,0,1,0,0.128,8,0.2625839
0.850000,125.000000,1.01,0,1,1,0,1,0,0,1,0,0.256,8,0.2704643
0.850000,125.000000,1.01,0,1,1,0,1,0,0,1,0,0.512,8,0.2855252
0.850000,125.000000,1.01,0,1,1,0,1,0,0,1,0,1.024,8,0.3129126
0.850000,125.000000,1.01,0,1,1,0,1,0,0,0,1,0.016,0.1,0.0218520
0.850000,125.000000,1.01,0,1,1,0,1,0,0,0,1,0.032,0.1,0.0224776
0.850000,125.000000,1.01,0,1,1,0,1,0,0,0,1,0.064,0.1,0.0235063
0.850000,125.000000,1.01,0,1,1,0,1,0,0,0,1,0.128,0.1,0.0260076
0.850000,125.000000,1.01,0,1,1,0,1,0,0,0,1,0.256,0.1,0.0310348
0.850000,125.000000,1.01,0,1,1,0,1,0,0,0,1,0.512,0.1,0.0414968
0.850000,125.000000,1.01,0,1,1,0,1,0,0,0,1,1.024,0.1,0.0635985
0.850000,125.000000,1.01,0,1,1,0,1,0,0,0,1,0.016,0.25, 0.0220079
0.850000,125.000000,1.01,0,1,1,0,1,0,0,0,1,0.032,0.25,0.0227002
0.850000,125.000000,1.01,0,1,1,0,1,0,0,0,1,0.064,0.25,0.0238070
0.850000,125.000000,1.01,0,1,1,0,1,0,0,0,1,0.128,0.25,0.0262849
0.850000,125.000000,1.01,0,1,1,0,1,0,0,0,1,0.256,0.25,0.0313075
0.850000,125.000000,1.01,0,1,1,0,1,0,0,0,1,0.512,0.25,0.0417562
0.850000,125.000000,1.01,0,1,1,0,1,0,0,0,1,1.024,0.25,0.0638206
0.850000,125.000000,1.01,0,1,1,0,1,0,0,0,1,0.016,0.5, 0.0256964
0.850000,125.000000,1.01,0,1,1,0,1,0,0,0,1,0.032,0.5,0.0261932
0.850000,125.000000,1.01,0,1,1,0,1,0,0,0,1,0.064,0.5,0.0272672
0.850000,125.000000,1.01,0,1,1,0,1,0,0,0,1,0.128,0.5,0.0292846
0.850000,125.000000,1.01,0,1,1,0,1,0,0,0,1,0.256,0.5,0.0338256
0.850000,125.000000,1.01,0,1,1,0,1,0,0,0,1,0.512,0.5,0.0436714
0.850000,125.000000,1.01,0,1,1,0,1,0,0,0,1,1.024,0.5,0.0649833
0.850000,125.000000,1.01,0,1,1,0,1,0,0,0,1,0.016,1, 0.0356521
0.850000,125.000000,1.01,0,1,1,0,1,0,0,0,1,0.032,1,0.0362692
0.850000,125.000000,1.01,0,1,1,0,1,0,0,0,1,0.064,1,0.0372127
0.850000,125.000000,1.01,0,1,1,0,1,0,0,0,1,0.128,1,0.0391062
0.850000,125.000000,1.01,0,1,1,0,1,0,0,0,1,0.256,1,0.0430607
0.850000,125.000000,1.01,0,1,1,0,1,0,0,0,1,0.512,1,0.0519101
0.850000,125.000000,1.01,0,1,1,0,1,0,0,0,1,1.024,1,0.0715282
0.850000,125.000000,1.01,0,1,1,0,1,0,0,0,1,0.016,2, 0.0552694
0.850000,125.000000,1.01,0,1,1,0,1,0,0,0,1,0.032,2,0.0556634
0.850000,125.000000,1.01,0,1,1,0,1,0,0,0,1,0.064,2,0.0564716
0.850000,125.000000,1.01,0,1,1,0,1,0,0,0,1,0.128,2,0.0583785
0.850000,125.000000,1.01,0,1,1,0,1,0,0,0,1,0.256,2,0.0615274
0.850000,125.000000,1.01,0,1,1,0,1,0,0,0,1,0.512,2,0.0699847
0.850000,125.000000,1.01,0,1,1,0,1,0,0,0,1,1.024,2,0.0878536
0.850000,125.000000,1.01,0,1,1,0,1,0,0,0,1,0.016,4, 0.0904103
0.850000,125.000000,1.01,0,1,1,0,1,0,0,0,1,0.032,4,0.0908366
0.850000,125.000000,1.01,0,1,1,0,1,0,0,0,1,0.064,4,0.0916792
0.850000,125.000000,1.01,0,1,1,0,1,0,0,0,1,0.128,4,0.0932679
0.850000,125.000000,1.01,0,1,1,0,1,0,0,0,1,0.256,4,0.0964827
0.850000,125.000000,1.01,0,1,1,0,1,0,0,0,1,0.512,4,0.1048334
0.850000,125.000000,1.01,0,1,1,0,1,0,0,0,1,1.024,4,0.1221899
0.850000,125.000000,1.01,0,1,1,0,1,0,0,0,1,0.016,8, 0.1566604
0.850000,125.000000,1.01,0,1,1,0,1,0,0,0,1,0.032,8,0.1571436
0.850000,125.000000,1.01,0,1,1,0,1,0,0,0,1,0.064,8,0.1580139
0.850000,125.000000,1.01,0,1,1,0,1,0,0,0,1,0.128,8,0.1591470
0.850000,125.000000,1.01,0,1,1,0,1,0,0,0,1,0.256,8,0.1627173
0.850000,125.000000,1.01,0,1,1,0,1,0,0,0,1,0.512,8,0.1695630
0.850000,125.000000,1.01,0,1,1,0,1,0,0,0,1,1.024,8,0.1867783
0.850000,125.000000,1.01,0,1,1,1,0,1,0,0,0,0.016,0.1,0.0569255
0.850000,125.000000,1.01,0,1,1,1,0,1,0,0,0,0.032,0.1,0.0578816
0.850000,125.000000,1.01,0,1,1,1,0,1,0,0,0,0.064,0.1,0.0594099
0.850000,125.000000,1.01,0,1,1,1,0,1,0,0,0,0.128,0.1,0.0622568
0.850000,125.000000,1.01,0,1,1,1,0,1,0,0,0,0.256,0.1,0.0674362
0.850000,125.000000,1.01,0,1,1,1,0,1,0,0,0,0.512,0.1,0.0765049
0.850000,125.000000,1.01,0,1,1,1,0,1,0,0,0,1.024,0.1,0.0924817
0.850000,125.000000,1.01,0,1,1,1,0,1,0,0,0,0.016,0.25, 0.0610088
0.850000,125.000000,1.01,0,1,1,1,0,1,0,0,0,0.032,0.25,0.0619384
0.850000,125.000000,1.01,0,1,1,1,0,1,0,0,0,0.064,0.25,0.0634647
0.850000,125.000000,1.01,0,1,1,1,0,1,0,0,0,0.128,0.25,0.0663079
0.850000,125.000000,1.01,0,1,1,1,0,1,0,0,0,0.256,0.25,0.0714689
0.850000,125.000000,1.01,0,1,1,1,0,1,0,0,0,0.512,0.25,0.0805533
0.850000,125.000000,1.01,0,1,1,1,0,1,0,0,0,1.024,0.25,0.0964676
0.850000,125.000000,1.01,0,1,1,1,0,1,0,0,0,0.016,0.5, 0.0676463
0.850000,125.000000,1.01,0,1,1,1,0,1,0,0,0,0.032,0.5,0.0685898
0.850000,125.000000,1.01,0,1,1,1,0,1,0,0,0,0.064,0.5,0.0700905
0.850000,125.000000,1.01,0,1,1,1,0,1,0,0,0,0.128,0.5,0.0729008
0.850000,125.000000,1.01,0,1,1,1,0,1,0,0,0,0.256,0.5,0.0779890
0.850000,125.000000,1.01,0,1,1,1,0,1,0,0,0,0.512,0.5,0.0869813
0.850000,125.000000,1.01,0,1,1,1,0,1,0,0,0,1.024,0.5,0.1029175
0.850000,125.000000,1.01,0,1,1,1,0,1,0,0,0,0.016,1, 0.0793969
0.850000,125.000000,1.01,0,1,1,1,0,1,0,0,0,0.032,1,0.0803453
0.850000,125.000000,1.01,0,1,1,1,0,1,0,0,0,0.064,1,0.0818688
0.850000,125.000000,1.01,0,1,1,1,0,1,0,0,0,0.128,1,0.0846892
0.850000,125.000000,1.01,0,1,1,1,0,1,0,0,0,0.256,1,0.0897955
0.850000,125.000000,1.01,0,1,1,1,0,1,0,0,0,0.512,1,0.0987919
0.850000,125.000000,1.01,0,1,1,1,0,1,0,0,0,1.024,1,0.1147297
0.850000,125.000000,1.01,0,1,1,1,0,1,0,0,0,0.016,2, 0.0989276
0.850000,125.000000,1.01,0,1,1,1,0,1,0,0,0,0.032,2,0.0999252
0.850000,125.000000,1.01,0,1,1,1,0,1,0,0,0,0.064,2,0.1016441
0.850000,125.000000,1.01,0,1,1,1,0,1,0,0,0,0.128,2,0.1045537
0.850000,125.000000,1.01,0,1,1,1,0,1,0,0,0,0.256,2,0.1097127
0.850000,125.000000,1.01,0,1,1,1,0,1,0,0,0,0.512,2,0.1189041
0.850000,125.000000,1.01,0,1,1,1,0,1,0,0,0,1.024,2,0.1348940
0.850000,125.000000,1.01,0,1,1,1,0,1,0,0,0,0.016,4, 0.1311601
0.850000,125.000000,1.01,0,1,1,1,0,1,0,0,0,0.032,4,0.1321963
0.850000,125.000000,1.01,0,1,1,1,0,1,0,0,0,0.064,4,0.1338624
0.850000,125.000000,1.01,0,1,1,1,0,1,0,0,0,0.128,4,0.1369997
0.850000,125.000000,1.01,0,1,1,1,0,1,0,0,0,0.256,4,0.1429117
0.850000,125.000000,1.01,0,1,1,1,0,1,0,0,0,0.512,4,0.1527542
0.850000,125.000000,1.01,0,1,1,1,0,1,0,0,0,1.024,4,0.1696778
0.850000,125.000000,1.01,0,1,1,1,0,1,0,0,0,0.016,8, 0.1851033
0.850000,125.000000,1.01,0,1,1,1,0,1,0,0,0,0.032,8,0.1861803
0.850000,125.000000,1.01,0,1,1,1,0,1,0,0,0,0.064,8,0.1881661
0.850000,125.000000,1.01,0,1,1,1,0,1,0,0,0,0.128,8,0.1916664
0.850000,125.000000,1.01,0,1,1,1,0,1,0,0,0,0.256,8,0.1977701
0.850000,125.000000,1.01,0,1,1,1,0,1,0,0,0,0.512,8,0.2088814
0.850000,125.000000,1.01,0,1,1,1,0,1,0,0,0,1.024,8,0.2283867
0.850000,125.000000,1.01,0,1,1,1,0,0,1,0,0,0.016,0.1,0.0251189
0.850000,125.000000,1.01,0,1,1,1,0,0,1,0,0,0.032,0.1,0.0257125
0.850000,125.000000,1.01,0,1,1,1,0,0,1,0,0,0.064,0.1,0.0268388
0.850000,125.000000,1.01,0,1,1,1,0,0,1,0,0,0.128,0.1,0.0291643
0.850000,125.000000,1.01,0,1,1,1,0,0,1,0,0,0.256,0.1,0.0336731
0.850000,125.000000,1.01,0,1,1,1,0,0,1,0,0,0.512,0.1,0.0429352
0.850000,125.000000,1.01,0,1,1,1,0,0,1,0,0,1.024,0.1,0.0622122
0.850000,125.000000,1.01,0,1,1,1,0,0,1,0,0,0.016,0.25, 0.0251052
0.850000,125.000000,1.01,0,1,1,1,0,0,1,0,0,0.032,0.25,0.0257797
0.850000,125.000000,1.01,0,1,1,1,0,0,1,0,0,0.064,0.25,0.0268695
0.850000,125.000000,1.01,0,1,1,1,0,0,1,0,0,0.128,0.25,0.0291067
0.850000,125.000000,1.01,0,1,1,1,0,0,1,0,0,0.256,0.25,0.0337759
0.850000,125.000000,1.01,0,1,1,1,0,0,1,0,0,0.512,0.25,0.0430974
0.850000,125.000000,1.01,0,1,1,1,0,0,1,0,0,1.024,0.25,0.0623246
0.850000,125.000000,1.01,0,1,1,1,0,0,1,0,0,0.016,0.5, 0.0255897
0.850000,125.000000,1.01,0,1,1,1,0,0,1,0,0,0.032,0.5,0.0262364
0.850000,125.000000,1.01,0,1,1,1,0,0,1,0,0,0.064,0.5,0.0272983
0.850000,125.000000,1.01,0,1,1,1,0,0,1,0,0,0.128,0.5,0.0294960
0.850000,125.000000,1.01,0,1,1,1,0,0,1,0,0,0.256,0.5,0.0340982
0.850000,125.000000,1.01,0,1,1,1,0,0,1,0,0,0.512,0.5,0.0434971
0.850000,125.000000,1.01,0,1,1,1,0,0,1,0,0,1.024,0.5,0.0625922
0.850000,125.000000,1.01,0,1,1,1,0,0,1,0,0,0.016,1, 0.0279019
0.850000,125.000000,1.01,0,1,1,1,0,0,1,0,0,0.032,1,0.0285529
0.850000,125.000000,1.01,0,1,1,1,0,0,1,0,0,0.064,1,0.0296154
0.850000,125.000000,1.01,0,1,1,1,0,0,1,0,0,0.128,1,0.0317757
0.850000,125.000000,1.01,0,1,1,1,0,0,1,0,0,0.256,1,0.0359661
0.850000,125.000000,1.01,0,1,1,1,0,0,1,0,0,0.512,1,0.0450601
0.850000,125.000000,1.01,0,1,1,1,0,0,1,0,0,1.024,1,0.0638544
0.850000,125.000000,1.01,0,1,1,1,0,0,1,0,0,0.016,2, 0.0333650
0.850000,125.000000,1.01,0,1,1,1,0,0,1,0,0,0.032,2,0.0342490
0.850000,125.000000,1.01,0,1,1,1,0,0,1,0,0,0.064,2,0.0357088
0.850000,125.000000,1.01,0,1,1,1,0,0,1,0,0,0.128,2,0.0377160
0.850000,125.000000,1.01,0,1,1,1,0,0,1,0,0,0.256,2,0.0414050
0.850000,125.000000,1.01,0,1,1,1,0,0,1,0,0,0.512,2,0.0501619
0.850000,125.000000,1.01,0,1,1,1,0,0,1,0,0,1.024,2,0.0678475
0.850000,125.000000,1.01,0,1,1,1,0,0,1,0,0,0.016,4, 0.0463476
0.850000,125.000000,1.01,0,1,1,1,0,0,1,0,0,0.032,4,0.0468566
0.850000,125.000000,1.01,0,1,1,1,0,0,1,0,0,0.064,4,0.0477488
0.850000,125.000000,1.01,0,1,1,1,0,0,1,0,0,0.128,4,0.0495843
0.850000,125.000000,1.01,0,1,1,1,0,0,1,0,0,0.256,4,0.0539635
0.850000,125.000000,1.01,0,1,1,1,0,0,1,0,0,0.512,4,0.0621459
0.850000,125.000000,1.01,0,1,1,1,0,0,1,0,0,1.024,4,0.0786917
0.850000,125.000000,1.01,0,1,1,1,0,0,1,0,0,0.016,8, 0.0696124
0.850000,125.000000,1.01,0,1,1,1,0,0,1,0,0,0.032,8,0.0700964
0.850000,125.000000,1.01,0,1,1,1,0,0,1,0,0,0.064,8,0.0713073
0.850000,125.000000,1.01,0,1,1,1,0,0,1,0,0,0.128,8,0.0732885
0.850000,125.000000,1.01,0,1,1,1,0,0,1,0,0,0.256,8,0.0770886
0.850000,125.000000,1.01,0,1,1,1,0,0,1,0,0,0.512,8,0.0860815
0.850000,125.000000,1.01,0,1,1,1,0,0,1,0,0,1.024,8,0.1022719
0.850000,125.000000,1.01,0,1,1,1,0,0,0,1,0,0.016,0.1,0.0532492
0.850000,125.000000,1.01,0,1,1,1,0,0,0,1,0,0.032,0.1,0.0542328
0.850000,125.000000,1.01,0,1,1,1,0,0,0,1,0,0.064,0.1,0.0559260
0.850000,125.000000,1.01,0,1,1,1,0,0,0,1,0,0.128,0.1,0.0590042
0.850000,125.000000,1.01,0,1,1,1,0,0,0,1,0,0.256,0.1,0.0644547
0.850000,125.000000,1.01,0,1,1,1,0,0,0,1,0,0.512,0.1,0.0741028
0.850000,125.000000,1.01,0,1,1,1,0,0,0,1,0,1.024,0.1,0.0911307
0.850000,125.000000,1.01,0,1,1,1,0,0,0,1,0,0.016,0.25, 0.0550202
0.850000,125.000000,1.01,0,1,1,1,0,0,0,1,0,0.032,0.25,0.0560353
0.850000,125.000000,1.01,0,1,1,1,0,0,0,1,0,0.064,0.25,0.0576697
0.850000,125.000000,1.01,0,1,1,1,0,0,0,1,0,0.128,0.25,0.0607239
0.850000,125.000000,1.01,0,1,1,1,0,0,0,1,0,0.256,0.25,0.0661871
0.850000,125.000000,1.01,0,1,1,1,0,0,0,1,0,0.512,0.25,0.0758515
0.850000,125.000000,1.01,0,1,1,1,0,0,0,1,0,1.024,0.25,0.0928750
0.850000,125.000000,1.01,0,1,1,1,0,0,0,1,0,0.016,0.5, 0.0565373
0.850000,125.000000,1.01,0,1,1,1,0,0,0,1,0,0.032,0.5,0.0575596
0.850000,125.000000,1.01,0,1,1,1,0,0,0,1,0,0.064,0.5,0.0592031
0.850000,125.000000,1.01,0,1,1,1,0,0,0,1,0,0.128,0.5,0.0622667
0.850000,125.000000,1.01,0,1,1,1,0,0,0,1,0,0.256,0.5,0.0677356
0.850000,125.000000,1.01,0,1,1,1,0,0,0,1,0,0.512,0.5,0.0772565
0.850000,125.000000,1.01,0,1,1,1,0,0,0,1,0,1.024,0.5,0.0941826
0.850000,125.000000,1.01,0,1,1,1,0,0,0,1,0,0.016,1, 0.0567505
0.850000,125.000000,1.01,0,1,1,1,0,0,0,1,0,0.032,1,0.0577701
0.850000,125.000000,1.01,0,1,1,1,0,0,0,1,0,0.064,1,0.0595039
0.850000,125.000000,1.01,0,1,1,1,0,0,0,1,0,0.128,1,0.0625226
0.850000,125.000000,1.01,0,1,1,1,0,0,0,1,0,0.256,1,0.0680533
0.850000,125.000000,1.01,0,1,1,1,0,0,0,1,0,0.512,1,0.0775830
0.850000,125.000000,1.01,0,1,1,1,0,0,0,1,0,1.024,1,0.0945362
0.850000,125.000000,1.01,0,1,1,1,0,0,0,1,0,0.016,2, 0.0532350
0.850000,125.000000,1.01,0,1,1,1,0,0,0,1,0,0.032,2,0.0542913
0.850000,125.000000,1.01,0,1,1,1,0,0,0,1,0,0.064,2,0.0558811
0.850000,125.000000,1.01,0,1,1,1,0,0,0,1,0,0.128,2,0.0591912
0.850000,125.000000,1.01,0,1,1,1,0,0,0,1,0,0.256,2,0.0648437
0.850000,125.000000,1.01,0,1,1,1,0,0,0,1,0,0.512,2,0.0746626
0.850000,125.000000,1.01,0,1,1,1,0,0,0,1,0,1.024,2,0.0918679
0.850000,125.000000,1.01,0,1,1,1,0,0,0,1,0,0.016,4, 0.0414053
0.850000,125.000000,1.01,0,1,1,1,0,0,0,1,0,0.032,4,0.0424965
0.850000,125.000000,1.01,0,1,1,1,0,0,0,1,0,0.064,4,0.0442362
0.850000,125.000000,1.01,0,1,1,1,0,0,0,1,0,0.128,4,0.0477162
0.850000,125.000000,1.01,0,1,1,1,0,0,0,1,0,0.256,4,0.0539550
0.850000,125.000000,1.01,0,1,1,1,0,0,0,1,0,0.512,4,0.0645381
0.850000,125.000000,1.01,0,1,1,1,0,0,0,1,0,1.024,4,0.0826432
0.850000,125.000000,1.01,0,1,1,1,0,0,0,1,0,0.016,8, 0.0109414
0.850000,125.000000,1.01,0,1,1,1,0,0,0,1,0,0.032,8,0.0120853
0.850000,125.000000,1.01,0,1,1,1,0,0,0,1,0,0.064,8,0.0139728
0.850000,125.000000,1.01,0,1,1,1,0,0,0,1,0,0.128,8,0.0177005
0.850000,125.000000,1.01,0,1,1,1,0,0,0,1,0,0.256,8,0.0244940
0.850000,125.000000,1.01,0,1,1,1,0,0,0,1,0,0.512,8,0.0366687
0.850000,125.000000,1.01,0,1,1,1,0,0,0,1,0,1.024,8,0.0573906
0.850000,125.000000,1.01,0,1,1,1,0,0,0,0,1,0.016,0.1,0.0213024
0.850000,125.000000,1.01,0,1,1,1,0,0,0,0,1,0.032,0.1,0.0220070
0.850000,125.000000,1.01,0,1,1,1,0,0,0,0,1,0.064,0.1,0.0231883
0.850000,125.000000,1.01,0,1,1,1,0,0,0,0,1,0.128,0.1,0.0255703
0.850000,125.000000,1.01,0,1,1,1,0,0,0,0,1,0.256,0.1,0.0305878
0.850000,125.000000,1.01,0,1,1,1,0,0,0,0,1,0.512,0.1,0.0410532
0.850000,125.000000,1.01,0,1,1,1,0,0,0,0,1,1.024,0.1,0.0631400
0.850000,125.000000,1.01,0,1,1,1,0,0,0,0,1,0.016,0.25, 0.0215176
0.850000,125.000000,1.01,0,1,1,1,0,0,0,0,1,0.032,0.25,0.0221847
0.850000,125.000000,1.01,0,1,1,1,0,0,0,0,1,0.064,0.25,0.0232590
0.850000,125.000000,1.01,0,1,1,1,0,0,0,0,1,0.128,0.25,0.0257407
0.850000,125.000000,1.01,0,1,1,1,0,0,0,0,1,0.256,0.25,0.0307292
0.850000,125.000000,1.01,0,1,1,1,0,0,0,0,1,0.512,0.25,0.0411227
0.850000,125.000000,1.01,0,1,1,1,0,0,0,0,1,1.024,0.25,0.0631183
0.850000,125.000000,1.01,0,1,1,1,0,0,0,0,1,0.016,0.5, 0.0220288
0.850000,125.000000,1.01,0,1,1,1,0,0,0,0,1,0.032,0.5,0.0227034
0.850000,125.000000,1.01,0,1,1,1,0,0,0,0,1,0.064,0.5,0.0238159
0.850000,125.000000,1.01,0,1,1,1,0,0,0,0,1,0.128,0.5,0.0261287
0.850000,125.000000,1.01,0,1,1,1,0,0,0,0,1,0.256,0.5,0.0310727
0.850000,125.000000,1.01,0,1,1,1,0,0,0,0,1,0.512,0.5,0.0412922
0.850000,125.000000,1.01,0,1,1,1,0,0,0,0,1,1.024,0.5,0.0634471
0.850000,125.000000,1.01,0,1,1,1,0,0,0,0,1,0.016,1, 0.0239627
0.850000,125.000000,1.01,0,1,1,1,0,0,0,0,1,0.032,1,0.0245998
0.850000,125.000000,1.01,0,1,1,1,0,0,0,0,1,0.064,1,0.0257558
0.850000,125.000000,1.01,0,1,1,1,0,0,0,0,1,0.128,1,0.0277834
0.850000,125.000000,1.01,0,1,1,1,0,0,0,0,1,0.256,1,0.0325803
0.850000,125.000000,1.01,0,1,1,1,0,0,0,0,1,0.512,1,0.0427280
0.850000,125.000000,1.01,0,1,1,1,0,0,0,0,1,1.024,1,0.0644309
0.850000,125.000000,1.01,0,1,1,1,0,0,0,0,1,0.016,2, 0.0289178
0.850000,125.000000,1.01,0,1,1,1,0,0,0,0,1,0.032,2,0.0294292
0.850000,125.000000,1.01,0,1,1,1,0,0,0,0,1,0.064,2,0.0303463
0.850000,125.000000,1.01,0,1,1,1,0,0,0,0,1,0.128,2,0.0326976
0.850000,125.000000,1.01,0,1,1,1,0,0,0,0,1,0.256,2,0.0375078
0.850000,125.000000,1.01,0,1,1,1,0,0,0,0,1,0.512,2,0.0468213
0.850000,125.000000,1.01,0,1,1,1,0,0,0,0,1,1.024,2,0.0675039
0.850000,125.000000,1.01,0,1,1,1,0,0,0,0,1,0.016,4, 0.0410928
0.850000,125.000000,1.01,0,1,1,1,0,0,0,0,1,0.032,4,0.0415801
0.850000,125.000000,1.01,0,1,1,1,0,0,0,0,1,0.064,4,0.0424295
0.850000,125.000000,1.01,0,1,1,1,0,0,0,0,1,0.128,4,0.0448832
0.850000,125.000000,1.01,0,1,1,1,0,0,0,0,1,0.256,4,0.0493449
0.850000,125.000000,1.01,0,1,1,1,0,0,0,0,1,0.512,4,0.0577235
0.850000,125.000000,1.01,0,1,1,1,0,0,0,0,1,1.024,4,0.0764622
0.850000,125.000000,1.01,0,1,1,1,0,0,0,0,1,0.016,8, 0.0651417
0.850000,125.000000,1.01,0,1,1,1,0,0,0,0,1,0.032,8,0.0655174
0.850000,125.000000,1.01,0,1,1,1,0,0,0,0,1,0.064,8,0.0662266
0.850000,125.000000,1.01,0,1,1,1,0,0,0,0,1,0.128,8,0.0679490
0.850000,125.000000,1.01,0,1,1,1,0,0,0,0,1,0.256,8,0.0719147
0.850000,125.000000,1.01,0,1,1,1,0,0,0,0,1,0.512,8,0.0817208
0.850000,125.000000,1.01,0,1,1,1,0,0,0,0,1,1.024,8,0.0987402
0.750000,-40.000000,0.99,1,0,1,1,0,1,0,0,0,0.016,0.1,0.2460717
0.750000,-40.000000,0.99,1,0,1,1,0,1,0,0,0,0.032,0.1,0.2505647
0.750000,-40.000000,0.99,1,0,1,1,0,1,0,0,0,0.064,0.1,0.2573467
0.750000,-40.000000,0.99,1,0,1,1,0,1,0,0,0,0.128,0.1,0.2691931
0.750000,-40.000000,0.99,1,0,1,1,0,1,0,0,0,0.256,0.1,0.2891716
0.750000,-40.000000,0.99,1,0,1,1,0,1,0,0,0,0.512,0.1,0.3236791
0.750000,-40.000000,0.99,1,0,1,1,0,1,0,0,0,1.024,0.1,0.3842059
0.750000,-40.000000,0.99,1,0,1,1,0,1,0,0,0,0.016,0.25, 0.2577329
0.750000,-40.000000,0.99,1,0,1,1,0,1,0,0,0,0.032,0.25,0.2622106
0.750000,-40.000000,0.99,1,0,1,1,0,1,0,0,0,0.064,0.25,0.2689642
0.750000,-40.000000,0.99,1,0,1,1,0,1,0,0,0,0.128,0.25,0.2807813
0.750000,-40.000000,0.99,1,0,1,1,0,1,0,0,0,0.256,0.25,0.3006875
0.750000,-40.000000,0.99,1,0,1,1,0,1,0,0,0,0.512,0.25,0.3351365
0.750000,-40.000000,0.99,1,0,1,1,0,1,0,0,0,1.024,0.25,0.3958765
0.750000,-40.000000,0.99,1,0,1,1,0,1,0,0,0,0.016,0.5, 0.2811202
0.750000,-40.000000,0.99,1,0,1,1,0,1,0,0,0,0.032,0.5,0.2855771
0.750000,-40.000000,0.99,1,0,1,1,0,1,0,0,0,0.064,0.5,0.2923382
0.750000,-40.000000,0.99,1,0,1,1,0,1,0,0,0,0.128,0.5,0.3041145
0.750000,-40.000000,0.99,1,0,1,1,0,1,0,0,0,0.256,0.5,0.3243407
0.750000,-40.000000,0.99,1,0,1,1,0,1,0,0,0,0.512,0.5,0.3582945
0.750000,-40.000000,0.99,1,0,1,1,0,1,0,0,0,1.024,0.5,0.4197637
0.750000,-40.000000,0.99,1,0,1,1,0,1,0,0,0,0.016,1, 0.3282212
0.750000,-40.000000,0.99,1,0,1,1,0,1,0,0,0,0.032,1,0.3326948
0.750000,-40.000000,0.99,1,0,1,1,0,1,0,0,0,0.064,1,0.3395246
0.750000,-40.000000,0.99,1,0,1,1,0,1,0,0,0,0.128,1,0.3514264
0.750000,-40.000000,0.99,1,0,1,1,0,1,0,0,0,0.256,1,0.3713209
0.750000,-40.000000,0.99,1,0,1,1,0,1,0,0,0,0.512,1,0.4055020
0.750000,-40.000000,0.99,1,0,1,1,0,1,0,0,0,1.024,1,0.4669175
0.750000,-40.000000,0.99,1,0,1,1,0,1,0,0,0,0.016,2, 0.4226051
0.750000,-40.000000,0.99,1,0,1,1,0,1,0,0,0,0.032,2,0.4270929
0.750000,-40.000000,0.99,1,0,1,1,0,1,0,0,0,0.064,2,0.4338668
0.750000,-40.000000,0.99,1,0,1,1,0,1,0,0,0,0.128,2,0.4457632
0.750000,-40.000000,0.99,1,0,1,1,0,1,0,0,0,0.256,2,0.4658379
0.750000,-40.000000,0.99,1,0,1,1,0,1,0,0,0,0.512,2,0.5000198
0.750000,-40.000000,0.99,1,0,1,1,0,1,0,0,0,1.024,2,0.5610352
0.750000,-40.000000,0.99,1,0,1,1,0,1,0,0,0,0.016,4, 0.6015177
0.750000,-40.000000,0.99,1,0,1,1,0,1,0,0,0,0.032,4,0.6059587
0.750000,-40.000000,0.99,1,0,1,1,0,1,0,0,0,0.064,4,0.6128789
0.750000,-40.000000,0.99,1,0,1,1,0,1,0,0,0,0.128,4,0.6249417
0.750000,-40.000000,0.99,1,0,1,1,0,1,0,0,0,0.256,4,0.6450603
0.750000,-40.000000,0.99,1,0,1,1,0,1,0,0,0,0.512,4,0.6791824
0.750000,-40.000000,0.99,1,0,1,1,0,1,0,0,0,1.024,4,0.7402352
0.750000,-40.000000,0.99,1,0,1,1,0,1,0,0,0,0.016,8, 0.9106475
0.750000,-40.000000,0.99,1,0,1,1,0,1,0,0,0,0.032,8,0.9155959
0.750000,-40.000000,0.99,1,0,1,1,0,1,0,0,0,0.064,8,0.9231796
0.750000,-40.000000,0.99,1,0,1,1,0,1,0,0,0,0.128,8,0.9360485
0.750000,-40.000000,0.99,1,0,1,1,0,1,0,0,0,0.256,8,0.9577806
0.750000,-40.000000,0.99,1,0,1,1,0,1,0,0,0,0.512,8,0.9932967
0.750000,-40.000000,0.99,1,0,1,1,0,1,0,0,0,1.024,8,1.0553969
0.750000,-40.000000,0.99,1,0,1,1,0,0,1,0,0,0.016,0.1,0.0711923
0.750000,-40.000000,0.99,1,0,1,1,0,0,1,0,0,0.032,0.1,0.0753208
0.750000,-40.000000,0.99,1,0,1,1,0,0,1,0,0,0.064,0.1,0.0819612
0.750000,-40.000000,0.99,1,0,1,1,0,0,1,0,0,0.128,0.1,0.0948541
0.750000,-40.000000,0.99,1,0,1,1,0,0,1,0,0,0.256,0.1,0.1198466
0.750000,-40.000000,0.99,1,0,1,1,0,0,1,0,0,0.512,0.1,0.1694918
0.750000,-40.000000,0.99,1,0,1,1,0,0,1,0,0,1.024,0.1,0.2746340
0.750000,-40.000000,0.99,1,0,1,1,0,0,1,0,0,0.016,0.25, 0.0712968
0.750000,-40.000000,0.99,1,0,1,1,0,0,1,0,0,0.032,0.25,0.0753027
0.750000,-40.000000,0.99,1,0,1,1,0,0,1,0,0,0.064,0.25,0.0820514
0.750000,-40.000000,0.99,1,0,1,1,0,0,1,0,0,0.128,0.25,0.0947092
0.750000,-40.000000,0.99,1,0,1,1,0,0,1,0,0,0.256,0.25,0.1197321
0.750000,-40.000000,0.99,1,0,1,1,0,0,1,0,0,0.512,0.25,0.1699172
0.750000,-40.000000,0.99,1,0,1,1,0,0,1,0,0,1.024,0.25,0.2735912
0.750000,-40.000000,0.99,1,0,1,1,0,0,1,0,0,0.016,0.5, 0.0713600
0.750000,-40.000000,0.99,1,0,1,1,0,0,1,0,0,0.032,0.5,0.0753984
0.750000,-40.000000,0.99,1,0,1,1,0,0,1,0,0,0.064,0.5,0.0820669
0.750000,-40.000000,0.99,1,0,1,1,0,0,1,0,0,0.128,0.5,0.0950672
0.750000,-40.000000,0.99,1,0,1,1,0,0,1,0,0,0.256,0.5,0.1195450
0.750000,-40.000000,0.99,1,0,1,1,0,0,1,0,0,0.512,0.5,0.1697410
0.750000,-40.000000,0.99,1,0,1,1,0,0,1,0,0,1.024,0.5,0.2742425
0.750000,-40.000000,0.99,1,0,1,1,0,0,1,0,0,0.016,1, 0.0715374
0.750000,-40.000000,0.99,1,0,1,1,0,0,1,0,0,0.032,1,0.0754331
0.750000,-40.000000,0.99,1,0,1,1,0,0,1,0,0,0.064,1,0.0818727
0.750000,-40.000000,0.99,1,0,1,1,0,0,1,0,0,0.128,1,0.0947643
0.750000,-40.000000,0.99,1,0,1,1,0,0,1,0,0,0.256,1,0.1196917
0.750000,-40.000000,0.99,1,0,1,1,0,0,1,0,0,0.512,1,0.1701745
0.750000,-40.000000,0.99,1,0,1,1,0,0,1,0,0,1.024,1,0.2743478
0.750000,-40.000000,0.99,1,0,1,1,0,0,1,0,0,0.016,2, 0.0713458
0.750000,-40.000000,0.99,1,0,1,1,0,0,1,0,0,0.032,2,0.0754766
0.750000,-40.000000,0.99,1,0,1,1,0,0,1,0,0,0.064,2,0.0820614
0.750000,-40.000000,0.99,1,0,1,1,0,0,1,0,0,0.128,2,0.0947513
0.750000,-40.000000,0.99,1,0,1,1,0,0,1,0,0,0.256,2,0.1198733
0.750000,-40.000000,0.99,1,0,1,1,0,0,1,0,0,0.512,2,0.1696193
0.750000,-40.000000,0.99,1,0,1,1,0,0,1,0,0,1.024,2,0.2740500
0.750000,-40.000000,0.99,1,0,1,1,0,0,1,0,0,0.016,4, 0.0733842
0.750000,-40.000000,0.99,1,0,1,1,0,0,1,0,0,0.032,4,0.0775271
0.750000,-40.000000,0.99,1,0,1,1,0,0,1,0,0,0.064,4,0.0837282
0.750000,-40.000000,0.99,1,0,1,1,0,0,1,0,0,0.128,4,0.0968683
0.750000,-40.000000,0.99,1,0,1,1,0,0,1,0,0,0.256,4,0.1211010
0.750000,-40.000000,0.99,1,0,1,1,0,0,1,0,0,0.512,4,0.1712678
0.750000,-40.000000,0.99,1,0,1,1,0,0,1,0,0,1.024,4,0.2743987
0.750000,-40.000000,0.99,1,0,1,1,0,0,1,0,0,0.016,8, 0.0899614
0.750000,-40.000000,0.99,1,0,1,1,0,0,1,0,0,0.032,8,0.0932934
0.750000,-40.000000,0.99,1,0,1,1,0,0,1,0,0,0.064,8,0.0987819
0.750000,-40.000000,0.99,1,0,1,1,0,0,1,0,0,0.128,8,0.1097861
0.750000,-40.000000,0.99,1,0,1,1,0,0,1,0,0,0.256,8,0.1326368
0.750000,-40.000000,0.99,1,0,1,1,0,0,1,0,0,0.512,8,0.1801742
0.750000,-40.000000,0.99,1,0,1,1,0,0,1,0,0,1.024,8,0.2813287
0.750000,-40.000000,0.99,1,0,1,1,0,0,0,1,0,0.016,0.1,0.3588056
0.750000,-40.000000,0.99,1,0,1,1,0,0,0,1,0,0.032,0.1,0.3660273
0.750000,-40.000000,0.99,1,0,1,1,0,0,0,1,0,0.064,0.1,0.3765076
0.750000,-40.000000,0.99,1,0,1,1,0,0,0,1,0,0.128,0.1,0.3936605
0.750000,-40.000000,0.99,1,0,1,1,0,0,0,1,0,0.256,0.1,0.4200644
0.750000,-40.000000,0.99,1,0,1,1,0,0,0,1,0,0.512,0.1,0.4575320
0.750000,-40.000000,0.99,1,0,1,1,0,0,0,1,0,1.024,0.1,0.5109973
0.750000,-40.000000,0.99,1,0,1,1,0,0,0,1,0,0.016,0.25, 0.3691855
0.750000,-40.000000,0.99,1,0,1,1,0,0,0,1,0,0.032,0.25,0.3765243
0.750000,-40.000000,0.99,1,0,1,1,0,0,0,1,0,0.064,0.25,0.3869857
0.750000,-40.000000,0.99,1,0,1,1,0,0,0,1,0,0.128,0.25,0.4041394
0.750000,-40.000000,0.99,1,0,1,1,0,0,0,1,0,0.256,0.25,0.4300016
0.750000,-40.000000,0.99,1,0,1,1,0,0,0,1,0,0.512,0.25,0.4678499
0.750000,-40.000000,0.99,1,0,1,1,0,0,0,1,0,1.024,0.25,0.5215535
0.750000,-40.000000,0.99,1,0,1,1,0,0,0,1,0,0.016,0.5, 0.3887338
0.750000,-40.000000,0.99,1,0,1,1,0,0,0,1,0,0.032,0.5,0.3961037
0.750000,-40.000000,0.99,1,0,1,1,0,0,0,1,0,0.064,0.5,0.4065523
0.750000,-40.000000,0.99,1,0,1,1,0,0,0,1,0,0.128,0.5,0.4236981
0.750000,-40.000000,0.99,1,0,1,1,0,0,0,1,0,0.256,0.5,0.4498440
0.750000,-40.000000,0.99,1,0,1,1,0,0,0,1,0,0.512,0.5,0.4874601
0.750000,-40.000000,0.99,1,0,1,1,0,0,0,1,0,1.024,0.5,0.5411709
0.750000,-40.000000,0.99,1,0,1,1,0,0,0,1,0,0.016,1, 0.4248084
0.750000,-40.000000,0.99,1,0,1,1,0,0,0,1,0,0.032,1,0.4321412
0.750000,-40.000000,0.99,1,0,1,1,0,0,0,1,0,0.064,1,0.4426039
0.750000,-40.000000,0.99,1,0,1,1,0,0,0,1,0,0.128,1,0.4598349
0.750000,-40.000000,0.99,1,0,1,1,0,0,0,1,0,0.256,1,0.4859788
0.750000,-40.000000,0.99,1,0,1,1,0,0,0,1,0,0.512,1,0.5237623
0.750000,-40.000000,0.99,1,0,1,1,0,0,0,1,0,1.024,1,0.5773139
0.750000,-40.000000,0.99,1,0,1,1,0,0,0,1,0,0.016,2, 0.4842115
0.750000,-40.000000,0.99,1,0,1,1,0,0,0,1,0,0.032,2,0.4915035
0.750000,-40.000000,0.99,1,0,1,1,0,0,0,1,0,0.064,2,0.5020342
0.750000,-40.000000,0.99,1,0,1,1,0,0,0,1,0,0.128,2,0.5195059
0.750000,-40.000000,0.99,1,0,1,1,0,0,0,1,0,0.256,2,0.5454791
0.750000,-40.000000,0.99,1,0,1,1,0,0,0,1,0,0.512,2,0.5829153
0.750000,-40.000000,0.99,1,0,1,1,0,0,0,1,0,1.024,2,0.6373401
0.750000,-40.000000,0.99,1,0,1,1,0,0,0,1,0,0.016,4, 0.5750993
0.750000,-40.000000,0.99,1,0,1,1,0,0,0,1,0,0.032,4,0.5824556
0.750000,-40.000000,0.99,1,0,1,1,0,0,0,1,0,0.064,4,0.5930969
0.750000,-40.000000,0.99,1,0,1,1,0,0,0,1,0,0.128,4,0.6105469
0.750000,-40.000000,0.99,1,0,1,1,0,0,0,1,0,0.256,4,0.6369627
0.750000,-40.000000,0.99,1,0,1,1,0,0,0,1,0,0.512,4,0.6749609
0.750000,-40.000000,0.99,1,0,1,1,0,0,0,1,0,1.024,4,0.7290359
0.750000,-40.000000,0.99,1,0,1,1,0,0,0,1,0,0.016,8, 0.7154814
0.750000,-40.000000,0.99,1,0,1,1,0,0,0,1,0,0.032,8,0.7230241
0.750000,-40.000000,0.99,1,0,1,1,0,0,0,1,0,0.064,8,0.7339100
0.750000,-40.000000,0.99,1,0,1,1,0,0,0,1,0,0.128,8,0.7518393
0.750000,-40.000000,0.99,1,0,1,1,0,0,0,1,0,0.256,8,0.7793236
0.750000,-40.000000,0.99,1,0,1,1,0,0,0,1,0,0.512,8,0.8186916
0.750000,-40.000000,0.99,1,0,1,1,0,0,0,1,0,1.024,8,0.8739544
0.750000,-40.000000,0.99,1,0,1,1,0,0,0,0,1,0.016,0.1,0.1186058
0.750000,-40.000000,0.99,1,0,1,1,0,0,0,0,1,0.032,0.1,0.1219941
0.750000,-40.000000,0.99,1,0,1,1,0,0,0,0,1,0.064,0.1,0.1271538
0.750000,-40.000000,0.99,1,0,1,1,0,0,0,0,1,0.128,0.1,0.1359935
0.750000,-40.000000,0.99,1,0,1,1,0,0,0,0,1,0.256,0.1,0.1507041
0.750000,-40.000000,0.99,1,0,1,1,0,0,0,0,1,0.512,0.1,0.1751687
0.750000,-40.000000,0.99,1,0,1,1,0,0,0,0,1,1.024,0.1,0.2203775
0.750000,-40.000000,0.99,1,0,1,1,0,0,0,0,1,0.016,0.25, 0.1184466
0.750000,-40.000000,0.99,1,0,1,1,0,0,0,0,1,0.032,0.25,0.1215512
0.750000,-40.000000,0.99,1,0,1,1,0,0,0,0,1,0.064,0.25,0.1266279
0.750000,-40.000000,0.99,1,0,1,1,0,0,0,0,1,0.128,0.25,0.1355722
0.750000,-40.000000,0.99,1,0,1,1,0,0,0,0,1,0.256,0.25,0.1502506
0.750000,-40.000000,0.99,1,0,1,1,0,0,0,0,1,0.512,0.25,0.1750016
0.750000,-40.000000,0.99,1,0,1,1,0,0,0,0,1,1.024,0.25,0.2205690
0.750000,-40.000000,0.99,1,0,1,1,0,0,0,0,1,0.016,0.5, 0.1184970
0.750000,-40.000000,0.99,1,0,1,1,0,0,0,0,1,0.032,0.5,0.1217025
0.750000,-40.000000,0.99,1,0,1,1,0,0,0,0,1,0.064,0.5,0.1267386
0.750000,-40.000000,0.99,1,0,1,1,0,0,0,0,1,0.128,0.5,0.1356376
0.750000,-40.000000,0.99,1,0,1,1,0,0,0,0,1,0.256,0.5,0.1503383
0.750000,-40.000000,0.99,1,0,1,1,0,0,0,0,1,0.512,0.5,0.1748388
0.750000,-40.000000,0.99,1,0,1,1,0,0,0,0,1,1.024,0.5,0.2208263
0.750000,-40.000000,0.99,1,0,1,1,0,0,0,0,1,0.016,1, 0.1184503
0.750000,-40.000000,0.99,1,0,1,1,0,0,0,0,1,0.032,1,0.1216284
0.750000,-40.000000,0.99,1,0,1,1,0,0,0,0,1,0.064,1,0.1266012
0.750000,-40.000000,0.99,1,0,1,1,0,0,0,0,1,0.128,1,0.1350673
0.750000,-40.000000,0.99,1,0,1,1,0,0,0,0,1,0.256,1,0.1503796
0.750000,-40.000000,0.99,1,0,1,1,0,0,0,0,1,0.512,1,0.1748586
0.750000,-40.000000,0.99,1,0,1,1,0,0,0,0,1,1.024,1,0.2210844
0.750000,-40.000000,0.99,1,0,1,1,0,0,0,0,1,0.016,2, 0.1193540
0.750000,-40.000000,0.99,1,0,1,1,0,0,0,0,1,0.032,2,0.1231482
0.750000,-40.000000,0.99,1,0,1,1,0,0,0,0,1,0.064,2,0.1268617
0.750000,-40.000000,0.99,1,0,1,1,0,0,0,0,1,0.128,2,0.1357456
0.750000,-40.000000,0.99,1,0,1,1,0,0,0,0,1,0.256,2,0.1497713
0.750000,-40.000000,0.99,1,0,1,1,0,0,0,0,1,0.512,2,0.1739362
0.750000,-40.000000,0.99,1,0,1,1,0,0,0,0,1,1.024,2,0.2202425
0.750000,-40.000000,0.99,1,0,1,1,0,0,0,0,1,0.016,4, 0.1206136
0.750000,-40.000000,0.99,1,0,1,1,0,0,0,0,1,0.032,4,0.1240420
0.750000,-40.000000,0.99,1,0,1,1,0,0,0,0,1,0.064,4,0.1301023
0.750000,-40.000000,0.99,1,0,1,1,0,0,0,0,1,0.128,4,0.1389823
0.750000,-40.000000,0.99,1,0,1,1,0,0,0,0,1,0.256,4,0.1528083
0.750000,-40.000000,0.99,1,0,1,1,0,0,0,0,1,0.512,4,0.1767641
0.750000,-40.000000,0.99,1,0,1,1,0,0,0,0,1,1.024,4,0.2220888
0.750000,-40.000000,0.99,1,0,1,1,0,0,0,0,1,0.016,8, 0.1240078
0.750000,-40.000000,0.99,1,0,1,1,0,0,0,0,1,0.032,8,0.1276025
0.750000,-40.000000,0.99,1,0,1,1,0,0,0,0,1,0.064,8,0.1340088
0.750000,-40.000000,0.99,1,0,1,1,0,0,0,0,1,0.128,8,0.1431805
0.750000,-40.000000,0.99,1,0,1,1,0,0,0,0,1,0.256,8,0.1565545
0.750000,-40.000000,0.99,1,0,1,1,0,0,0,0,1,0.512,8,0.1813485
0.750000,-40.000000,0.99,1,0,1,1,0,0,0,0,1,1.024,8,0.2270763
0.750000,-40.000000,0.99,0,1,1,0,1,1,0,0,0,0.016,0.1,0.1735884
0.750000,-40.000000,0.99,0,1,1,0,1,1,0,0,0,0.032,0.1,0.1781770
0.750000,-40.000000,0.99,0,1,1,0,1,1,0,0,0,0.064,0.1,0.1849793
0.750000,-40.000000,0.99,0,1,1,0,1,1,0,0,0,0.128,0.1,0.1968696
0.750000,-40.000000,0.99,0,1,1,0,1,1,0,0,0,0.256,0.1,0.2168046
0.750000,-40.000000,0.99,0,1,1,0,1,1,0,0,0,0.512,0.1,0.2509453
0.750000,-40.000000,0.99,0,1,1,0,1,1,0,0,0,1.024,0.1,0.3124010
0.750000,-40.000000,0.99,0,1,1,0,1,1,0,0,0,0.016,0.25, 0.1838722
0.750000,-40.000000,0.99,0,1,1,0,1,1,0,0,0,0.032,0.25,0.1883702
0.750000,-40.000000,0.99,0,1,1,0,1,1,0,0,0,0.064,0.25,0.1951219
0.750000,-40.000000,0.99,0,1,1,0,1,1,0,0,0,0.128,0.25,0.2069137
0.750000,-40.000000,0.99,0,1,1,0,1,1,0,0,0,0.256,0.25,0.2272008
0.750000,-40.000000,0.99,0,1,1,0,1,1,0,0,0,0.512,0.25,0.2612149
0.750000,-40.000000,0.99,0,1,1,0,1,1,0,0,0,1.024,0.25,0.3222357
0.750000,-40.000000,0.99,0,1,1,0,1,1,0,0,0,0.016,0.5, 0.2028535
0.750000,-40.000000,0.99,0,1,1,0,1,1,0,0,0,0.032,0.5,0.2073046
0.750000,-40.000000,0.99,0,1,1,0,1,1,0,0,0,0.064,0.5,0.2141852
0.750000,-40.000000,0.99,0,1,1,0,1,1,0,0,0,0.128,0.5,0.2261141
0.750000,-40.000000,0.99,0,1,1,0,1,1,0,0,0,0.256,0.5,0.2462052
0.750000,-40.000000,0.99,0,1,1,0,1,1,0,0,0,0.512,0.5,0.2805029
0.750000,-40.000000,0.99,0,1,1,0,1,1,0,0,0,1.024,0.5,0.3411503
0.750000,-40.000000,0.99,0,1,1,0,1,1,0,0,0,0.016,1, 0.2397007
0.750000,-40.000000,0.99,0,1,1,0,1,1,0,0,0,0.032,1,0.2442060
0.750000,-40.000000,0.99,0,1,1,0,1,1,0,0,0,0.064,1,0.2509872
0.750000,-40.000000,0.99,0,1,1,0,1,1,0,0,0,0.128,1,0.2628639
0.750000,-40.000000,0.99,0,1,1,0,1,1,0,0,0,0.256,1,0.2830236
0.750000,-40.000000,0.99,0,1,1,0,1,1,0,0,0,0.512,1,0.3170691
0.750000,-40.000000,0.99,0,1,1,0,1,1,0,0,0,1.024,1,0.3781167
0.750000,-40.000000,0.99,0,1,1,0,1,1,0,0,0,0.016,2, 0.3120863
0.750000,-40.000000,0.99,0,1,1,0,1,1,0,0,0,0.032,2,0.3165007
0.750000,-40.000000,0.99,0,1,1,0,1,1,0,0,0,0.064,2,0.3232910
0.750000,-40.000000,0.99,0,1,1,0,1,1,0,0,0,0.128,2,0.3351494
0.750000,-40.000000,0.99,0,1,1,0,1,1,0,0,0,0.256,2,0.3551186
0.750000,-40.000000,0.99,0,1,1,0,1,1,0,0,0,0.512,2,0.3894157
0.750000,-40.000000,0.99,0,1,1,0,1,1,0,0,0,1.024,2,0.4504128
0.750000,-40.000000,0.99,0,1,1,0,1,1,0,0,0,0.016,4, 0.4394330
0.750000,-40.000000,0.99,0,1,1,0,1,1,0,0,0,0.032,4,0.4445554
0.750000,-40.000000,0.99,0,1,1,0,1,1,0,0,0,0.064,4,0.4519745
0.750000,-40.000000,0.99,0,1,1,0,1,1,0,0,0,0.128,4,0.4648113
0.750000,-40.000000,0.99,0,1,1,0,1,1,0,0,0,0.256,4,0.4861046
0.750000,-40.000000,0.99,0,1,1,0,1,1,0,0,0,0.512,4,0.5212590
0.750000,-40.000000,0.99,0,1,1,0,1,1,0,0,0,1.024,4,0.5829612
0.750000,-40.000000,0.99,0,1,1,0,1,1,0,0,0,0.016,8, 0.6328278
0.750000,-40.000000,0.99,0,1,1,0,1,1,0,0,0,0.032,8,0.6389361
0.750000,-40.000000,0.99,0,1,1,0,1,1,0,0,0,0.064,8,0.6478400
0.750000,-40.000000,0.99,0,1,1,0,1,1,0,0,0,0.128,8,0.6631802
0.750000,-40.000000,0.99,0,1,1,0,1,1,0,0,0,0.256,8,0.6877402
0.750000,-40.000000,0.99,0,1,1,0,1,1,0,0,0,0.512,8,0.7271601
0.750000,-40.000000,0.99,0,1,1,0,1,1,0,0,0,1.024,8,0.7919618
0.750000,-40.000000,0.99,0,1,1,0,1,0,1,0,0,0.016,0.1,0.0714592
0.750000,-40.000000,0.99,0,1,1,0,1,0,1,0,0,0.032,0.1,0.0750440
0.750000,-40.000000,0.99,0,1,1,0,1,0,1,0,0,0.064,0.1,0.0818026
0.750000,-40.000000,0.99,0,1,1,0,1,0,1,0,0,0.128,0.1,0.0944920
0.750000,-40.000000,0.99,0,1,1,0,1,0,1,0,0,0.256,0.1,0.1190008
0.750000,-40.000000,0.99,0,1,1,0,1,0,1,0,0,0.512,0.1,0.1698712
0.750000,-40.000000,0.99,0,1,1,0,1,0,1,0,0,1.024,0.1,0.2743116
0.750000,-40.000000,0.99,0,1,1,0,1,0,1,0,0,0.016,0.25, 0.0709944
0.750000,-40.000000,0.99,0,1,1,0,1,0,1,0,0,0.032,0.25,0.0753484
0.750000,-40.000000,0.99,0,1,1,0,1,0,1,0,0,0.064,0.25,0.0818355
0.750000,-40.000000,0.99,0,1,1,0,1,0,1,0,0,0.128,0.25,0.0943627
0.750000,-40.000000,0.99,0,1,1,0,1,0,1,0,0,0.256,0.25,0.1195603
0.750000,-40.000000,0.99,0,1,1,0,1,0,1,0,0,0.512,0.25,0.1698445
0.750000,-40.000000,0.99,0,1,1,0,1,0,1,0,0,1.024,0.25,0.2740848
0.750000,-40.000000,0.99,0,1,1,0,1,0,1,0,0,0.016,0.5, 0.0712596
0.750000,-40.000000,0.99,0,1,1,0,1,0,1,0,0,0.032,0.5,0.0755736
0.750000,-40.000000,0.99,0,1,1,0,1,0,1,0,0,0.064,0.5,0.0817343
0.750000,-40.000000,0.99,0,1,1,0,1,0,1,0,0,0.128,0.5,0.0946190
0.750000,-40.000000,0.99,0,1,1,0,1,0,1,0,0,0.256,0.5,0.1195756
0.750000,-40.000000,0.99,0,1,1,0,1,0,1,0,0,0.512,0.5,0.1697574
0.750000,-40.000000,0.99,0,1,1,0,1,0,1,0,0,1.024,0.5,0.2740232
0.750000,-40.000000,0.99,0,1,1,0,1,0,1,0,0,0.016,1, 0.0712417
0.750000,-40.000000,0.99,0,1,1,0,1,0,1,0,0,0.032,1,0.0752605
0.750000,-40.000000,0.99,0,1,1,0,1,0,1,0,0,0.064,1,0.0819357
0.750000,-40.000000,0.99,0,1,1,0,1,0,1,0,0,0.128,1,0.0946320
0.750000,-40.000000,0.99,0,1,1,0,1,0,1,0,0,0.256,1,0.1196099
0.750000,-40.000000,0.99,0,1,1,0,1,0,1,0,0,0.512,1,0.1696626
0.750000,-40.000000,0.99,0,1,1,0,1,0,1,0,0,1.024,1,0.2742340
0.750000,-40.000000,0.99,0,1,1,0,1,0,1,0,0,0.016,2, 0.0715787
0.750000,-40.000000,0.99,0,1,1,0,1,0,1,0,0,0.032,2,0.0757541
0.750000,-40.000000,0.99,0,1,1,0,1,0,1,0,0,0.064,2,0.0822441
0.750000,-40.000000,0.99,0,1,1,0,1,0,1,0,0,0.128,2,0.0951454
0.750000,-40.000000,0.99,0,1,1,0,1,0,1,0,0,0.256,2,0.1202499
0.750000,-40.000000,0.99,0,1,1,0,1,0,1,0,0,0.512,2,0.1703643
0.750000,-40.000000,0.99,0,1,1,0,1,0,1,0,0,1.024,2,0.2746245
0.750000,-40.000000,0.99,0,1,1,0,1,0,1,0,0,0.016,4, 0.0853356
0.750000,-40.000000,0.99,0,1,1,0,1,0,1,0,0,0.032,4,0.0887510
0.750000,-40.000000,0.99,0,1,1,0,1,0,1,0,0,0.064,4,0.0946429
0.750000,-40.000000,0.99,0,1,1,0,1,0,1,0,0,0.128,4,0.1069301
0.750000,-40.000000,0.99,0,1,1,0,1,0,1,0,0,0.256,4,0.1299893
0.750000,-40.000000,0.99,0,1,1,0,1,0,1,0,0,0.512,4,0.1776565
0.750000,-40.000000,0.99,0,1,1,0,1,0,1,0,0,1.024,4,0.2798284
0.750000,-40.000000,0.99,0,1,1,0,1,0,1,0,0,0.016,8, 0.1156420
0.750000,-40.000000,0.99,0,1,1,0,1,0,1,0,0,0.032,8,0.1192009
0.750000,-40.000000,0.99,0,1,1,0,1,0,1,0,0,0.064,8,0.1246409
0.750000,-40.000000,0.99,0,1,1,0,1,0,1,0,0,0.128,8,0.1360000
0.750000,-40.000000,0.99,0,1,1,0,1,0,1,0,0,0.256,8,0.1580916
0.750000,-40.000000,0.99,0,1,1,0,1,0,1,0,0,0.512,8,0.2032602
0.750000,-40.000000,0.99,0,1,1,0,1,0,1,0,0,1.024,8,0.2983286
0.750000,-40.000000,0.99,0,1,1,0,1,0,0,1,0,0.016,0.1,0.3291538
0.750000,-40.000000,0.99,0,1,1,0,1,0,0,1,0,0.032,0.1,0.3364856
0.750000,-40.000000,0.99,0,1,1,0,1,0,0,1,0,0.064,0.1,0.3470307
0.750000,-40.000000,0.99,0,1,1,0,1,0,0,1,0,0.128,0.1,0.3647132
0.750000,-40.000000,0.99,0,1,1,0,1,0,0,1,0,0.256,0.1,0.3911112
0.750000,-40.000000,0.99,0,1,1,0,1,0,0,1,0,0.512,0.1,0.4292054
0.750000,-40.000000,0.99,0,1,1,0,1,0,0,1,0,1.024,0.1,0.4837721
0.750000,-40.000000,0.99,0,1,1,0,1,0,0,1,0,0.016,0.25, 0.3412499
0.750000,-40.000000,0.99,0,1,1,0,1,0,0,1,0,0.032,0.25,0.3484612
0.750000,-40.000000,0.99,0,1,1,0,1,0,0,1,0,0.064,0.25,0.3590749
0.750000,-40.000000,0.99,0,1,1,0,1,0,0,1,0,0.128,0.25,0.3768237
0.750000,-40.000000,0.99,0,1,1,0,1,0,0,1,0,0.256,0.25,0.4032105
0.750000,-40.000000,0.99,0,1,1,0,1,0,0,1,0,0.512,0.25,0.4413506
0.750000,-40.000000,0.99,0,1,1,0,1,0,0,1,0,1.024,0.25,0.4954425
0.750000,-40.000000,0.99,0,1,1,0,1,0,0,1,0,0.016,0.5, 0.3659751
0.750000,-40.000000,0.99,0,1,1,0,1,0,0,1,0,0.032,0.5,0.3732787
0.750000,-40.000000,0.99,0,1,1,0,1,0,0,1,0,0.064,0.5,0.3838063
0.750000,-40.000000,0.99,0,1,1,0,1,0,0,1,0,0.128,0.5,0.4011614
0.750000,-40.000000,0.99,0,1,1,0,1,0,0,1,0,0.256,0.5,0.4278967
0.750000,-40.000000,0.99,0,1,1,0,1,0,0,1,0,0.512,0.5,0.4658555
0.750000,-40.000000,0.99,0,1,1,0,1,0,0,1,0,1.024,0.5,0.5202512
0.750000,-40.000000,0.99,0,1,1,0,1,0,0,1,0,0.016,1, 0.4161868
0.750000,-40.000000,0.99,0,1,1,0,1,0,0,1,0,0.032,1,0.4235607
0.750000,-40.000000,0.99,0,1,1,0,1,0,0,1,0,0.064,1,0.4342853
0.750000,-40.000000,0.99,0,1,1,0,1,0,0,1,0,0.128,1,0.4515526
0.750000,-40.000000,0.99,0,1,1,0,1,0,0,1,0,0.256,1,0.4783611
0.750000,-40.000000,0.99,0,1,1,0,1,0,0,1,0,0.512,1,0.5162304
0.750000,-40.000000,0.99,0,1,1,0,1,0,0,1,0,1.024,1,0.5706006
0.750000,-40.000000,0.99,0,1,1,0,1,0,0,1,0,0.016,2, 0.5178969
0.750000,-40.000000,0.99,0,1,1,0,1,0,0,1,0,0.032,2,0.5251229
0.750000,-40.000000,0.99,0,1,1,0,1,0,0,1,0,0.064,2,0.5359995
0.750000,-40.000000,0.99,0,1,1,0,1,0,0,1,0,0.128,2,0.5533578
0.750000,-40.000000,0.99,0,1,1,0,1,0,0,1,0,0.256,2,0.5798295
0.750000,-40.000000,0.99,0,1,1,0,1,0,0,1,0,0.512,2,0.6179407
0.750000,-40.000000,0.99,0,1,1,0,1,0,0,1,0,1.024,2,0.6723236
0.750000,-40.000000,0.99,0,1,1,0,1,0,0,1,0,0.016,4, 0.7208892
0.750000,-40.000000,0.99,0,1,1,0,1,0,0,1,0,0.032,4,0.7282129
0.750000,-40.000000,0.99,0,1,1,0,1,0,0,1,0,0.064,4,0.7388982
0.750000,-40.000000,0.99,0,1,1,0,1,0,0,1,0,0.128,4,0.7560973
0.750000,-40.000000,0.99,0,1,1,0,1,0,0,1,0,0.256,4,0.7823103
0.750000,-40.000000,0.99,0,1,1,0,1,0,0,1,0,0.512,4,0.8201633
0.750000,-40.000000,0.99,0,1,1,0,1,0,0,1,0,1.024,4,0.8746392
0.750000,-40.000000,0.99,0,1,1,0,1,0,0,1,0,0.016,8, 1.1228501
0.750000,-40.000000,0.99,0,1,1,0,1,0,0,1,0,0.032,8,1.1303248
0.750000,-40.000000,0.99,0,1,1,0,1,0,0,1,0,0.064,8,1.1411136
0.750000,-40.000000,0.99,0,1,1,0,1,0,0,1,0,0.128,8,1.1588115
0.750000,-40.000000,0.99,0,1,1,0,1,0,0,1,0,0.256,8,1.1855557
0.750000,-40.000000,0.99,0,1,1,0,1,0,0,1,0,0.512,8,1.2239303
0.750000,-40.000000,0.99,0,1,1,0,1,0,0,1,0,1.024,8,1.2785972
0.750000,-40.000000,0.99,0,1,1,0,1,0,0,0,1,0.016,0.1,0.1220082
0.750000,-40.000000,0.99,0,1,1,0,1,0,0,0,1,0.032,0.1,0.1255861
0.750000,-40.000000,0.99,0,1,1,0,1,0,0,0,1,0.064,0.1,0.1306382
0.750000,-40.000000,0.99,0,1,1,0,1,0,0,0,1,0.128,0.1,0.1388437
0.750000,-40.000000,0.99,0,1,1,0,1,0,0,0,1,0.256,0.1,0.1542011
0.750000,-40.000000,0.99,0,1,1,0,1,0,0,0,1,0.512,0.1,0.1785348
0.750000,-40.000000,0.99,0,1,1,0,1,0,0,0,1,1.024,0.1,0.2239280
0.750000,-40.000000,0.99,0,1,1,0,1,0,0,0,1,0.016,0.25, 0.1219227
0.750000,-40.000000,0.99,0,1,1,0,1,0,0,0,1,0.032,0.25,0.1253659
0.750000,-40.000000,0.99,0,1,1,0,1,0,0,0,1,0.064,0.25,0.1306032
0.750000,-40.000000,0.99,0,1,1,0,1,0,0,0,1,0.128,0.25,0.1392820
0.750000,-40.000000,0.99,0,1,1,0,1,0,0,0,1,0.256,0.25,0.1532694
0.750000,-40.000000,0.99,0,1,1,0,1,0,0,0,1,0.512,0.25,0.1784425
0.750000,-40.000000,0.99,0,1,1,0,1,0,0,0,1,1.024,0.25,0.2244574
0.750000,-40.000000,0.99,0,1,1,0,1,0,0,0,1,0.016,0.5, 0.1218699
0.750000,-40.000000,0.99,0,1,1,0,1,0,0,0,1,0.032,0.5,0.1254370
0.750000,-40.000000,0.99,0,1,1,0,1,0,0,0,1,0.064,0.5,0.1307277
0.750000,-40.000000,0.99,0,1,1,0,1,0,0,0,1,0.128,0.5,0.1394410
0.750000,-40.000000,0.99,0,1,1,0,1,0,0,0,1,0.256,0.5,0.1540564
0.750000,-40.000000,0.99,0,1,1,0,1,0,0,0,1,0.512,0.5,0.1782868
0.750000,-40.000000,0.99,0,1,1,0,1,0,0,0,1,1.024,0.5,0.2236480
0.750000,-40.000000,0.99,0,1,1,0,1,0,0,0,1,0.016,1, 0.1217906
0.750000,-40.000000,0.99,0,1,1,0,1,0,0,0,1,0.032,1,0.1254130
0.750000,-40.000000,0.99,0,1,1,0,1,0,0,0,1,0.064,1,0.1303297
0.750000,-40.000000,0.99,0,1,1,0,1,0,0,0,1,0.128,1,0.1394048
0.750000,-40.000000,0.99,0,1,1,0,1,0,0,0,1,0.256,1,0.1539446
0.750000,-40.000000,0.99,0,1,1,0,1,0,0,0,1,0.512,1,0.1782241
0.750000,-40.000000,0.99,0,1,1,0,1,0,0,0,1,1.024,1,0.2245565
0.750000,-40.000000,0.99,0,1,1,0,1,0,0,0,1,0.016,2, 0.1218959
0.750000,-40.000000,0.99,0,1,1,0,1,0,0,0,1,0.032,2,0.1251961
0.750000,-40.000000,0.99,0,1,1,0,1,0,0,0,1,0.064,2,0.1296735
0.750000,-40.000000,0.99,0,1,1,0,1,0,0,0,1,0.128,2,0.1386461
0.750000,-40.000000,0.99,0,1,1,0,1,0,0,0,1,0.256,2,0.1541053
0.750000,-40.000000,0.99,0,1,1,0,1,0,0,0,1,0.512,2,0.1785551
0.750000,-40.000000,0.99,0,1,1,0,1,0,0,0,1,1.024,2,0.2243554
0.750000,-40.000000,0.99,0,1,1,0,1,0,0,0,1,0.016,4, 0.1221899
0.750000,-40.000000,0.99,0,1,1,0,1,0,0,0,1,0.032,4,0.1263747
0.750000,-40.000000,0.99,0,1,1,0,1,0,0,0,1,0.064,4,0.1305639
0.750000,-40.000000,0.99,0,1,1,0,1,0,0,0,1,0.128,4,0.1400906
0.750000,-40.000000,0.99,0,1,1,0,1,0,0,0,1,0.256,4,0.1543467
0.750000,-40.000000,0.99,0,1,1,0,1,0,0,0,1,0.512,4,0.1787398
0.750000,-40.000000,0.99,0,1,1,0,1,0,0,0,1,1.024,4,0.2243006
0.750000,-40.000000,0.99,0,1,1,0,1,0,0,0,1,0.016,8, 0.1336337
0.750000,-40.000000,0.99,0,1,1,0,1,0,0,0,1,0.032,8,0.1359302
0.750000,-40.000000,0.99,0,1,1,0,1,0,0,0,1,0.064,8,0.1399595
0.750000,-40.000000,0.99,0,1,1,0,1,0,0,0,1,0.128,8,0.1470378
0.750000,-40.000000,0.99,0,1,1,0,1,0,0,0,1,0.256,8,0.1593694
0.750000,-40.000000,0.99,0,1,1,0,1,0,0,0,1,0.512,8,0.1825386
0.750000,-40.000000,0.99,0,1,1,0,1,0,0,0,1,1.024,8,0.2268738
0.750000,-40.000000,0.99,0,1,1,1,0,1,0,0,0,0.016,0.1,0.2756986
0.750000,-40.000000,0.99,0,1,1,1,0,1,0,0,0,0.032,0.1,0.2805151
0.750000,-40.000000,0.99,0,1,1,1,0,1,0,0,0,0.064,0.1,0.2876589
0.750000,-40.000000,0.99,0,1,1,1,0,1,0,0,0,0.128,0.1,0.3002467
0.750000,-40.000000,0.99,0,1,1,1,0,1,0,0,0,0.256,0.1,0.3212712
0.750000,-40.000000,0.99,0,1,1,1,0,1,0,0,0,0.512,0.1,0.3574363
0.750000,-40.000000,0.99,0,1,1,1,0,1,0,0,0,1.024,0.1,0.4197008
0.750000,-40.000000,0.99,0,1,1,1,0,1,0,0,0,0.016,0.25, 0.2869894
0.750000,-40.000000,0.99,0,1,1,1,0,1,0,0,0,0.032,0.25,0.2918122
0.750000,-40.000000,0.99,0,1,1,1,0,1,0,0,0,0.064,0.25,0.2989604
0.750000,-40.000000,0.99,0,1,1,1,0,1,0,0,0,0.128,0.25,0.3115146
0.750000,-40.000000,0.99,0,1,1,1,0,1,0,0,0,0.256,0.25,0.3328006
0.750000,-40.000000,0.99,0,1,1,1,0,1,0,0,0,0.512,0.25,0.3686959
0.750000,-40.000000,0.99,0,1,1,1,0,1,0,0,0,1.024,0.25,0.4308859
0.750000,-40.000000,0.99,0,1,1,1,0,1,0,0,0,0.016,0.5, 0.3101784
0.750000,-40.000000,0.99,0,1,1,1,0,1,0,0,0,0.032,0.5,0.3148792
0.750000,-40.000000,0.99,0,1,1,1,0,1,0,0,0,0.064,0.5,0.3220944
0.750000,-40.000000,0.99,0,1,1,1,0,1,0,0,0,0.128,0.5,0.3347854
0.750000,-40.000000,0.99,0,1,1,1,0,1,0,0,0,0.256,0.5,0.3561473
0.750000,-40.000000,0.99,0,1,1,1,0,1,0,0,0,0.512,0.5,0.3916758
0.750000,-40.000000,0.99,0,1,1,1,0,1,0,0,0,1.024,0.5,0.4541920
0.750000,-40.000000,0.99,0,1,1,1,0,1,0,0,0,0.016,1, 0.3584730
0.750000,-40.000000,0.99,0,1,1,1,0,1,0,0,0,0.032,1,0.3632883
0.750000,-40.000000,0.99,0,1,1,1,0,1,0,0,0,0.064,1,0.3705425
0.750000,-40.000000,0.99,0,1,1,1,0,1,0,0,0,0.128,1,0.3829621
0.750000,-40.000000,0.99,0,1,1,1,0,1,0,0,0,0.256,1,0.4044075
0.750000,-40.000000,0.99,0,1,1,1,0,1,0,0,0,0.512,1,0.4398801
0.750000,-40.000000,0.99,0,1,1,1,0,1,0,0,0,1.024,1,0.5024098
0.750000,-40.000000,0.99,0,1,1,1,0,1,0,0,0,0.016,2, 0.4564868
0.750000,-40.000000,0.99,0,1,1,1,0,1,0,0,0,0.032,2,0.4613168
0.750000,-40.000000,0.99,0,1,1,1,0,1,0,0,0,0.064,2,0.4686647
0.750000,-40.000000,0.99,0,1,1,1,0,1,0,0,0,0.128,2,0.4812825
0.750000,-40.000000,0.99,0,1,1,1,0,1,0,0,0,0.256,2,0.5025236
0.750000,-40.000000,0.99,0,1,1,1,0,1,0,0,0,0.512,2,0.5380471
0.750000,-40.000000,0.99,0,1,1,1,0,1,0,0,0,1.024,2,0.6011304
0.750000,-40.000000,0.99,0,1,1,1,0,1,0,0,0,0.016,4, 0.6370191
0.750000,-40.000000,0.99,0,1,1,1,0,1,0,0,0,0.032,4,0.6419023
0.750000,-40.000000,0.99,0,1,1,1,0,1,0,0,0,0.064,4,0.6491114
0.750000,-40.000000,0.99,0,1,1,1,0,1,0,0,0,0.128,4,0.6614713
0.750000,-40.000000,0.99,0,1,1,1,0,1,0,0,0,0.256,4,0.6830575
0.750000,-40.000000,0.99,0,1,1,1,0,1,0,0,0,0.512,4,0.7185587
0.750000,-40.000000,0.99,0,1,1,1,0,1,0,0,0,1.024,4,0.7810665
0.750000,-40.000000,0.99,0,1,1,1,0,1,0,0,0,0.016,8, 0.9474427
0.750000,-40.000000,0.99,0,1,1,1,0,1,0,0,0,0.032,8,0.9521833
0.750000,-40.000000,0.99,0,1,1,1,0,1,0,0,0,0.064,8,0.9595781
0.750000,-40.000000,0.99,0,1,1,1,0,1,0,0,0,0.128,8,0.9723449
0.750000,-40.000000,0.99,0,1,1,1,0,1,0,0,0,0.256,8,0.9935470
0.750000,-40.000000,0.99,0,1,1,1,0,1,0,0,0,0.512,8,1.0295648
0.750000,-40.000000,0.99,0,1,1,1,0,1,0,0,0,1.024,8,1.0919798
0.750000,-40.000000,0.99,0,1,1,1,0,0,1,0,0,0.016,0.1,0.0780304
0.750000,-40.000000,0.99,0,1,1,1,0,0,1,0,0,0.032,0.1,0.0823325
0.750000,-40.000000,0.99,0,1,1,1,0,0,1,0,0,0.064,0.1,0.0893778
0.750000,-40.000000,0.99,0,1,1,1,0,0,1,0,0,0.128,0.1,0.1024799
0.750000,-40.000000,0.99,0,1,1,1,0,0,1,0,0,0.256,0.1,0.1280535
0.750000,-40.000000,0.99,0,1,1,1,0,0,1,0,0,0.512,0.1,0.1780656
0.750000,-40.000000,0.99,0,1,1,1,0,0,1,0,0,1.024,0.1,0.2824239
0.750000,-40.000000,0.99,0,1,1,1,0,0,1,0,0,0.016,0.25, 0.0780578
0.750000,-40.000000,0.99,0,1,1,1,0,0,1,0,0,0.032,0.25,0.0823359
0.750000,-40.000000,0.99,0,1,1,1,0,0,1,0,0,0.064,0.25,0.0894593
0.750000,-40.000000,0.99,0,1,1,1,0,0,1,0,0,0.128,0.25,0.1026697
0.750000,-40.000000,0.99,0,1,1,1,0,0,1,0,0,0.256,0.25,0.1276774
0.750000,-40.000000,0.99,0,1,1,1,0,0,1,0,0,0.512,0.25,0.1780005
0.750000,-40.000000,0.99,0,1,1,1,0,0,1,0,0,1.024,0.25,0.2821194
0.750000,-40.000000,0.99,0,1,1,1,0,0,1,0,0,0.016,0.5, 0.0782618
0.750000,-40.000000,0.99,0,1,1,1,0,0,1,0,0,0.032,0.5,0.0825164
0.750000,-40.000000,0.99,0,1,1,1,0,0,1,0,0,0.064,0.5,0.0893293
0.750000,-40.000000,0.99,0,1,1,1,0,0,1,0,0,0.128,0.5,0.1023032
0.750000,-40.000000,0.99,0,1,1,1,0,0,1,0,0,0.256,0.5,0.1277441
0.750000,-40.000000,0.99,0,1,1,1,0,0,1,0,0,0.512,0.5,0.1784447
0.750000,-40.000000,0.99,0,1,1,1,0,0,1,0,0,1.024,0.5,0.2822288
0.750000,-40.000000,0.99,0,1,1,1,0,0,1,0,0,0.016,1, 0.0781115
0.750000,-40.000000,0.99,0,1,1,1,0,0,1,0,0,0.032,1,0.0824366
0.750000,-40.000000,0.99,0,1,1,1,0,0,1,0,0,0.064,1,0.0893528
0.750000,-40.000000,0.99,0,1,1,1,0,0,1,0,0,0.128,1,0.1025957
0.750000,-40.000000,0.99,0,1,1,1,0,0,1,0,0,0.256,1,0.1280371
0.750000,-40.000000,0.99,0,1,1,1,0,0,1,0,0,0.512,1,0.1785824
0.750000,-40.000000,0.99,0,1,1,1,0,0,1,0,0,1.024,1,0.2819786
0.750000,-40.000000,0.99,0,1,1,1,0,0,1,0,0,0.016,2, 0.0784432
0.750000,-40.000000,0.99,0,1,1,1,0,0,1,0,0,0.032,2,0.0827198
0.750000,-40.000000,0.99,0,1,1,1,0,0,1,0,0,0.064,2,0.0891207
0.750000,-40.000000,0.99,0,1,1,1,0,0,1,0,0,0.128,2,0.1023425
0.750000,-40.000000,0.99,0,1,1,1,0,0,1,0,0,0.256,2,0.1278426
0.750000,-40.000000,0.99,0,1,1,1,0,0,1,0,0,0.512,2,0.1785775
0.750000,-40.000000,0.99,0,1,1,1,0,0,1,0,0,1.024,2,0.2824570
0.750000,-40.000000,0.99,0,1,1,1,0,0,1,0,0,0.016,4, 0.0784366
0.750000,-40.000000,0.99,0,1,1,1,0,0,1,0,0,0.032,4,0.0822718
0.750000,-40.000000,0.99,0,1,1,1,0,0,1,0,0,0.064,4,0.0894469
0.750000,-40.000000,0.99,0,1,1,1,0,0,1,0,0,0.128,4,0.1028303
0.750000,-40.000000,0.99,0,1,1,1,0,0,1,0,0,0.256,4,0.1279394
0.750000,-40.000000,0.99,0,1,1,1,0,0,1,0,0,0.512,4,0.1784288
0.750000,-40.000000,0.99,0,1,1,1,0,0,1,0,0,1.024,4,0.2819625
0.750000,-40.000000,0.99,0,1,1,1,0,0,1,0,0,0.016,8, 0.0802327
0.750000,-40.000000,0.99,0,1,1,1,0,0,1,0,0,0.032,8,0.0845413
0.750000,-40.000000,0.99,0,1,1,1,0,0,1,0,0,0.064,8,0.0911546
0.750000,-40.000000,0.99,0,1,1,1,0,0,1,0,0,0.128,8,0.1043382
0.750000,-40.000000,0.99,0,1,1,1,0,0,1,0,0,0.256,8,0.1289197
0.750000,-40.000000,0.99,0,1,1,1,0,0,1,0,0,0.512,8,0.1797281
0.750000,-40.000000,0.99,0,1,1,1,0,0,1,0,0,1.024,8,0.2834044
0.750000,-40.000000,0.99,0,1,1,1,0,0,0,1,0,0.016,0.1,0.3859404
0.750000,-40.000000,0.99,0,1,1,1,0,0,0,1,0,0.032,0.1,0.3932845
0.750000,-40.000000,0.99,0,1,1,1,0,0,0,1,0,0.064,0.1,0.4037319
0.750000,-40.000000,0.99,0,1,1,1,0,0,0,1,0,0.128,0.1,0.4208785
0.750000,-40.000000,0.99,0,1,1,1,0,0,0,1,0,0.256,0.1,0.4468048
0.750000,-40.000000,0.99,0,1,1,1,0,0,0,1,0,0.512,0.1,0.4845502
0.750000,-40.000000,0.99,0,1,1,1,0,0,0,1,0,1.024,0.1,0.5384996
0.750000,-40.000000,0.99,0,1,1,1,0,0,0,1,0,0.016,0.25, 0.3957168
0.750000,-40.000000,0.99,0,1,1,1,0,0,0,1,0,0.032,0.25,0.4029412
0.750000,-40.000000,0.99,0,1,1,1,0,0,0,1,0,0.064,0.25,0.4136563
0.750000,-40.000000,0.99,0,1,1,1,0,0,0,1,0,0.128,0.25,0.4307413
0.750000,-40.000000,0.99,0,1,1,1,0,0,0,1,0,0.256,0.25,0.4568808
0.750000,-40.000000,0.99,0,1,1,1,0,0,0,1,0,0.512,0.25,0.4944597
0.750000,-40.000000,0.99,0,1,1,1,0,0,0,1,0,1.024,0.25,0.5481600
0.750000,-40.000000,0.99,0,1,1,1,0,0,0,1,0,0.016,0.5, 0.4159944
0.750000,-40.000000,0.99,0,1,1,1,0,0,0,1,0,0.032,0.5,0.4232149
0.750000,-40.000000,0.99,0,1,1,1,0,0,0,1,0,0.064,0.5,0.4336931
0.750000,-40.000000,0.99,0,1,1,1,0,0,0,1,0,0.128,0.5,0.4512134
0.750000,-40.000000,0.99,0,1,1,1,0,0,0,1,0,0.256,0.5,0.4771379
0.750000,-40.000000,0.99,0,1,1,1,0,0,0,1,0,0.512,0.5,0.5143928
0.750000,-40.000000,0.99,0,1,1,1,0,0,0,1,0,1.024,0.5,0.5686585
0.750000,-40.000000,0.99,0,1,1,1,0,0,0,1,0,0.016,1, 0.4553339
0.750000,-40.000000,0.99,0,1,1,1,0,0,0,1,0,0.032,1,0.4625559
0.750000,-40.000000,0.99,0,1,1,1,0,0,0,1,0,0.064,1,0.4730372
0.750000,-40.000000,0.99,0,1,1,1,0,0,0,1,0,0.128,1,0.4904876
0.750000,-40.000000,0.99,0,1,1,1,0,0,0,1,0,0.256,1,0.5164599
0.750000,-40.000000,0.99,0,1,1,1,0,0,0,1,0,0.512,1,0.5537681
0.750000,-40.000000,0.99,0,1,1,1,0,0,0,1,0,1.024,1,0.6079573
0.750000,-40.000000,0.99,0,1,1,1,0,0,0,1,0,0.016,2, 0.5219123
0.750000,-40.000000,0.99,0,1,1,1,0,0,0,1,0,0.032,2,0.5291063
0.750000,-40.000000,0.99,0,1,1,1,0,0,0,1,0,0.064,2,0.5395765
0.750000,-40.000000,0.99,0,1,1,1,0,0,0,1,0,0.128,2,0.5568089
0.750000,-40.000000,0.99,0,1,1,1,0,0,0,1,0,0.256,2,0.5832314
0.750000,-40.000000,0.99,0,1,1,1,0,0,0,1,0,0.512,2,0.6205764
0.750000,-40.000000,0.99,0,1,1,1,0,0,0,1,0,1.024,2,0.6740956
0.750000,-40.000000,0.99,0,1,1,1,0,0,0,1,0,0.016,4, 0.6260904
0.750000,-40.000000,0.99,0,1,1,1,0,0,0,1,0,0.032,4,0.6333286
0.750000,-40.000000,0.99,0,1,1,1,0,0,0,1,0,0.064,4,0.6437567
0.750000,-40.000000,0.99,0,1,1,1,0,0,0,1,0,0.128,4,0.6609624
0.750000,-40.000000,0.99,0,1,1,1,0,0,0,1,0,0.256,4,0.6870898
0.750000,-40.000000,0.99,0,1,1,1,0,0,0,1,0,0.512,4,0.7246312
0.750000,-40.000000,0.99,0,1,1,1,0,0,0,1,0,1.024,4,0.7784485
0.750000,-40.000000,0.99,0,1,1,1,0,0,0,1,0,0.016,8, 0.7841467
0.750000,-40.000000,0.99,0,1,1,1,0,0,0,1,0,0.032,8,0.7914677
0.750000,-40.000000,0.99,0,1,1,1,0,0,0,1,0,0.064,8,0.8019052
0.750000,-40.000000,0.99,0,1,1,1,0,0,0,1,0,0.128,8,0.8191899
0.750000,-40.000000,0.99,0,1,1,1,0,0,0,1,0,0.256,8,0.8460014
0.750000,-40.000000,0.99,0,1,1,1,0,0,0,1,0,0.512,8,0.8836564
0.750000,-40.000000,0.99,0,1,1,1,0,0,0,1,0,1.024,8,0.9373341
0.750000,-40.000000,0.99,0,1,1,1,0,0,0,0,1,0.016,0.1,0.1186709
0.750000,-40.000000,0.99,0,1,1,1,0,0,0,0,1,0.032,0.1,0.1218612
0.750000,-40.000000,0.99,0,1,1,1,0,0,0,0,1,0.064,0.1,0.1270147
0.750000,-40.000000,0.99,0,1,1,1,0,0,0,0,1,0.128,0.1,0.1358796
0.750000,-40.000000,0.99,0,1,1,1,0,0,0,0,1,0.256,0.1,0.1500309
0.750000,-40.000000,0.99,0,1,1,1,0,0,0,0,1,0.512,0.1,0.1751298
0.750000,-40.000000,0.99,0,1,1,1,0,0,0,0,1,1.024,0.1,0.2208918
0.750000,-40.000000,0.99,0,1,1,1,0,0,0,0,1,0.016,0.25, 0.1187073
0.750000,-40.000000,0.99,0,1,1,1,0,0,0,0,1,0.032,0.25,0.1221323
0.750000,-40.000000,0.99,0,1,1,1,0,0,0,0,1,0.064,0.25,0.1273674
0.750000,-40.000000,0.99,0,1,1,1,0,0,0,0,1,0.128,0.25,0.1360786
0.750000,-40.000000,0.99,0,1,1,1,0,0,0,0,1,0.256,0.25,0.1504920
0.750000,-40.000000,0.99,0,1,1,1,0,0,0,0,1,0.512,0.25,0.1748287
0.750000,-40.000000,0.99,0,1,1,1,0,0,0,0,1,1.024,0.25,0.2205961
0.750000,-40.000000,0.99,0,1,1,1,0,0,0,0,1,0.016,0.5, 0.1186810
0.750000,-40.000000,0.99,0,1,1,1,0,0,0,0,1,0.032,0.5,0.1221201
0.750000,-40.000000,0.99,0,1,1,1,0,0,0,0,1,0.064,0.5,0.1272851
0.750000,-40.000000,0.99,0,1,1,1,0,0,0,0,1,0.128,0.5,0.1361812
0.750000,-40.000000,0.99,0,1,1,1,0,0,0,0,1,0.256,0.5,0.1507958
0.750000,-40.000000,0.99,0,1,1,1,0,0,0,0,1,0.512,0.5,0.1742415
0.750000,-40.000000,0.99,0,1,1,1,0,0,0,0,1,1.024,0.5,0.2213603
0.750000,-40.000000,0.99,0,1,1,1,0,0,0,0,1,0.016,1, 0.1186931
0.750000,-40.000000,0.99,0,1,1,1,0,0,0,0,1,0.032,1,0.1221328
0.750000,-40.000000,0.99,0,1,1,1,0,0,0,0,1,0.064,1,0.1272834
0.750000,-40.000000,0.99,0,1,1,1,0,0,0,0,1,0.128,1,0.1361455
0.750000,-40.000000,0.99,0,1,1,1,0,0,0,0,1,0.256,1,0.1507201
0.750000,-40.000000,0.99,0,1,1,1,0,0,0,0,1,0.512,1,0.1740124
0.750000,-40.000000,0.99,0,1,1,1,0,0,0,0,1,1.024,1,0.2213063
0.750000,-40.000000,0.99,0,1,1,1,0,0,0,0,1,0.016,2, 0.1177304
0.750000,-40.000000,0.99,0,1,1,1,0,0,0,0,1,0.032,2,0.1213835
0.750000,-40.000000,0.99,0,1,1,1,0,0,0,0,1,0.064,2,0.1265944
0.750000,-40.000000,0.99,0,1,1,1,0,0,0,0,1,0.128,2,0.1355885
0.750000,-40.000000,0.99,0,1,1,1,0,0,0,0,1,0.256,2,0.1503326
0.750000,-40.000000,0.99,0,1,1,1,0,0,0,0,1,0.512,2,0.1748826
0.750000,-40.000000,0.99,0,1,1,1,0,0,0,0,1,1.024,2,0.2202468
0.750000,-40.000000,0.99,0,1,1,1,0,0,0,0,1,0.016,4, 0.1191899
0.750000,-40.000000,0.99,0,1,1,1,0,0,0,0,1,0.032,4,0.1224576
0.750000,-40.000000,0.99,0,1,1,1,0,0,0,0,1,0.064,4,0.1278019
0.750000,-40.000000,0.99,0,1,1,1,0,0,0,0,1,0.128,4,0.1357746
0.750000,-40.000000,0.99,0,1,1,1,0,0,0,0,1,0.256,4,0.1506765
0.750000,-40.000000,0.99,0,1,1,1,0,0,0,0,1,0.512,4,0.1742723
0.750000,-40.000000,0.99,0,1,1,1,0,0,0,0,1,1.024,4,0.2208360
0.750000,-40.000000,0.99,0,1,1,1,0,0,0,0,1,0.016,8, 0.1201668
0.750000,-40.000000,0.99,0,1,1,1,0,0,0,0,1,0.032,8,0.1236692
0.750000,-40.000000,0.99,0,1,1,1,0,0,0,0,1,0.064,8,0.1287246
0.750000,-40.000000,0.99,0,1,1,1,0,0,0,0,1,0.128,8,0.1375006
0.750000,-40.000000,0.99,0,1,1,1,0,0,0,0,1,0.256,8,0.1519560
0.750000,-40.000000,0.99,0,1,1,1,0,0,0,0,1,0.512,8,0.1764382
0.750000,-40.000000,0.99,0,1,1,1,0,0,0,0,1,1.024,8,0.2214187
